Molecule ChEMBL ID,Molecule Name,Molecule Max Phase,Molecular Weight,#RO5 Violations,AlogP,Compound Key,Smiles,Standard Type,Standard Relation,Standard Value,Standard Units,pChEMBL Value,Data Validity Comment,Comment,Uo Units,Ligand Efficiency BEI,Ligand Efficiency LE,Ligand Efficiency LLE,Ligand Efficiency SEI,Potential Duplicate,Assay ChEMBL ID,Assay Description,Assay Type,BAO Format ID,BAO Label,Assay Organism,Assay Tissue ChEMBL ID,Assay Tissue Name,Assay Cell Type,Assay Subcellular Fraction,Assay Parameters,Assay Variant Accession,Assay Variant Mutation,Target ChEMBL ID,Target Name,Target Organism,Target Type,Document ChEMBL ID,Source ID,Source Description,Document Journal,Document Year,Cell ChEMBL ID,Properties
CHEMBL3740168,,None,311.77,0,4.08,4,Cc1cc(COc2cccc(Cl)c2)nc(-c2ccccn2)n1,IC50,'=',398.11,nM,6.4,,,UO_0000065,,,,,0,CHEMBL3744105,Antagonist activity against human GPR40 expressed in HEK293s FLPIN cells assessed as elaidic acid stimulated IP1 release after 2 hrs by TR-FRET analysis,F,BAO_0000219,cell-based format,Homo sapiens,None,None,None,None,,,,CHEMBL4422,Free fatty acid receptor 1,Homo sapiens,SINGLE PROTEIN,CHEMBL3739339,1,Scientific Literature,Medchemcomm,2015,None,
CHEMBL3941880,,None,356.38,0,3.72,34,O=S1(=O)c2ccccc2CN1c1cc(F)cc(Oc2ccccn2)c1,IC50,'>',100000,nM,,,,UO_0000065,,,,,0,CHEMBL3860590,Antagonist activity against human FFA1 expressed in human Flp-In T-REx293 cells assessed as as reduction in TUG424-induced response by Fura2-AM dye based calcium mobilization assay,F,BAO_0000219,cell-based format,Homo sapiens,None,None,Flp-In T-REx293,None,,,,CHEMBL4422,Free fatty acid receptor 1,Homo sapiens,SINGLE PROTEIN,CHEMBL3860043,1,Scientific Literature,J Med Chem,2016,None,
CHEMBL3910333,,None,372.83,0,4.24,38,O=S1(=O)c2ccccc2CN1c1cc(Cl)cc(Oc2ccccn2)c1,IC50,'>',100000,nM,,,,UO_0000065,,,,,0,CHEMBL3860597,Antagonist activity against human FFA1 expressed in human Flp-In T-REx293 cells assessed as as reduction in TUG770-induced response by Fura2-AM dye based calcium mobilization assay,F,BAO_0000219,cell-based format,Homo sapiens,None,None,Flp-In T-REx293,None,,,,CHEMBL4422,Free fatty acid receptor 1,Homo sapiens,SINGLE PROTEIN,CHEMBL3860043,1,Scientific Literature,J Med Chem,2016,None,
CHEMBL1777862,,None,339.78,0,4.59,8,CC#CC(CC(=O)O)c1ccc(Oc2ccc(C#N)cc2Cl)cc1,IC50,'=',23,nM,7.64,,,UO_0000065,22.48,0.43,3.05,10.86,0,CHEMBL1780444,Inhibition of human GPR40 expressed in CHO cells by SPA based binding assay,B,BAO_0000219,cell-based format,Homo sapiens,None,None,CHO,None,,,,CHEMBL4422,Free fatty acid receptor 1,Homo sapiens,SINGLE PROTEIN,CHEMBL1777807,1,Scientific Literature,Bioorg Med Chem Lett,2011,CHEMBL3308072,
CHEMBL255074,,None,348.36,0,4.32,8,O=C(NCc1cccc(Oc2ccccc2)c1)c1ccc([N+](=O)[O-])cc1,IC50,'=',2800,nM,5.55,,,UO_0000065,,,,,0,CHEMBL943952,Antagonist activity at FFAR1 expressed in HEK-EM293 cells assessed as inhibition calcium influx by FLIPR assay,F,BAO_0000219,cell-based format,None,None,None,HEK293,None,,,,CHEMBL4422,Free fatty acid receptor 1,Homo sapiens,SINGLE PROTEIN,CHEMBL1140737,1,Scientific Literature,J Med Chem,2008,CHEMBL3307715,
CHEMBL3741358,,None,311.77,0,4.08,5,Cc1cc(COc2ccc(Cl)cc2)nc(-c2ccccn2)n1,IC50,'=',251.19,nM,6.6,,,UO_0000065,,,,,0,CHEMBL3744105,Antagonist activity against human GPR40 expressed in HEK293s FLPIN cells assessed as elaidic acid stimulated IP1 release after 2 hrs by TR-FRET analysis,F,BAO_0000219,cell-based format,Homo sapiens,None,None,None,None,,,,CHEMBL4422,Free fatty acid receptor 1,Homo sapiens,SINGLE PROTEIN,CHEMBL3739339,1,Scientific Literature,Medchemcomm,2015,None,
CHEMBL1777855,,None,432.32,1,5.82,19,CC#CC(CC(=O)O)c1ccc(Oc2ccc(C(F)(F)F)cc2OC(F)F)cc1F,IC50,'=',49,nM,7.31,,,UO_0000065,16.91,0.33,1.49,13.11,0,CHEMBL1780444,Inhibition of human GPR40 expressed in CHO cells by SPA based binding assay,B,BAO_0000219,cell-based format,Homo sapiens,None,None,CHO,None,,,,CHEMBL4422,Free fatty acid receptor 1,Homo sapiens,SINGLE PROTEIN,CHEMBL1777807,1,Scientific Literature,Bioorg Med Chem Lett,2011,CHEMBL3308072,
CHEMBL1777864,,None,355.39,1,5.09,10,CC#CC(CC(=O)O)c1ccc(Oc2ccc(C#N)c3ccccc23)cc1,IC50,'=',13,nM,7.89,,,UO_0000065,22.19,0.4,2.8,11.21,0,CHEMBL1780444,Inhibition of human GPR40 expressed in CHO cells by SPA based binding assay,B,BAO_0000219,cell-based format,Homo sapiens,None,None,CHO,None,,,,CHEMBL4422,Free fatty acid receptor 1,Homo sapiens,SINGLE PROTEIN,CHEMBL1777807,1,Scientific Literature,Bioorg Med Chem Lett,2011,CHEMBL3308072,
CHEMBL3950610,,None,394.43,0,4.39,32,N#CCc1cccc(Oc2cc(F)cc(N3Cc4ccccc4S3(=O)=O)c2)c1,IC50,'=',19952.62,nM,4.7,,,UO_0000065,,,,,0,CHEMBL3860590,Antagonist activity against human FFA1 expressed in human Flp-In T-REx293 cells assessed as as reduction in TUG424-induced response by Fura2-AM dye based calcium mobilization assay,F,BAO_0000219,cell-based format,Homo sapiens,None,None,Flp-In T-REx293,None,,,,CHEMBL4422,Free fatty acid receptor 1,Homo sapiens,SINGLE PROTEIN,CHEMBL3860043,1,Scientific Literature,J Med Chem,2016,None,
CHEMBL1777869,,None,331.37,0,4.61,15,CC#CC(CC(=O)O)c1ccc(Oc2nccc3ccccc23)cc1,IC50,'=',342,nM,6.47,,,UO_0000065,19.51,0.35,1.86,10.88,0,CHEMBL1780444,Inhibition of human GPR40 expressed in CHO cells by SPA based binding assay,B,BAO_0000219,cell-based format,Homo sapiens,None,None,CHO,None,,,,CHEMBL4422,Free fatty acid receptor 1,Homo sapiens,SINGLE PROTEIN,CHEMBL1777807,1,Scientific Literature,Bioorg Med Chem Lett,2011,CHEMBL3308072,
CHEMBL3908362,,None,356.38,0,3.72,7,O=S1(=O)c2ccccc2CN1c1cc(F)cc(Oc2cccnc2)c1,IC50,'>',100000,nM,,,,UO_0000065,,,,,0,CHEMBL3860590,Antagonist activity against human FFA1 expressed in human Flp-In T-REx293 cells assessed as as reduction in TUG424-induced response by Fura2-AM dye based calcium mobilization assay,F,BAO_0000219,cell-based format,Homo sapiens,None,None,Flp-In T-REx293,None,,,,CHEMBL4422,Free fatty acid receptor 1,Homo sapiens,SINGLE PROTEIN,CHEMBL3860043,1,Scientific Literature,J Med Chem,2016,None,
CHEMBL3958418,,None,369.42,0,4.11,9,O=S1(=O)c2ccccc2CN1c1cc(F)cc(OCc2ccccc2)c1,IC50,'=',2454.71,nM,5.61,,,UO_0000065,,,,,0,CHEMBL3860590,Antagonist activity against human FFA1 expressed in human Flp-In T-REx293 cells assessed as as reduction in TUG424-induced response by Fura2-AM dye based calcium mobilization assay,F,BAO_0000219,cell-based format,Homo sapiens,None,None,Flp-In T-REx293,None,,,,CHEMBL4422,Free fatty acid receptor 1,Homo sapiens,SINGLE PROTEIN,CHEMBL3860043,1,Scientific Literature,J Med Chem,2016,None,
CHEMBL1777866,,None,383.75,1,5.13,12,CC#CC(CC(=O)O)c1ccc(Oc2ncc(C(F)(F)F)cc2Cl)cc1,IC50,'=',30,nM,7.52,,,UO_0000065,19.6,0.4,2.39,12.66,0,CHEMBL1780444,Inhibition of human GPR40 expressed in CHO cells by SPA based binding assay,B,BAO_0000219,cell-based format,Homo sapiens,None,None,CHO,None,,,,CHEMBL4422,Free fatty acid receptor 1,Homo sapiens,SINGLE PROTEIN,CHEMBL1777807,1,Scientific Literature,Bioorg Med Chem Lett,2011,CHEMBL3308072,
CHEMBL3739522,,None,442.4,0,3.84,45,N#CCC1(COc2cc(COc3ccc(F)c(F)c3F)nc(-c3ccccn3)n2)COC1,IC50,'=',398.11,nM,6.4,,,UO_0000065,,,,,0,CHEMBL3744105,Antagonist activity against human GPR40 expressed in HEK293s FLPIN cells assessed as elaidic acid stimulated IP1 release after 2 hrs by TR-FRET analysis,F,BAO_0000219,cell-based format,Homo sapiens,None,None,None,None,,,,CHEMBL4422,Free fatty acid receptor 1,Homo sapiens,SINGLE PROTEIN,CHEMBL3739339,1,Scientific Literature,Medchemcomm,2015,None,
CHEMBL3894632,,None,343.38,0,4.42,16,O=S(=O)(Nc1ccc(Oc2ccccc2)cc1)c1ccc(F)cc1,IC50,'=',12882.5,nM,4.89,,,UO_0000065,,,,,0,CHEMBL3860590,Antagonist activity against human FFA1 expressed in human Flp-In T-REx293 cells assessed as as reduction in TUG424-induced response by Fura2-AM dye based calcium mobilization assay,F,BAO_0000219,cell-based format,Homo sapiens,None,None,Flp-In T-REx293,None,,,,CHEMBL4422,Free fatty acid receptor 1,Homo sapiens,SINGLE PROTEIN,CHEMBL3860043,1,Scientific Literature,J Med Chem,2016,None,
CHEMBL1777860,,None,362.35,1,5.39,6,CC#CC(CC(=O)O)c1ccc(Oc2ccc(C(F)(F)F)cc2C)cc1,IC50,'=',40,nM,7.4,,,UO_0000065,20.42,0.39,2.01,15.9,0,CHEMBL1780444,Inhibition of human GPR40 expressed in CHO cells by SPA based binding assay,B,BAO_0000219,cell-based format,Homo sapiens,None,None,CHO,None,,,,CHEMBL4422,Free fatty acid receptor 1,Homo sapiens,SINGLE PROTEIN,CHEMBL1777807,1,Scientific Literature,Bioorg Med Chem Lett,2011,CHEMBL3308072,
CHEMBL484771,,None,421.54,1,5.42,1,CCCN1C(=O)c2ccccc2[C@@H](C(=O)O)[C@@H]1c1ccc(O[C@H]2CC[C@@H](C)CC2)cc1,IC50,'=',10,nM,8,,,UO_0000065,,,,,0,CHEMBL994680,Antagonist activity at human GPR40 expressed HEK293 cells assessed as effect on intracellular calcium concentration by FLIPR assay,F,BAO_0000219,cell-based format,Homo sapiens,None,None,HEK293,None,,,,CHEMBL4422,Free fatty acid receptor 1,Homo sapiens,SINGLE PROTEIN,CHEMBL1138453,1,Scientific Literature,Bioorg Med Chem Lett,2009,CHEMBL3307715,
CHEMBL485006,,None,429.52,1,5.87,9a,CCCN1C(=O)c2ccccc2[C@@H](C(=O)O)[C@@H]1c1ccc(Oc2cc(C)cc(C)c2)cc1,IC50,'=',2,nM,8.7,,,UO_0000065,,,,,0,CHEMBL994680,Antagonist activity at human GPR40 expressed HEK293 cells assessed as effect on intracellular calcium concentration by FLIPR assay,F,BAO_0000219,cell-based format,Homo sapiens,None,None,HEK293,None,,,,CHEMBL4422,Free fatty acid receptor 1,Homo sapiens,SINGLE PROTEIN,CHEMBL1138453,1,Scientific Literature,Bioorg Med Chem Lett,2009,CHEMBL3307715,
CHEMBL1777868,,None,307.31,0,2.72,14,CC#CC(CC(=O)O)c1ccc(Oc2nccnc2C#N)cc1,IC50,'=',2487,nM,5.6,,,UO_0000065,18.24,0.33,2.88,5.83,0,CHEMBL1780444,Inhibition of human GPR40 expressed in CHO cells by SPA based binding assay,B,BAO_0000219,cell-based format,Homo sapiens,None,None,CHO,None,,,,CHEMBL4422,Free fatty acid receptor 1,Homo sapiens,SINGLE PROTEIN,CHEMBL1777807,1,Scientific Literature,Bioorg Med Chem Lett,2011,CHEMBL3308072,
CHEMBL3904654,,None,337.4,0,4.19,23,O=S1(=O)c2ccccc2CN1c1cccc(Oc2ccccc2)c1,IC50,'=',173.78,nM,6.76,,,UO_0000065,,,,,0,CHEMBL3860590,Antagonist activity against human FFA1 expressed in human Flp-In T-REx293 cells assessed as as reduction in TUG424-induced response by Fura2-AM dye based calcium mobilization assay,F,BAO_0000219,cell-based format,Homo sapiens,None,None,Flp-In T-REx293,None,,,,CHEMBL4422,Free fatty acid receptor 1,Homo sapiens,SINGLE PROTEIN,CHEMBL3860043,1,Scientific Literature,J Med Chem,2016,None,
CHEMBL3969073,,None,369.42,0,4.64,26,Cc1ccccc1Oc1cc(F)cc(N2Cc3ccccc3S2(=O)=O)c1,IC50,'=',44668.36,nM,4.35,,,UO_0000065,,,,,0,CHEMBL3860590,Antagonist activity against human FFA1 expressed in human Flp-In T-REx293 cells assessed as as reduction in TUG424-induced response by Fura2-AM dye based calcium mobilization assay,F,BAO_0000219,cell-based format,Homo sapiens,None,None,Flp-In T-REx293,None,,,,CHEMBL4422,Free fatty acid receptor 1,Homo sapiens,SINGLE PROTEIN,CHEMBL3860043,1,Scientific Literature,J Med Chem,2016,None,
CHEMBL3979588,,None,380.4,0,4.2,31,N#Cc1ccc(Oc2cc(F)cc(N3Cc4ccccc4S3(=O)=O)c2)cc1,IC50,'=',616.6,nM,6.21,,,UO_0000065,,,,,0,CHEMBL3860590,Antagonist activity against human FFA1 expressed in human Flp-In T-REx293 cells assessed as as reduction in TUG424-induced response by Fura2-AM dye based calcium mobilization assay,F,BAO_0000219,cell-based format,Homo sapiens,None,None,Flp-In T-REx293,None,,,,CHEMBL4422,Free fatty acid receptor 1,Homo sapiens,SINGLE PROTEIN,CHEMBL3860043,1,Scientific Literature,J Med Chem,2016,None,
CHEMBL1777877,,None,455.33,0,4.84,24,CC#C[C@H](c1ccc(Oc2ccc(C(F)(F)F)cc2OC(F)F)cc1)[C@H]1OC(=O)NC1=O,IC50,'=',2414,nM,5.62,,,UO_0000065,12.34,0.24,0.78,7.61,0,CHEMBL1780444,Inhibition of human GPR40 expressed in CHO cells by SPA based binding assay,B,BAO_0000219,cell-based format,Homo sapiens,None,None,CHO,None,,,,CHEMBL4422,Free fatty acid receptor 1,Homo sapiens,SINGLE PROTEIN,CHEMBL1777807,1,Scientific Literature,Bioorg Med Chem Lett,2011,CHEMBL3308072,
CHEMBL3740298,,None,295.32,0,3.57,18,Cc1cc(COc2ccccc2F)nc(-c2ccccn2)n1,IC50,'=',398.11,nM,6.4,,,UO_0000065,,,,,0,CHEMBL3744105,Antagonist activity against human GPR40 expressed in HEK293s FLPIN cells assessed as elaidic acid stimulated IP1 release after 2 hrs by TR-FRET analysis,F,BAO_0000219,cell-based format,Homo sapiens,None,None,None,None,,,,CHEMBL4422,Free fatty acid receptor 1,Homo sapiens,SINGLE PROTEIN,CHEMBL3739339,1,Scientific Literature,Medchemcomm,2015,None,
CHEMBL1777870,,None,320.39,0,4.33,"16, mixture of diastereomers",CC#CC(CC(=O)O)c1ccc(O[C@@H]2CCc3ccccc32)cc1,IC50,'=',42,nM,7.38,,,UO_0000065,23.02,0.42,3.05,15.85,0,CHEMBL1780444,Inhibition of human GPR40 expressed in CHO cells by SPA based binding assay,B,BAO_0000219,cell-based format,Homo sapiens,None,None,CHO,None,,,,CHEMBL4422,Free fatty acid receptor 1,Homo sapiens,SINGLE PROTEIN,CHEMBL1777807,1,Scientific Literature,Bioorg Med Chem Lett,2011,CHEMBL3308072,
CHEMBL519358,,None,470.45,1,5.67,10a,CCCN1C(=O)c2ccccc2[C@@H](C(=O)O)[C@@H]1c1ccc(Oc2ccc(C(F)(F)F)cn2)cc1,IC50,'=',29,nM,7.54,,,UO_0000065,,,,,0,CHEMBL994680,Antagonist activity at human GPR40 expressed HEK293 cells assessed as effect on intracellular calcium concentration by FLIPR assay,F,BAO_0000219,cell-based format,Homo sapiens,None,None,HEK293,None,,,,CHEMBL4422,Free fatty acid receptor 1,Homo sapiens,SINGLE PROTEIN,CHEMBL1138453,1,Scientific Literature,Bioorg Med Chem Lett,2009,CHEMBL3307715,
CHEMBL3758511,,None,415.51,0,4.24,B,CCOC(=O)CCCCCOc1ccc2cc(CC3SC(=O)NC3=O)ccc2c1,IC50,'=',6300,nM,5.2,,,UO_0000065,12.52,0.24,0.96,6.37,0,CHEMBL3760348,Modulation of FFAR1 (unknown origin),B,BAO_0000357,single protein format,Homo sapiens,None,None,None,None,,,,CHEMBL4422,Free fatty acid receptor 1,Homo sapiens,SINGLE PROTEIN,CHEMBL3758151,1,Scientific Literature,Eur J Med Chem,2016,None,
CHEMBL3913640,,None,339.42,0,4.59,19,Cc1ccc(S(=O)(=O)Nc2ccc(Oc3ccccc3)cc2)cc1,IC50,'=',10000,nM,5,,,UO_0000065,,,,,0,CHEMBL3860590,Antagonist activity against human FFA1 expressed in human Flp-In T-REx293 cells assessed as as reduction in TUG424-induced response by Fura2-AM dye based calcium mobilization assay,F,BAO_0000219,cell-based format,Homo sapiens,None,None,Flp-In T-REx293,None,,,,CHEMBL4422,Free fatty acid receptor 1,Homo sapiens,SINGLE PROTEIN,CHEMBL3860043,1,Scientific Literature,J Med Chem,2016,None,
CHEMBL485328,,None,377.44,0,4.84,15i,CC[C@H](C)CN1C(=O)c2ccccc2[C@@H](C(=O)O)[C@@H]1c1cc2ccccc2o1,IC50,'=',20,nM,7.7,,,UO_0000065,,,,,0,CHEMBL994680,Antagonist activity at human GPR40 expressed HEK293 cells assessed as effect on intracellular calcium concentration by FLIPR assay,F,BAO_0000219,cell-based format,Homo sapiens,None,None,HEK293,None,,,,CHEMBL4422,Free fatty acid receptor 1,Homo sapiens,SINGLE PROTEIN,CHEMBL1138453,1,Scientific Literature,Bioorg Med Chem Lett,2009,CHEMBL3307715,
CHEMBL3932897,,None,369.42,0,4.64,28,Cc1ccc(Oc2cc(F)cc(N3Cc4ccccc4S3(=O)=O)c2)cc1,IC50,'=',2884.03,nM,5.54,,,UO_0000065,,,,,0,CHEMBL3860590,Antagonist activity against human FFA1 expressed in human Flp-In T-REx293 cells assessed as as reduction in TUG424-induced response by Fura2-AM dye based calcium mobilization assay,F,BAO_0000219,cell-based format,Homo sapiens,None,None,Flp-In T-REx293,None,,,,CHEMBL4422,Free fatty acid receptor 1,Homo sapiens,SINGLE PROTEIN,CHEMBL3860043,1,Scientific Literature,J Med Chem,2016,None,
CHEMBL3741974,,None,325.34,0,3.66,31,CCOc1cc(COc2cccc(F)c2)nc(-c2ccccn2)n1,IC50,'=',251.19,nM,6.6,,,UO_0000065,,,,,0,CHEMBL3744105,Antagonist activity against human GPR40 expressed in HEK293s FLPIN cells assessed as elaidic acid stimulated IP1 release after 2 hrs by TR-FRET analysis,F,BAO_0000219,cell-based format,Homo sapiens,None,None,None,None,,,,CHEMBL4422,Free fatty acid receptor 1,Homo sapiens,SINGLE PROTEIN,CHEMBL3739339,1,Scientific Literature,Medchemcomm,2015,None,
CHEMBL3740906,,None,331.3,0,3.84,27,Cc1cc(COc2cc(F)c(F)cc2F)nc(-c2ccccn2)n1,IC50,'=',398.11,nM,6.4,,,UO_0000065,,,,,0,CHEMBL3744105,Antagonist activity against human GPR40 expressed in HEK293s FLPIN cells assessed as elaidic acid stimulated IP1 release after 2 hrs by TR-FRET analysis,F,BAO_0000219,cell-based format,Homo sapiens,None,None,None,None,,,,CHEMBL4422,Free fatty acid receptor 1,Homo sapiens,SINGLE PROTEIN,CHEMBL3739339,1,Scientific Literature,Medchemcomm,2015,None,
CHEMBL3741704,,None,302.34,0,3.3,11,Cc1cc(COc2ccc(C#N)cc2)nc(-c2ccccn2)n1,IC50,'=',31622.78,nM,4.5,,,UO_0000065,,,,,0,CHEMBL3744105,Antagonist activity against human GPR40 expressed in HEK293s FLPIN cells assessed as elaidic acid stimulated IP1 release after 2 hrs by TR-FRET analysis,F,BAO_0000219,cell-based format,Homo sapiens,None,None,None,None,,,,CHEMBL4422,Free fatty acid receptor 1,Homo sapiens,SINGLE PROTEIN,CHEMBL3739339,1,Scientific Literature,Medchemcomm,2015,None,
CHEMBL3739495,,None,334.38,0,3.38,12,CC(=O)Nc1ccccc1OCc1cc(C)nc(-c2ccccn2)n1,IC50,'>',39810.72,nM,,,,UO_0000065,,,,,0,CHEMBL3744105,Antagonist activity against human GPR40 expressed in HEK293s FLPIN cells assessed as elaidic acid stimulated IP1 release after 2 hrs by TR-FRET analysis,F,BAO_0000219,cell-based format,Homo sapiens,None,None,None,None,,,,CHEMBL4422,Free fatty acid receptor 1,Homo sapiens,SINGLE PROTEIN,CHEMBL3739339,1,Scientific Literature,Medchemcomm,2015,None,
CHEMBL3971461,,None,356.38,0,3.72,33,O=S1(=O)c2ccccc2CN1c1cc(F)cc(Oc2ccncc2)c1,IC50,'>',100000,nM,,,,UO_0000065,,,,,0,CHEMBL3860590,Antagonist activity against human FFA1 expressed in human Flp-In T-REx293 cells assessed as as reduction in TUG424-induced response by Fura2-AM dye based calcium mobilization assay,F,BAO_0000219,cell-based format,Homo sapiens,None,None,Flp-In T-REx293,None,,,,CHEMBL4422,Free fatty acid receptor 1,Homo sapiens,SINGLE PROTEIN,CHEMBL3860043,1,Scientific Literature,J Med Chem,2016,None,
CHEMBL3740072,,None,401.39,0,4.71,41,Fc1ccc(OCc2cc(OCC3CCC3)nc(-c3ccccn3)n2)c(F)c1F,IC50,'=',12.59,nM,7.9,,,UO_0000065,,,,,0,CHEMBL3744105,Antagonist activity against human GPR40 expressed in HEK293s FLPIN cells assessed as elaidic acid stimulated IP1 release after 2 hrs by TR-FRET analysis,F,BAO_0000219,cell-based format,Homo sapiens,None,None,None,None,,,,CHEMBL4422,Free fatty acid receptor 1,Homo sapiens,SINGLE PROTEIN,CHEMBL3739339,1,Scientific Literature,Medchemcomm,2015,None,
CHEMBL485146,,None,339.39,0,3.47,8a,CCCN1C(=O)c2ccccc2[C@@H](C(=O)O)[C@@H]1c1ccc(OC)cc1,IC50,'=',2100,nM,5.68,,,UO_0000065,,,,,0,CHEMBL994680,Antagonist activity at human GPR40 expressed HEK293 cells assessed as effect on intracellular calcium concentration by FLIPR assay,F,BAO_0000219,cell-based format,Homo sapiens,None,None,HEK293,None,,,,CHEMBL4422,Free fatty acid receptor 1,Homo sapiens,SINGLE PROTEIN,CHEMBL1138453,1,Scientific Literature,Bioorg Med Chem Lett,2009,CHEMBL3307715,
CHEMBL3740835,,None,307.35,0,3.43,7,COc1cccc(OCc2cc(C)nc(-c3ccccn3)n2)c1,IC50,'=',1995.26,nM,5.7,,,UO_0000065,,,,,0,CHEMBL3744105,Antagonist activity against human GPR40 expressed in HEK293s FLPIN cells assessed as elaidic acid stimulated IP1 release after 2 hrs by TR-FRET analysis,F,BAO_0000219,cell-based format,Homo sapiens,None,None,None,None,,,,CHEMBL4422,Free fatty acid receptor 1,Homo sapiens,SINGLE PROTEIN,CHEMBL3739339,1,Scientific Literature,Medchemcomm,2015,None,
CHEMBL3739500,,None,307.35,0,3.43,8,COc1ccc(OCc2cc(C)nc(-c3ccccn3)n2)cc1,IC50,'=',7943.28,nM,5.1,,,UO_0000065,,,,,0,CHEMBL3744105,Antagonist activity against human GPR40 expressed in HEK293s FLPIN cells assessed as elaidic acid stimulated IP1 release after 2 hrs by TR-FRET analysis,F,BAO_0000219,cell-based format,Homo sapiens,None,None,None,None,,,,CHEMBL4422,Free fatty acid receptor 1,Homo sapiens,SINGLE PROTEIN,CHEMBL3739339,1,Scientific Literature,Medchemcomm,2015,None,
CHEMBL3741571,,None,355.42,0,2.83,15,Cc1cc(COc2ccccc2S(C)(=O)=O)nc(-c2ccccn2)n1,IC50,'>',39810.72,nM,,,,UO_0000065,,,,,0,CHEMBL3744105,Antagonist activity against human GPR40 expressed in HEK293s FLPIN cells assessed as elaidic acid stimulated IP1 release after 2 hrs by TR-FRET analysis,F,BAO_0000219,cell-based format,Homo sapiens,None,None,None,None,,,,CHEMBL4422,Free fatty acid receptor 1,Homo sapiens,SINGLE PROTEIN,CHEMBL3739339,1,Scientific Literature,Medchemcomm,2015,None,
CHEMBL3739712,,None,331.3,0,3.84,24,Cc1cc(COc2ccc(F)c(F)c2F)nc(-c2ccccn2)n1,IC50,'=',251.19,nM,6.6,,,UO_0000065,,,,,0,CHEMBL3744105,Antagonist activity against human GPR40 expressed in HEK293s FLPIN cells assessed as elaidic acid stimulated IP1 release after 2 hrs by TR-FRET analysis,F,BAO_0000219,cell-based format,Homo sapiens,None,None,None,None,,,,CHEMBL4422,Free fatty acid receptor 1,Homo sapiens,SINGLE PROTEIN,CHEMBL3739339,1,Scientific Literature,Medchemcomm,2015,None,
CHEMBL3741109,,None,313.31,0,3.7,22,Cc1cc(COc2ccc(F)cc2F)nc(-c2ccccn2)n1,IC50,'=',398.11,nM,6.4,,,UO_0000065,,,,,0,CHEMBL3744105,Antagonist activity against human GPR40 expressed in HEK293s FLPIN cells assessed as elaidic acid stimulated IP1 release after 2 hrs by TR-FRET analysis,F,BAO_0000219,cell-based format,Homo sapiens,None,None,None,None,,,,CHEMBL4422,Free fatty acid receptor 1,Homo sapiens,SINGLE PROTEIN,CHEMBL3739339,1,Scientific Literature,Medchemcomm,2015,None,
CHEMBL3742135,,None,400.4,0,4.38,35,CC1(C)CN(c2cc(COc3ccc(F)c(F)c3F)nc(-c3ccccn3)n2)C1,IC50,'=',25.12,nM,7.6,,,UO_0000065,,,,,0,CHEMBL3744105,Antagonist activity against human GPR40 expressed in HEK293s FLPIN cells assessed as elaidic acid stimulated IP1 release after 2 hrs by TR-FRET analysis,F,BAO_0000219,cell-based format,Homo sapiens,None,None,None,None,,,,CHEMBL4422,Free fatty acid receptor 1,Homo sapiens,SINGLE PROTEIN,CHEMBL3739339,1,Scientific Literature,Medchemcomm,2015,None,
CHEMBL3739442,,None,311.32,0,3.27,30,COc1cc(COc2cccc(F)c2)nc(-c2ccccn2)n1,IC50,'=',1258.93,nM,5.9,,,UO_0000065,,,,,0,CHEMBL3744105,Antagonist activity against human GPR40 expressed in HEK293s FLPIN cells assessed as elaidic acid stimulated IP1 release after 2 hrs by TR-FRET analysis,F,BAO_0000219,cell-based format,Homo sapiens,None,None,None,None,,,,CHEMBL4422,Free fatty acid receptor 1,Homo sapiens,SINGLE PROTEIN,CHEMBL3739339,1,Scientific Literature,Medchemcomm,2015,None,
CHEMBL3739473,,None,334.38,0,3.38,14,CC(=O)Nc1ccc(OCc2cc(C)nc(-c3ccccn3)n2)cc1,IC50,'>',39810.72,nM,,,,UO_0000065,,,,,0,CHEMBL3744105,Antagonist activity against human GPR40 expressed in HEK293s FLPIN cells assessed as elaidic acid stimulated IP1 release after 2 hrs by TR-FRET analysis,F,BAO_0000219,cell-based format,Homo sapiens,None,None,None,None,,,,CHEMBL4422,Free fatty acid receptor 1,Homo sapiens,SINGLE PROTEIN,CHEMBL3739339,1,Scientific Literature,Medchemcomm,2015,None,
CHEMBL3741858,,None,324.36,0,3.69,33,CCNc1cc(COc2cccc(F)c2)nc(-c2ccccn2)n1,IC50,'=',630.96,nM,6.2,,,UO_0000065,,,,,0,CHEMBL3744105,Antagonist activity against human GPR40 expressed in HEK293s FLPIN cells assessed as elaidic acid stimulated IP1 release after 2 hrs by TR-FRET analysis,F,BAO_0000219,cell-based format,Homo sapiens,None,None,None,None,,,,CHEMBL4422,Free fatty acid receptor 1,Homo sapiens,SINGLE PROTEIN,CHEMBL3739339,1,Scientific Literature,Medchemcomm,2015,None,
CHEMBL3741735,,None,421.35,0,3.65,46,Fc1ccc(OCc2cc(OCC3(F)COC3)nc(-c3ccccn3)n2)c(F)c1F,IC50,'=',63.1,nM,7.2,,,UO_0000065,,,,,0,CHEMBL3744105,Antagonist activity against human GPR40 expressed in HEK293s FLPIN cells assessed as elaidic acid stimulated IP1 release after 2 hrs by TR-FRET analysis,F,BAO_0000219,cell-based format,Homo sapiens,None,None,None,None,,,,CHEMBL4422,Free fatty acid receptor 1,Homo sapiens,SINGLE PROTEIN,CHEMBL3739339,1,Scientific Literature,Medchemcomm,2015,None,
CHEMBL3740598,,None,417.39,0,3.95,43,CC1(COc2cc(COc3ccc(F)c(F)c3F)nc(-c3ccccn3)n2)COC1,IC50,'=',79.43,nM,7.1,,,UO_0000065,,,,,0,CHEMBL3744105,Antagonist activity against human GPR40 expressed in HEK293s FLPIN cells assessed as elaidic acid stimulated IP1 release after 2 hrs by TR-FRET analysis,F,BAO_0000219,cell-based format,Homo sapiens,None,None,None,None,,,,CHEMBL4422,Free fatty acid receptor 1,Homo sapiens,SINGLE PROTEIN,CHEMBL3739339,1,Scientific Literature,Medchemcomm,2015,None,
CHEMBL1777878,,None,455.33,0,4.84,25,CC#C[C@@H](c1ccc(Oc2ccc(C(F)(F)F)cc2OC(F)F)cc1)[C@H]1OC(=O)NC1=O,IC50,'=',151,nM,6.82,,,UO_0000065,14.98,0.29,1.98,9.24,0,CHEMBL1780444,Inhibition of human GPR40 expressed in CHO cells by SPA based binding assay,B,BAO_0000219,cell-based format,Homo sapiens,None,None,CHO,None,,,,CHEMBL4422,Free fatty acid receptor 1,Homo sapiens,SINGLE PROTEIN,CHEMBL1777807,1,Scientific Literature,Bioorg Med Chem Lett,2011,CHEMBL3308072,
CHEMBL485131,,None,408.52,1,5.1,15h,CCC(CC)CN1C(=O)c2ccccc2[C@@H](C(=O)O)[C@@H]1c1nc2ccccc2s1,IC50,'=',10,nM,8,,,UO_0000065,,,,,0,CHEMBL994680,Antagonist activity at human GPR40 expressed HEK293 cells assessed as effect on intracellular calcium concentration by FLIPR assay,F,BAO_0000219,cell-based format,Homo sapiens,None,None,HEK293,None,,,,CHEMBL4422,Free fatty acid receptor 1,Homo sapiens,SINGLE PROTEIN,CHEMBL1138453,1,Scientific Literature,Bioorg Med Chem Lett,2009,CHEMBL3307715,
CHEMBL3951664,,None,380.4,0,4.2,29,N#Cc1ccccc1Oc1cc(F)cc(N2Cc3ccccc3S2(=O)=O)c1,IC50,'>',100000,nM,,,,UO_0000065,,,,,0,CHEMBL3860590,Antagonist activity against human FFA1 expressed in human Flp-In T-REx293 cells assessed as as reduction in TUG424-induced response by Fura2-AM dye based calcium mobilization assay,F,BAO_0000219,cell-based format,Homo sapiens,None,None,Flp-In T-REx293,None,,,,CHEMBL4422,Free fatty acid receptor 1,Homo sapiens,SINGLE PROTEIN,CHEMBL3860043,1,Scientific Literature,J Med Chem,2016,None,
CHEMBL3741582,,None,433.39,0,3.33,44,COC1(COc2cc(COc3ccc(F)c(F)c3F)nc(-c3ccccn3)n2)COC1,IC50,'=',501.19,nM,6.3,,,UO_0000065,,,,,0,CHEMBL3744105,Antagonist activity against human GPR40 expressed in HEK293s FLPIN cells assessed as elaidic acid stimulated IP1 release after 2 hrs by TR-FRET analysis,F,BAO_0000219,cell-based format,Homo sapiens,None,None,None,None,,,,CHEMBL4422,Free fatty acid receptor 1,Homo sapiens,SINGLE PROTEIN,CHEMBL3739339,1,Scientific Literature,Medchemcomm,2015,None,
CHEMBL3741353,,None,478.5,0,3.41,38,CC1(CS(C)(=O)=O)CN(c2cc(COc3ccc(F)c(F)c3F)nc(-c3ccccn3)n2)C1,IC50,'=',6309.57,nM,5.2,,,UO_0000065,,,,,0,CHEMBL3744105,Antagonist activity against human GPR40 expressed in HEK293s FLPIN cells assessed as elaidic acid stimulated IP1 release after 2 hrs by TR-FRET analysis,F,BAO_0000219,cell-based format,Homo sapiens,None,None,None,None,,,,CHEMBL4422,Free fatty acid receptor 1,Homo sapiens,SINGLE PROTEIN,CHEMBL3739339,1,Scientific Literature,Medchemcomm,2015,None,
CHEMBL3741420,,None,355.42,0,2.83,16,Cc1cc(COc2cccc(S(C)(=O)=O)c2)nc(-c2ccccn2)n1,IC50,'>',39810.72,nM,,,,UO_0000065,,,,,0,CHEMBL3744105,Antagonist activity against human GPR40 expressed in HEK293s FLPIN cells assessed as elaidic acid stimulated IP1 release after 2 hrs by TR-FRET analysis,F,BAO_0000219,cell-based format,Homo sapiens,None,None,None,None,,,,CHEMBL4422,Free fatty acid receptor 1,Homo sapiens,SINGLE PROTEIN,CHEMBL3739339,1,Scientific Literature,Medchemcomm,2015,None,
CHEMBL1777875,,None,394.78,1,5.52,21,CC#C[C@]1(c2ccc(Oc3ccc(C(F)(F)F)cc3Cl)cc2)C[C@H]1C(=O)O,IC50,'=',10000,nM,5,,,UO_0000065,12.67,0.25,-0.52,10.75,0,CHEMBL1780444,Inhibition of human GPR40 expressed in CHO cells by SPA based binding assay,B,BAO_0000219,cell-based format,Homo sapiens,None,None,CHO,None,,,,CHEMBL4422,Free fatty acid receptor 1,Homo sapiens,SINGLE PROTEIN,CHEMBL1777807,1,Scientific Literature,Bioorg Med Chem Lett,2011,CHEMBL3308072,
CHEMBL3945213,,None,355.39,0,4.33,8,O=S1(=O)c2ccccc2CN1c1cc(F)cc(Oc2ccccc2)c1,IC50,'=',3890.45,nM,5.41,,,UO_0000065,,,,,0,CHEMBL3860590,Antagonist activity against human FFA1 expressed in human Flp-In T-REx293 cells assessed as as reduction in TUG424-induced response by Fura2-AM dye based calcium mobilization assay,F,BAO_0000219,cell-based format,Homo sapiens,None,None,Flp-In T-REx293,None,,,,CHEMBL4422,Free fatty acid receptor 1,Homo sapiens,SINGLE PROTEIN,CHEMBL3860043,1,Scientific Literature,J Med Chem,2016,None,
CHEMBL3899190,,None,338.39,0,3.58,36,O=S1(=O)c2ccccc2CN1c1cccc(Oc2ccccn2)c1,IC50,'>',100000,nM,,,,UO_0000065,,,,,0,CHEMBL3860590,Antagonist activity against human FFA1 expressed in human Flp-In T-REx293 cells assessed as as reduction in TUG424-induced response by Fura2-AM dye based calcium mobilization assay,F,BAO_0000219,cell-based format,Homo sapiens,None,None,Flp-In T-REx293,None,,,,CHEMBL4422,Free fatty acid receptor 1,Homo sapiens,SINGLE PROTEIN,CHEMBL3860043,1,Scientific Literature,J Med Chem,2016,None,
CHEMBL3740222,,None,302.34,0,3.3,9,Cc1cc(COc2ccccc2C#N)nc(-c2ccccn2)n1,IC50,'=',10000,nM,5,,,UO_0000065,,,,,0,CHEMBL3744105,Antagonist activity against human GPR40 expressed in HEK293s FLPIN cells assessed as elaidic acid stimulated IP1 release after 2 hrs by TR-FRET analysis,F,BAO_0000219,cell-based format,Homo sapiens,None,None,None,None,,,,CHEMBL4422,Free fatty acid receptor 1,Homo sapiens,SINGLE PROTEIN,CHEMBL3739339,1,Scientific Literature,Medchemcomm,2015,None,
CHEMBL3740984,,None,302.34,0,3.3,10,Cc1cc(COc2cccc(C#N)c2)nc(-c2ccccn2)n1,IC50,'=',2511.89,nM,5.6,,,UO_0000065,,,,,0,CHEMBL3744105,Antagonist activity against human GPR40 expressed in HEK293s FLPIN cells assessed as elaidic acid stimulated IP1 release after 2 hrs by TR-FRET analysis,F,BAO_0000219,cell-based format,Homo sapiens,None,None,None,None,,,,CHEMBL4422,Free fatty acid receptor 1,Homo sapiens,SINGLE PROTEIN,CHEMBL3739339,1,Scientific Literature,Medchemcomm,2015,None,
CHEMBL3740758,,None,307.35,0,3.43,6,COc1ccccc1OCc1cc(C)nc(-c2ccccn2)n1,IC50,'=',1995.26,nM,5.7,,,UO_0000065,,,,,0,CHEMBL3744105,Antagonist activity against human GPR40 expressed in HEK293s FLPIN cells assessed as elaidic acid stimulated IP1 release after 2 hrs by TR-FRET analysis,F,BAO_0000219,cell-based format,Homo sapiens,None,None,None,None,,,,CHEMBL4422,Free fatty acid receptor 1,Homo sapiens,SINGLE PROTEIN,CHEMBL3739339,1,Scientific Literature,Medchemcomm,2015,None,
CHEMBL3740555,,None,277.33,0,3.43,2,Cc1cc(COc2ccccc2)nc(-c2ccccn2)n1,IC50,'=',794.33,nM,6.1,,,UO_0000065,,,,,0,CHEMBL3744105,Antagonist activity against human GPR40 expressed in HEK293s FLPIN cells assessed as elaidic acid stimulated IP1 release after 2 hrs by TR-FRET analysis,F,BAO_0000219,cell-based format,Homo sapiens,None,None,None,None,,,,CHEMBL4422,Free fatty acid receptor 1,Homo sapiens,SINGLE PROTEIN,CHEMBL3739339,1,Scientific Literature,Medchemcomm,2015,None,
CHEMBL3739652,,None,288.35,0,3.9,ANT-203,Cc1cc(N/N=C/c2ccccc2)nc(-c2ccccc2)n1,IC50,'=',251.19,nM,6.6,,,UO_0000065,,,,,0,CHEMBL3744105,Antagonist activity against human GPR40 expressed in HEK293s FLPIN cells assessed as elaidic acid stimulated IP1 release after 2 hrs by TR-FRET analysis,F,BAO_0000219,cell-based format,Homo sapiens,None,None,None,None,,,,CHEMBL4422,Free fatty acid receptor 1,Homo sapiens,SINGLE PROTEIN,CHEMBL3739339,1,Scientific Literature,Medchemcomm,2015,None,
CHEMBL3741919,,None,331.3,0,3.84,25,Cc1cc(COc2cc(F)cc(F)c2F)nc(-c2ccccn2)n1,IC50,'=',501.19,nM,6.3,,,UO_0000065,,,,,0,CHEMBL3744105,Antagonist activity against human GPR40 expressed in HEK293s FLPIN cells assessed as elaidic acid stimulated IP1 release after 2 hrs by TR-FRET analysis,F,BAO_0000219,cell-based format,Homo sapiens,None,None,None,None,,,,CHEMBL4422,Free fatty acid receptor 1,Homo sapiens,SINGLE PROTEIN,CHEMBL3739339,1,Scientific Literature,Medchemcomm,2015,None,
CHEMBL3740291,,None,411.39,0,3.88,39,CC1(C#N)CN(c2cc(COc3ccc(F)c(F)c3F)nc(-c3ccccn3)n2)C1,IC50,'=',158.49,nM,6.8,,,UO_0000065,,,,,0,CHEMBL3744105,Antagonist activity against human GPR40 expressed in HEK293s FLPIN cells assessed as elaidic acid stimulated IP1 release after 2 hrs by TR-FRET analysis,F,BAO_0000219,cell-based format,Homo sapiens,None,None,None,None,,,,CHEMBL4422,Free fatty acid receptor 1,Homo sapiens,SINGLE PROTEIN,CHEMBL3739339,1,Scientific Literature,Medchemcomm,2015,None,
CHEMBL3923955,,None,380.4,0,4.2,30,N#Cc1cccc(Oc2cc(F)cc(N3Cc4ccccc4S3(=O)=O)c2)c1,IC50,'=',3388.44,nM,5.47,,,UO_0000065,,,,,0,CHEMBL3860590,Antagonist activity against human FFA1 expressed in human Flp-In T-REx293 cells assessed as as reduction in TUG424-induced response by Fura2-AM dye based calcium mobilization assay,F,BAO_0000219,cell-based format,Homo sapiens,None,None,Flp-In T-REx293,None,,,,CHEMBL4422,Free fatty acid receptor 1,Homo sapiens,SINGLE PROTEIN,CHEMBL3860043,1,Scientific Literature,J Med Chem,2016,None,
CHEMBL3931570,,None,307.39,0,3.97,15,CCCCc1ccc(NS(=O)(=O)c2ccc(F)cc2)cc1,IC50,'=',8128.31,nM,5.09,,,UO_0000065,,,,,0,CHEMBL3860590,Antagonist activity against human FFA1 expressed in human Flp-In T-REx293 cells assessed as as reduction in TUG424-induced response by Fura2-AM dye based calcium mobilization assay,F,BAO_0000219,cell-based format,Homo sapiens,None,None,Flp-In T-REx293,None,,,,CHEMBL4422,Free fatty acid receptor 1,Homo sapiens,SINGLE PROTEIN,CHEMBL3860043,1,Scientific Literature,J Med Chem,2016,None,
CHEMBL3960369,,None,369.42,0,4.64,27,Cc1cccc(Oc2cc(F)cc(N3Cc4ccccc4S3(=O)=O)c2)c1,IC50,'=',25118.86,nM,4.6,,,UO_0000065,,,,,0,CHEMBL3860590,Antagonist activity against human FFA1 expressed in human Flp-In T-REx293 cells assessed as as reduction in TUG424-induced response by Fura2-AM dye based calcium mobilization assay,F,BAO_0000219,cell-based format,Homo sapiens,None,None,Flp-In T-REx293,None,,,,CHEMBL4422,Free fatty acid receptor 1,Homo sapiens,SINGLE PROTEIN,CHEMBL3860043,1,Scientific Literature,J Med Chem,2016,None,
CHEMBL438164,,None,334.33,0,4.64,20,O=C(Nc1ccccc1)c1cccc(Oc2ccc([N+](=O)[O-])cc2)c1,IC50,'=',5300,nM,5.28,,,UO_0000065,,,,,0,CHEMBL943952,Antagonist activity at FFAR1 expressed in HEK-EM293 cells assessed as inhibition calcium influx by FLIPR assay,F,BAO_0000219,cell-based format,None,None,None,HEK293,None,,,,CHEMBL4422,Free fatty acid receptor 1,Homo sapiens,SINGLE PROTEIN,CHEMBL1140737,1,Scientific Literature,J Med Chem,2008,CHEMBL3307715,
CHEMBL485007,,None,429.52,1,5.87,9b,CCCN1C(=O)c2ccccc2[C@@H](C(=O)O)[C@@H]1c1ccc(Oc2ccc(C)c(C)c2)cc1,IC50,'=',3,nM,8.52,,,UO_0000065,,,,,0,CHEMBL994680,Antagonist activity at human GPR40 expressed HEK293 cells assessed as effect on intracellular calcium concentration by FLIPR assay,F,BAO_0000219,cell-based format,Homo sapiens,None,None,HEK293,None,,,,CHEMBL4422,Free fatty acid receptor 1,Homo sapiens,SINGLE PROTEIN,CHEMBL1138453,1,Scientific Literature,Bioorg Med Chem Lett,2009,CHEMBL3307715,
CHEMBL519525,,None,413.47,1,5.25,15b,O=C(O)[C@@H]1c2ccccc2C(=O)N(CC2CC2)[C@H]1c1ccc(Oc2ccccc2)cc1,IC50,'=',4,nM,8.4,,,UO_0000065,,,,,0,CHEMBL994680,Antagonist activity at human GPR40 expressed HEK293 cells assessed as effect on intracellular calcium concentration by FLIPR assay,F,BAO_0000219,cell-based format,Homo sapiens,None,None,HEK293,None,,,,CHEMBL4422,Free fatty acid receptor 1,Homo sapiens,SINGLE PROTEIN,CHEMBL1138453,1,Scientific Literature,Bioorg Med Chem Lett,2009,CHEMBL3307715,
CHEMBL3739715,,None,348.41,0,2.95,1,c1ccc(OCc2cc(N3CCOCC3)nc(-c3ccccn3)n2)cc1,IC50,'=',630.96,nM,6.2,,,UO_0000065,,,,,0,CHEMBL3744105,Antagonist activity against human GPR40 expressed in HEK293s FLPIN cells assessed as elaidic acid stimulated IP1 release after 2 hrs by TR-FRET analysis,F,BAO_0000219,cell-based format,Homo sapiens,None,None,None,None,,,,CHEMBL4422,Free fatty acid receptor 1,Homo sapiens,SINGLE PROTEIN,CHEMBL3739339,1,Scientific Literature,Medchemcomm,2015,None,
CHEMBL3741385,,None,403.36,0,3.56,42,Fc1ccc(OCc2cc(OCC3COC3)nc(-c3ccccn3)n2)c(F)c1F,IC50,'=',316.23,nM,6.5,,,UO_0000065,,,,,0,CHEMBL3744105,Antagonist activity against human GPR40 expressed in HEK293s FLPIN cells assessed as elaidic acid stimulated IP1 release after 2 hrs by TR-FRET analysis,F,BAO_0000219,cell-based format,Homo sapiens,None,None,None,None,,,,CHEMBL4422,Free fatty acid receptor 1,Homo sapiens,SINGLE PROTEIN,CHEMBL3739339,1,Scientific Literature,Medchemcomm,2015,None,
CHEMBL1777863,,None,384.23,0,4.69,9,CC#CC(CC(=O)O)c1ccc(Oc2ccc(C#N)cc2Br)cc1,IC50,'=',36,nM,7.44,,,UO_0000065,19.37,0.42,2.75,10.59,0,CHEMBL1780444,Inhibition of human GPR40 expressed in CHO cells by SPA based binding assay,B,BAO_0000219,cell-based format,Homo sapiens,None,None,CHO,None,,,,CHEMBL4422,Free fatty acid receptor 1,Homo sapiens,SINGLE PROTEIN,CHEMBL1777807,1,Scientific Literature,Bioorg Med Chem Lett,2011,CHEMBL3308072,
CHEMBL1777872,,None,431.56,1,6.16,"17, mixture of diastereomers",CC#CC(CC(=O)O)c1ccc(OC2CCCc3nc(-c4ccc(C)cc4)sc32)cc1,IC50,'=',23,nM,7.64,,,UO_0000065,17.7,0.34,1.48,12.85,0,CHEMBL1780444,Inhibition of human GPR40 expressed in CHO cells by SPA based binding assay,B,BAO_0000219,cell-based format,Homo sapiens,None,None,CHO,None,,,,CHEMBL4422,Free fatty acid receptor 1,Homo sapiens,SINGLE PROTEIN,CHEMBL1777807,1,Scientific Literature,Bioorg Med Chem Lett,2011,CHEMBL3308072,
CHEMBL3741297,,None,414.39,0,3.51,37,Fc1ccc(OCc2cc(N3CC4(CCO4)C3)nc(-c3ccccn3)n2)c(F)c1F,IC50,'=',501.19,nM,6.3,,,UO_0000065,,,,,0,CHEMBL3744105,Antagonist activity against human GPR40 expressed in HEK293s FLPIN cells assessed as elaidic acid stimulated IP1 release after 2 hrs by TR-FRET analysis,F,BAO_0000219,cell-based format,Homo sapiens,None,None,None,None,,,,CHEMBL4422,Free fatty acid receptor 1,Homo sapiens,SINGLE PROTEIN,CHEMBL3739339,1,Scientific Literature,Medchemcomm,2015,None,
CHEMBL3740882,,None,355.42,0,2.83,17,Cc1cc(COc2ccc(S(C)(=O)=O)cc2)nc(-c2ccccn2)n1,IC50,'>',39810.72,nM,,,,UO_0000065,,,,,0,CHEMBL3744105,Antagonist activity against human GPR40 expressed in HEK293s FLPIN cells assessed as elaidic acid stimulated IP1 release after 2 hrs by TR-FRET analysis,F,BAO_0000219,cell-based format,Homo sapiens,None,None,None,None,,,,CHEMBL4422,Free fatty acid receptor 1,Homo sapiens,SINGLE PROTEIN,CHEMBL3739339,1,Scientific Literature,Medchemcomm,2015,None,
CHEMBL1777873,,None,272.34,0,3.59,18,CC#CC(CC(=O)O)c1ccc(OC2CCCC2)cc1,IC50,'=',312,nM,6.51,,,UO_0000065,23.89,0.44,2.92,13.98,0,CHEMBL1780444,Inhibition of human GPR40 expressed in CHO cells by SPA based binding assay,B,BAO_0000219,cell-based format,Homo sapiens,None,None,CHO,None,,,,CHEMBL4422,Free fatty acid receptor 1,Homo sapiens,SINGLE PROTEIN,CHEMBL1777807,1,Scientific Literature,Bioorg Med Chem Lett,2011,CHEMBL3308072,
CHEMBL1777871,,None,335.36,0,3.01,"22, cis/trans mixture",CC#CC(c1ccc(OCc2ccccc2)cc1)C1OC(=O)NC1=O,IC50,'=',4399,nM,5.36,,,UO_0000065,15.97,0.29,2.35,8.29,0,CHEMBL1780444,Inhibition of human GPR40 expressed in CHO cells by SPA based binding assay,B,BAO_0000219,cell-based format,Homo sapiens,None,None,CHO,None,,,,CHEMBL4422,Free fatty acid receptor 1,Homo sapiens,SINGLE PROTEIN,CHEMBL1777807,1,Scientific Literature,Bioorg Med Chem Lett,2011,CHEMBL3308072,
CHEMBL3741899,,None,388.35,0,2.72,36,OC1CN(c2cc(COc3ccc(F)c(F)c3F)nc(-c3ccccn3)n2)C1,IC50,'=',3162.28,nM,5.5,,,UO_0000065,,,,,0,CHEMBL3744105,Antagonist activity against human GPR40 expressed in HEK293s FLPIN cells assessed as elaidic acid stimulated IP1 release after 2 hrs by TR-FRET analysis,F,BAO_0000219,cell-based format,Homo sapiens,None,None,None,None,,,,CHEMBL4422,Free fatty acid receptor 1,Homo sapiens,SINGLE PROTEIN,CHEMBL3739339,1,Scientific Literature,Medchemcomm,2015,None,
CHEMBL3739963,,None,331.3,0,3.84,28,Cc1cc(COc2c(F)cc(F)cc2F)nc(-c2ccccn2)n1,IC50,'=',1258.93,nM,5.9,,,UO_0000065,,,,,0,CHEMBL3744105,Antagonist activity against human GPR40 expressed in HEK293s FLPIN cells assessed as elaidic acid stimulated IP1 release after 2 hrs by TR-FRET analysis,F,BAO_0000219,cell-based format,Homo sapiens,None,None,None,None,,,,CHEMBL4422,Free fatty acid receptor 1,Homo sapiens,SINGLE PROTEIN,CHEMBL3739339,1,Scientific Literature,Medchemcomm,2015,None,
CHEMBL483342,,None,349.39,0,4.21,15e,CCCN1C(=O)c2ccccc2[C@@H](C(=O)O)[C@@H]1c1cc2ccccc2o1,IC50,'=',119,nM,6.92,,,UO_0000065,,,,,0,CHEMBL994680,Antagonist activity at human GPR40 expressed HEK293 cells assessed as effect on intracellular calcium concentration by FLIPR assay,F,BAO_0000219,cell-based format,Homo sapiens,None,None,HEK293,None,,,,CHEMBL4422,Free fatty acid receptor 1,Homo sapiens,SINGLE PROTEIN,CHEMBL1138453,1,Scientific Literature,Bioorg Med Chem Lett,2009,CHEMBL3307715,
CHEMBL3311302,,None,351.43,0,4.17,39,Cc1ccc(S(=O)(=O)NC2c3ccccc3Oc3ccccc32)cc1,IC50,'>',25118.86,nM,,,,UO_0000065,,,,,0,CHEMBL3365233,Inhibition of human FFA1 receptor expressed in U2OS cells,B,BAO_0000219,cell-based format,Homo sapiens,None,None,U2OS,None,,,,CHEMBL4422,Free fatty acid receptor 1,Homo sapiens,SINGLE PROTEIN,CHEMBL3351646,1,Scientific Literature,Bioorg Med Chem Lett,2014,CHEMBL3307757,
CHEMBL485335,,None,415.49,1,5.04,8b,CCCN1C(=O)c2ccccc2[C@@H](C(=O)O)[C@@H]1c1ccc(OCc2ccccc2)cc1,IC50,'=',96,nM,7.02,,,UO_0000065,,,,,0,CHEMBL994680,Antagonist activity at human GPR40 expressed HEK293 cells assessed as effect on intracellular calcium concentration by FLIPR assay,F,BAO_0000219,cell-based format,Homo sapiens,None,None,HEK293,None,,,,CHEMBL4422,Free fatty acid receptor 1,Homo sapiens,SINGLE PROTEIN,CHEMBL1138453,1,Scientific Literature,Bioorg Med Chem Lett,2009,CHEMBL3307715,
CHEMBL483546,,None,420.34,1,5.79,15g,CCC(CC)CN1C(=O)c2ccccc2[C@@H](C(=O)O)[C@@H]1c1ccc(Cl)c(Cl)c1,IC50,'=',10,nM,8,,,UO_0000065,,,,,0,CHEMBL994680,Antagonist activity at human GPR40 expressed HEK293 cells assessed as effect on intracellular calcium concentration by FLIPR assay,F,BAO_0000219,cell-based format,Homo sapiens,None,None,HEK293,None,,,,CHEMBL4422,Free fatty acid receptor 1,Homo sapiens,SINGLE PROTEIN,CHEMBL1138453,1,Scientific Literature,Bioorg Med Chem Lett,2009,CHEMBL3307715,
CHEMBL3740771,,None,295.32,0,3.57,19,Cc1cc(COc2cccc(F)c2)nc(-c2ccccn2)n1,IC50,'=',794.33,nM,6.1,,,UO_0000065,,,,,0,CHEMBL3744105,Antagonist activity against human GPR40 expressed in HEK293s FLPIN cells assessed as elaidic acid stimulated IP1 release after 2 hrs by TR-FRET analysis,F,BAO_0000219,cell-based format,Homo sapiens,None,None,None,None,,,,CHEMBL4422,Free fatty acid receptor 1,Homo sapiens,SINGLE PROTEIN,CHEMBL3739339,1,Scientific Literature,Medchemcomm,2015,None,
CHEMBL1777861,,None,414.33,1,5.68,7,CC#CC(CC(=O)O)c1ccc(Oc2ccc(C(F)(F)F)cc2OC(F)F)cc1,IC50,'=',12,nM,7.92,,,UO_0000065,19.12,0.37,2.24,14.21,0,CHEMBL1780444,Inhibition of human GPR40 expressed in CHO cells by SPA based binding assay,B,BAO_0000219,cell-based format,Homo sapiens,None,None,CHO,None,,,,CHEMBL4422,Free fatty acid receptor 1,Homo sapiens,SINGLE PROTEIN,CHEMBL1777807,1,Scientific Literature,Bioorg Med Chem Lett,2011,CHEMBL3308072,
CHEMBL3741230,,None,313.31,0,3.7,21,Cc1cc(COc2cccc(F)c2F)nc(-c2ccccn2)n1,IC50,'=',398.11,nM,6.4,,,UO_0000065,,,,,0,CHEMBL3744105,Antagonist activity against human GPR40 expressed in HEK293s FLPIN cells assessed as elaidic acid stimulated IP1 release after 2 hrs by TR-FRET analysis,F,BAO_0000219,cell-based format,Homo sapiens,None,None,None,None,,,,CHEMBL4422,Free fatty acid receptor 1,Homo sapiens,SINGLE PROTEIN,CHEMBL3739339,1,Scientific Literature,Medchemcomm,2015,None,
CHEMBL3741570,,None,313.31,0,3.7,23,Cc1cc(COc2ccc(F)c(F)c2)nc(-c2ccccn2)n1,IC50,'=',501.19,nM,6.3,,,UO_0000065,,,,,0,CHEMBL3744105,Antagonist activity against human GPR40 expressed in HEK293s FLPIN cells assessed as elaidic acid stimulated IP1 release after 2 hrs by TR-FRET analysis,F,BAO_0000219,cell-based format,Homo sapiens,None,None,None,None,,,,CHEMBL4422,Free fatty acid receptor 1,Homo sapiens,SINGLE PROTEIN,CHEMBL3739339,1,Scientific Literature,Medchemcomm,2015,None,
CHEMBL1777865,,None,398.38,1,6.23,11,CC#CC(CC(=O)O)c1ccc(Oc2ccc(C(F)(F)F)c3ccccc23)cc1,IC50,'=',211,nM,6.68,,,UO_0000065,16.76,0.31,0.45,14.35,0,CHEMBL1780444,Inhibition of human GPR40 expressed in CHO cells by SPA based binding assay,B,BAO_0000219,cell-based format,Homo sapiens,None,None,CHO,None,,,,CHEMBL4422,Free fatty acid receptor 1,Homo sapiens,SINGLE PROTEIN,CHEMBL1777807,1,Scientific Literature,Bioorg Med Chem Lett,2011,CHEMBL3308072,
CHEMBL1777867,,None,361.19,0,3.61,13,CC#CC(CC(=O)O)c1ccc(Oc2ncc(Br)cn2)cc1,IC50,'=',433,nM,6.36,,,UO_0000065,17.62,0.4,2.75,8.8,0,CHEMBL1780444,Inhibition of human GPR40 expressed in CHO cells by SPA based binding assay,B,BAO_0000219,cell-based format,Homo sapiens,None,None,CHO,None,,,,CHEMBL4422,Free fatty acid receptor 1,Homo sapiens,SINGLE PROTEIN,CHEMBL1777807,1,Scientific Literature,Bioorg Med Chem Lett,2011,CHEMBL3308072,
CHEMBL3740515,,None,331.3,0,3.84,29,Cc1cc(COc2cc(F)c(F)c(F)c2)nc(-c2ccccn2)n1,IC50,'=',398.11,nM,6.4,,,UO_0000065,,,,,0,CHEMBL3744105,Antagonist activity against human GPR40 expressed in HEK293s FLPIN cells assessed as elaidic acid stimulated IP1 release after 2 hrs by TR-FRET analysis,F,BAO_0000219,cell-based format,Homo sapiens,None,None,None,None,,,,CHEMBL4422,Free fatty acid receptor 1,Homo sapiens,SINGLE PROTEIN,CHEMBL3739339,1,Scientific Literature,Medchemcomm,2015,None,
CHEMBL3740375,,None,334.38,0,3.38,13,CC(=O)Nc1cccc(OCc2cc(C)nc(-c3ccccn3)n2)c1,IC50,'>',39810.72,nM,,,,UO_0000065,,,,,0,CHEMBL3744105,Antagonist activity against human GPR40 expressed in HEK293s FLPIN cells assessed as elaidic acid stimulated IP1 release after 2 hrs by TR-FRET analysis,F,BAO_0000219,cell-based format,Homo sapiens,None,None,None,None,,,,CHEMBL4422,Free fatty acid receptor 1,Homo sapiens,SINGLE PROTEIN,CHEMBL3739339,1,Scientific Literature,Medchemcomm,2015,None,
CHEMBL3741349,,None,415.29,0,4.48,40,Fc1ccc(OCc2cc(OCC(F)(F)F)nc(-c3ccccn3)n2)c(F)c1F,IC50,'=',7.943,nM,8.1,,,UO_0000065,,,,,0,CHEMBL3744105,Antagonist activity against human GPR40 expressed in HEK293s FLPIN cells assessed as elaidic acid stimulated IP1 release after 2 hrs by TR-FRET analysis,F,BAO_0000219,cell-based format,Homo sapiens,None,None,None,None,,,,CHEMBL4422,Free fatty acid receptor 1,Homo sapiens,SINGLE PROTEIN,CHEMBL3739339,1,Scientific Literature,Medchemcomm,2015,None,
CHEMBL3742333,,None,331.3,0,3.84,26,Cc1cc(COc2c(F)ccc(F)c2F)nc(-c2ccccn2)n1,IC50,'=',1584.89,nM,5.8,,,UO_0000065,,,,,0,CHEMBL3744105,Antagonist activity against human GPR40 expressed in HEK293s FLPIN cells assessed as elaidic acid stimulated IP1 release after 2 hrs by TR-FRET analysis,F,BAO_0000219,cell-based format,Homo sapiens,None,None,None,None,,,,CHEMBL4422,Free fatty acid receptor 1,Homo sapiens,SINGLE PROTEIN,CHEMBL3739339,1,Scientific Literature,Medchemcomm,2015,None,
CHEMBL483545,,None,406.31,1,5.4,15f,CC[C@H](C)CN1C(=O)c2ccccc2[C@@H](C(=O)O)[C@@H]1c1ccc(Cl)c(Cl)c1,IC50,'=',13,nM,7.89,,,UO_0000065,,,,,0,CHEMBL994680,Antagonist activity at human GPR40 expressed HEK293 cells assessed as effect on intracellular calcium concentration by FLIPR assay,F,BAO_0000219,cell-based format,Homo sapiens,None,None,HEK293,None,,,,CHEMBL4422,Free fatty acid receptor 1,Homo sapiens,SINGLE PROTEIN,CHEMBL1138453,1,Scientific Literature,Bioorg Med Chem Lett,2009,CHEMBL3307715,
CHEMBL1777876,,None,455.33,0,4.84,"23, cis/trans mixture",CC#CC(c1ccc(Oc2ccc(C(F)(F)F)cc2OC(F)F)cc1)C1OC(=O)NC1=O,IC50,'=',19,nM,7.72,,,UO_0000065,16.96,0.33,2.88,10.45,0,CHEMBL1780444,Inhibition of human GPR40 expressed in CHO cells by SPA based binding assay,B,BAO_0000219,cell-based format,Homo sapiens,None,None,CHO,None,,,,CHEMBL4422,Free fatty acid receptor 1,Homo sapiens,SINGLE PROTEIN,CHEMBL1777807,1,Scientific Literature,Bioorg Med Chem Lett,2011,CHEMBL3308072,
CHEMBL3740314,,None,295.32,0,3.57,20,Cc1cc(COc2ccc(F)cc2)nc(-c2ccccn2)n1,IC50,'=',630.96,nM,6.2,,,UO_0000065,,,,,0,CHEMBL3744105,Antagonist activity against human GPR40 expressed in HEK293s FLPIN cells assessed as elaidic acid stimulated IP1 release after 2 hrs by TR-FRET analysis,F,BAO_0000219,cell-based format,Homo sapiens,None,None,None,None,,,,CHEMBL4422,Free fatty acid receptor 1,Homo sapiens,SINGLE PROTEIN,CHEMBL3739339,1,Scientific Literature,Medchemcomm,2015,None,
CHEMBL483936,,None,378.26,0,4.77,15c,CCCN1C(=O)c2ccccc2[C@@H](C(=O)O)[C@@H]1c1ccc(Cl)c(Cl)c1,IC50,'=',89,nM,7.05,,,UO_0000065,,,,,0,CHEMBL994680,Antagonist activity at human GPR40 expressed HEK293 cells assessed as effect on intracellular calcium concentration by FLIPR assay,F,BAO_0000219,cell-based format,Homo sapiens,None,None,HEK293,None,,,,CHEMBL4422,Free fatty acid receptor 1,Homo sapiens,SINGLE PROTEIN,CHEMBL1138453,1,Scientific Literature,Bioorg Med Chem Lett,2009,CHEMBL3307715,
CHEMBL484772,,None,387.44,0,4.86,2,CCN1C(=O)c2ccccc2[C@@H](C(=O)O)[C@@H]1c1ccc(Oc2ccccc2)cc1,IC50,'=',12,nM,7.92,,,UO_0000065,,,,,0,CHEMBL994680,Antagonist activity at human GPR40 expressed HEK293 cells assessed as effect on intracellular calcium concentration by FLIPR assay,F,BAO_0000219,cell-based format,Homo sapiens,None,None,HEK293,None,,,,CHEMBL4422,Free fatty acid receptor 1,Homo sapiens,SINGLE PROTEIN,CHEMBL1138453,1,Scientific Literature,Bioorg Med Chem Lett,2009,CHEMBL3307715,
CHEMBL485025,,None,373.41,0,4.47,15a,CN1C(=O)c2ccccc2[C@@H](C(=O)O)[C@@H]1c1ccc(Oc2ccccc2)cc1,IC50,'=',156,nM,6.81,,,UO_0000065,,,,,0,CHEMBL994680,Antagonist activity at human GPR40 expressed HEK293 cells assessed as effect on intracellular calcium concentration by FLIPR assay,F,BAO_0000219,cell-based format,Homo sapiens,None,None,HEK293,None,,,,CHEMBL4422,Free fatty acid receptor 1,Homo sapiens,SINGLE PROTEIN,CHEMBL1138453,1,Scientific Literature,Bioorg Med Chem Lett,2009,CHEMBL3307715,
CHEMBL483937,,None,343.81,0,4.12,15d,CCCN1C(=O)c2ccccc2[C@@H](C(=O)O)[C@@H]1c1cccc(Cl)c1,IC50,'=',228,nM,6.64,,,UO_0000065,,,,,0,CHEMBL994680,Antagonist activity at human GPR40 expressed HEK293 cells assessed as effect on intracellular calcium concentration by FLIPR assay,F,BAO_0000219,cell-based format,Homo sapiens,None,None,HEK293,None,,,,CHEMBL4422,Free fatty acid receptor 1,Homo sapiens,SINGLE PROTEIN,CHEMBL1138453,1,Scientific Literature,Bioorg Med Chem Lett,2009,CHEMBL3307715,
CHEMBL3893258,,None,357.41,0,4.44,17,CN(c1ccc(Oc2ccccc2)cc1)S(=O)(=O)c1ccc(F)cc1,IC50,'=',10715.19,nM,4.97,,,UO_0000065,,,,,0,CHEMBL3860590,Antagonist activity against human FFA1 expressed in human Flp-In T-REx293 cells assessed as as reduction in TUG424-induced response by Fura2-AM dye based calcium mobilization assay,F,BAO_0000219,cell-based format,Homo sapiens,None,None,Flp-In T-REx293,None,,,,CHEMBL4422,Free fatty acid receptor 1,Homo sapiens,SINGLE PROTEIN,CHEMBL3860043,1,Scientific Literature,J Med Chem,2016,None,
CHEMBL3742371,,None,324.36,0,3.32,32,CN(C)c1cc(COc2cccc(F)c2)nc(-c2ccccn2)n1,IC50,'=',1584.89,nM,5.8,,,UO_0000065,,,,,0,CHEMBL3744105,Antagonist activity against human GPR40 expressed in HEK293s FLPIN cells assessed as elaidic acid stimulated IP1 release after 2 hrs by TR-FRET analysis,F,BAO_0000219,cell-based format,Homo sapiens,None,None,None,None,,,,CHEMBL4422,Free fatty acid receptor 1,Homo sapiens,SINGLE PROTEIN,CHEMBL3739339,1,Scientific Literature,Medchemcomm,2015,None,
CHEMBL3741030,,None,311.77,0,4.08,3,Cc1cc(COc2ccccc2Cl)nc(-c2ccccn2)n1,IC50,'=',316.23,nM,6.5,,,UO_0000065,,,,,0,CHEMBL3744105,Antagonist activity against human GPR40 expressed in HEK293s FLPIN cells assessed as elaidic acid stimulated IP1 release after 2 hrs by TR-FRET analysis,F,BAO_0000219,cell-based format,Homo sapiens,None,None,None,None,,,,CHEMBL4422,Free fatty acid receptor 1,Homo sapiens,SINGLE PROTEIN,CHEMBL3739339,1,Scientific Literature,Medchemcomm,2015,None,
CHEMBL1777874,,None,394.78,1,5.52,20,CC#C[C@]1(c2ccc(Oc3ccc(C(F)(F)F)cc3Cl)cc2)C[C@@H]1C(=O)O,IC50,'=',3435,nM,5.46,,,UO_0000065,13.84,0.28,-0.06,11.74,0,CHEMBL1780444,Inhibition of human GPR40 expressed in CHO cells by SPA based binding assay,B,BAO_0000219,cell-based format,Homo sapiens,None,None,CHO,None,,,,CHEMBL4422,Free fatty acid receptor 1,Homo sapiens,SINGLE PROTEIN,CHEMBL1777807,1,Scientific Literature,Bioorg Med Chem Lett,2011,CHEMBL3308072,
CHEMBL3741045,,None,338.39,0,4.08,34,CC(C)Nc1cc(COc2cccc(F)c2)nc(-c2ccccn2)n1,IC50,'=',100,nM,7,,,UO_0000065,,,,,0,CHEMBL3744105,Antagonist activity against human GPR40 expressed in HEK293s FLPIN cells assessed as elaidic acid stimulated IP1 release after 2 hrs by TR-FRET analysis,F,BAO_0000219,cell-based format,Homo sapiens,None,None,None,None,,,,CHEMBL4422,Free fatty acid receptor 1,Homo sapiens,SINGLE PROTEIN,CHEMBL3739339,1,Scientific Literature,Medchemcomm,2015,None,
CHEMBL448569,,None,229.34,0,3.09,A,CCCCCCCCC1SC(=O)NC1=O,IC50,'=',7900,nM,5.1,,,UO_0000065,22.25,0.46,2.01,11.05,0,CHEMBL3760348,Modulation of FFAR1 (unknown origin),B,BAO_0000357,single protein format,Homo sapiens,None,None,None,None,,,,CHEMBL4422,Free fatty acid receptor 1,Homo sapiens,SINGLE PROTEIN,CHEMBL3758151,1,Scientific Literature,Eur J Med Chem,2016,None,
