,molecule_chembl_id,smiles,IC50,std_units,pIC50,molecular_species,heavy_atoms,full_mwt,hbd,hba,psa,rtb,alogp,num_ro5_violations,max_phase,document_chembl_id
0,CHEMBL4170225,COc1cc2c(NC3CCN(C)CC3)cc(-c3ccc(C)[nH]3)nc2cc1OCCCN1CCCC1,"0,5",nM,"9,301029996",BASE,35,477.65,2,6,65.65,9,4.92,0,,CHEMBL4130634
1,CHEMBL4162206,COc1cc2c(NC3CCN(C(C)C)CC3)cc(C3CCCCC3)nc2cc1OCCCN1CCCC1,"0,7",nM,"9,15490196",BASE,37,508.75,1,6,49.86,10,6.44,2,,CHEMBL4130634
2,CHEMBL3109639,COc1cc2c(cc1OCCCN1CCCC1)N=C(N)C2(C)C,"0,9",nM,"9,045757491",BASE,23,317.43,1,5,60.08,6,2.84,0,,CHEMBL3108684
3,CHEMBL3109631,COc1cc2c(cc1OCC1CCN(C)C1)N=C(N)C21CCC1,1,nM,9,BASE,23,315.42,1,5,60.08,4,2.45,0,,CHEMBL3108684
4,CHEMBL5187766,COc1cc2c(NCCN)ccnc2cc1OCCCN1CCCC1,"1,6",nM,"8,795880017",BASE,25,344.46,2,6,72.64,9,2.48,0,,CHEMBL5113445
5,CHEMBL4160008,CCc1ccc(-c2cc(NC3CCN(C)CC3)c3cc(OC)c(OCCCN4CCCC4)cc3n2)o1,2,nM,"8,698970004",BASE,36,492.66,1,7,63.00,10,5.44,1,,CHEMBL4130634
6,CHEMBL1829295,COc1cc2c(NC3CCN(C(C)C)CC3)nc(N3CCCN(C(C)C)CC3)nc2cc1OCCCN1CCCC1,2,nM,"8,698970004",BASE,41,567.82,1,9,69.23,11,4.71,1,,CHEMBL1828613
7,CHEMBL4159604,COc1cc2c(NC3CCN(C)CC3)cc(C3CCCCC3)nc2cc1OCCCN1CCCC1,2,nM,"8,698970004",BASE,35,480.70,1,6,49.86,9,5.66,1,,CHEMBL4130634
8,CHEMBL5195846,COc1cc2c(N)ccnc2cc1OCCCN1CCCC1,"2,4",nM,"8,619788758",BASE,22,301.39,1,5,60.61,6,2.69,0,,CHEMBL5113445
9,CHEMBL4173626,CCc1ccc(-c2cc(NC3CCN(C(C)C)CC3)c3cc(OC)c(OCCCN4CCCC4)cc3n2)o1,3,nM,"8,522878745",BASE,38,520.72,1,7,63.00,11,6.22,2,,CHEMBL4130634
10,CHEMBL4171233,COc1cc2c(NC3CCN(C(C)C)CC3)cc(-c3ccc(C)o3)nc2cc1OCCCN1CCCC1,3,nM,"8,522878745",BASE,37,506.69,1,7,63.00,10,5.96,2,,CHEMBL4130634
11,CHEMBL3109630,COc1cc2c(cc1OCCCN1CCCC1)N=C(N)C21CCC1,3,nM,"8,522878745",BASE,24,329.44,1,5,60.08,6,2.98,0,,CHEMBL3108684
12,CHEMBL4795328,CNc1cc(C)nc(Nc2ccc(OC(F)F)c(C3=CCNCCC3)c2)n1,"3,25",nM,"8,488116639",BASE,27,375.42,3,6,71.10,6,3.94,0,,CHEMBL4725338
13,CHEMBL3109637,COc1cc2c(cc1OCCCN1CC[C@@H](F)C1)N=C(N)C21CCC1,"3,7",nM,"8,431798276",BASE,25,347.43,1,5,60.08,6,2.93,0,,CHEMBL3108684
14,CHEMBL4865830,COc1cc2c(NCC3CCN(c4ncc(C(=O)NO)cn4)CC3)cc(C)nc2cc1OCCCN1CCCC1,4,nM,"8,397940009",BASE,40,549.68,3,10,124.97,11,3.65,1,,CHEMBL4834403
15,CHEMBL4287479,COc1cc2c(NC3CCN(C(C)C)CC3)nc(N3CCN(C)CC3)nc2cc1OCCCN1CCCCC1,4,nM,"8,397940009",BASE,39,539.77,1,9,69.23,10,3.93,1,,CHEMBL4261502
16,CHEMBL1829305,COc1cc2c(NC3CCN(CC4CCCCC4)CC3)nc(N3CCCN(C(C)C)CC3)nc2cc1OCCCN1CCCCC1,4,nM,"8,397940009",BASE,46,635.94,1,9,69.23,12,6.27,2,,CHEMBL1828613
17,CHEMBL4741874,CNc1cc(C)nc(Nc2ccc(OC)c(C3=CCNCCC3)c2)n1,"4,31",nM,"8,36552273",BASE,25,339.44,3,6,71.10,5,3.35,0,,CHEMBL4725338
18,CHEMBL3109634,COc1cc2c(cc1OCCCN1CC(F)C1)N=C(N)C21CCC1,"4,8",nM,"8,318758763",BASE,24,333.41,1,5,60.08,6,2.54,0,,CHEMBL3108684
19,CHEMBL3109632,COc1cc2c(cc1OCC1CCCN1C)N=C(N)C21CCC1,5,nM,"8,301029996",BASE,23,315.42,1,5,60.08,4,2.59,0,,CHEMBL3108684
20,CHEMBL4211688,CCc1ccc(-c2cc(NCC3C4CCC3CN(C)C4)c3cc(OC)c(OCCCN4CCCC4)cc3n2)o1,5,nM,"8,301029996",BASE,39,532.73,1,7,63.00,11,5.93,2,,CHEMBL4190398
21,CHEMBL1829294,CCN1CCCN(c2nc(NC3CCN(C(C)C)CC3)c3cc(OC)c(OCCCN4CCCC4)cc3n2)CC1,5,nM,"8,301029996",BASE,40,553.80,1,9,69.23,11,4.32,1,,CHEMBL1828613
22,CHEMBL5193402,COc1cc2c(NCCNC(C)=O)ccnc2cc1OCCCN1CCCC1,"5,2",nM,"8,283996656",BASE,28,386.50,2,6,75.72,10,2.66,0,,CHEMBL5113445
23,CHEMBL4458252,COc1cc2c(cc1OCCCN1CCCC1)N=C(N)C21CCCC1,6,nM,"8,22184875",BASE,25,343.47,1,5,60.08,6,3.37,0,,CHEMBL4321817
24,CHEMBL4163369,COc1cc2c(NC3CCN(C)CC3)cc(C)nc2cc1OCCCN1CCCC1,6,nM,"8,22184875",BASE,30,412.58,1,6,49.86,8,3.92,0,,CHEMBL4130634
25,CHEMBL4163329,COc1cc2c(NC3CCNCC3)cc(-c3ccc(C)o3)nc2cc1OCCCN1CCCC1,6,nM,"8,22184875",BASE,34,464.61,2,7,71.79,9,4.84,0,,CHEMBL4130634
26,CHEMBL4173668,COc1cc2c(NC3CCN(C)CC3)cc(C3=CCCCC3)nc2cc1OCCCN1CCCC1,6,nM,"8,22184875",BASE,35,478.68,1,6,49.86,9,5.57,1,,CHEMBL4130634
27,CHEMBL1829304,COc1cc2c(NC3CCN(C4CCCCC4)CC3)nc(N3CCCN(C(C)C)CC3)nc2cc1OCCCN1CCCCC1,6,nM,"8,22184875",BASE,45,621.91,1,9,69.23,11,6.02,2,,CHEMBL1828613
28,CHEMBL4756618,CNc1cc(C)nc(Nc2ccc(Cl)c(C3=CCNCCC3)c2)n1,"6,32",nM,"8,199282922",BASE,24,343.86,3,5,61.87,4,3.99,0,,CHEMBL4725338
29,CHEMBL4173662,COc1cc2c(NC3CCN(C)CC3)cc(-c3ccoc3)nc2cc1OCCCN1CCCC1,7,nM,"8,15490196",BASE,34,464.61,1,7,63.00,9,4.87,0,,CHEMBL4130634
30,CHEMBL4204482,COc1cc2c(NC3CC4(CCN(C(C)C)CC4)C3)cc(-c3ccc(C)o3)nc2cc1OCCCN1CCCC1,7,nM,"8,15490196",BASE,40,546.76,1,7,63.00,10,6.74,2,,CHEMBL4190398
31,CHEMBL1829297,COc1cc2c(NC3CCN(C(C)C)CC3)nc(N3CCCN(CC4CCCCC4)CC3)nc2cc1OCCCN1CCCC1,7,nM,"8,15490196",BASE,45,621.92,1,9,69.23,12,5.88,2,,CHEMBL1828613
32,CHEMBL4848955,COc1cc2nc(C)cc(NCC3CCN(c4ncc(C(=O)NO)cn4)CC3)c2cc1OC,"7,2",nM,"8,142667504",BASE,33,452.52,3,9,121.73,7,2.80,0,,CHEMBL4834403
33,CHEMBL1828637,COc1cc2c(NC3CCN(C(C)C)CC3)nc(N3CCCN(C(C)C)CC3)nc2cc1OCCCN1CCCCC1,8,nM,"8,096910013",BASE,42,581.85,1,9,69.23,11,5.10,2,,CHEMBL1828613
34,CHEMBL4290900,COc1cc2c(NC3CCN(Cc4ccccc4)CC3)nc(N3CCN(C)CC3)nc2cc1OCCCN(C)C,8,nM,"8,096910013",BASE,40,547.75,1,9,69.23,11,3.80,1,,CHEMBL4261502
35,CHEMBL4170114,COc1cc2c(NC3CCN(C)CC3)cc(-c3ccc(C)o3)nc2cc1OCCCN1CCCC1,8,nM,"8,096910013",BASE,35,478.64,1,7,63.00,9,5.18,1,,CHEMBL4130634
36,CHEMBL1829299,COc1cc2c(NC3CCN(C(C)C)CC3)nc(N3CCCN(Cc4ccccc4)CC3)nc2cc1OCCCN1CCCC1,9,nM,"8,045757491",BASE,45,615.87,1,9,69.23,12,5.50,2,,CHEMBL1828613
37,CHEMBL4294283,COc1cc2nc(N3CCCN(C)CC3)nc(NC3CCN(CC4CCCCC4)CC3)c2cc1OC,10,nM,8,BASE,36,496.70,1,8,65.99,7,4.25,0,,CHEMBL4261502
38,CHEMBL1829293,COc1cc2c(NC3CCN(C(C)C)CC3)nc(N3CCCN(C)CC3)nc2cc1OCCCN1CCCC1,10,nM,8,BASE,39,539.77,1,9,69.23,10,3.93,1,,CHEMBL1828613
39,CHEMBL1829298,COc1cc2c(NC3CCN(C(C)C)CC3)nc(N3CCCN(c4ccccc4)CC3)nc2cc1OCCCN1CCCC1,10,nM,8,BASE,44,601.84,1,9,69.23,11,5.50,2,,CHEMBL1828613
40,CHEMBL4747198,CCN1CC=C(c2cc(Nc3nc(C)cc(NC)n3)ccc2OC)CCC1,"10,5",nM,"7,978810701",BASE,27,367.50,2,6,62.31,6,4.08,0,,CHEMBL4725338
41,CHEMBL4216144,COc1cc2c(NC3CC4(CCN(C)C4)C3)cc(-c3ccc(C)o3)nc2cc1OCCCN1CCCC1,11,nM,"7,958607315",BASE,37,504.68,1,7,63.00,9,5.57,2,,CHEMBL4190398
42,CHEMBL1829306,COc1cc2c(NC3CCN(C4CCCCC4)CC3)nc(N3CCCN(C)CC3)nc2cc1OCCCN1CCCCC1,11,nM,"7,958607315",BASE,43,593.86,1,9,69.23,10,5.24,2,,CHEMBL1828613
43,CHEMBL1231795,COc1cc2c(NC3CCN(C(C)C)CC3)nc(C3CCCCC3)nc2cc1OCCCN1CCCC1,12,nM,"7,920818754",BASE,37,509.74,1,7,62.75,10,5.84,2,,CHEMBL1828613
44,CHEMBL4177036,COc1cc2c(NC3CCN(C)CC3)cc(C3=CCOCC3)nc2cc1OCCCN1CCCC1,12,nM,"7,920818754",BASE,35,480.65,1,7,59.09,9,4.42,0,,CHEMBL4130634
45,CHEMBL4205373,COc1cc2c(NC3CC4CCC(C3)N4C)cc(-c3ccc(C)o3)nc2cc1OCCCN1CCCC1,13,nM,"7,886056648",BASE,37,504.68,1,7,63.00,9,5.71,2,,CHEMBL4190398
46,CHEMBL4203647,COc1cc2c(NCC3CCN(C(C)C)CC3)cc(-c3ccc(C)o3)nc2cc1OCCCN1CCCC1,13,nM,"7,886056648",BASE,38,520.72,1,7,63.00,11,6.21,2,,CHEMBL4190398
47,CHEMBL3621579,COc1cc2nc(N3CCCN(C)CC3)cc(NC3CCN(Cc4ccccc4)CC3)c2cc1OC,13,nM,"7,886056648",BASE,36,489.66,1,7,53.10,7,4.47,0,,CHEMBL3621101
48,CHEMBL2441080,COc1cc2c(NC3CCN(C(C)C)CC3)nc(N3CCS(=O)(=O)CC3)nc2cc1OCCCN1CCCC1,14,nM,"7,853871964",BASE,39,560.77,1,10,100.13,10,3.02,1,,CHEMBL2440019
49,CHEMBL4582775,COc1cc2c(NC3CCN(C)CC3)nc(N3CCCN(C)CC3)nc2cc1C#CCN1CCCC1,14,nM,"7,853871964",BASE,36,491.68,1,8,60.00,5,2.73,0,,CHEMBL4346750
50,CHEMBL4741567,CNc1cc(C)nc(Nc2ccc(C)c(C3=CCNCCC3)c2)n1,"14,2",nM,"7,847711656",BASE,24,323.44,3,5,61.87,4,3.65,0,,CHEMBL4725338
51,CHEMBL4461224,COc1cc2c(NC3CCN(C)CC3)nc(N3CCCN(C)CC3)nc2cc1CCCN(C)C,15,nM,"7,823908741",BASE,34,469.68,1,8,60.00,8,2.78,0,,CHEMBL4346750
52,CHEMBL4175084,COc1cc2c(NC3CCN(C)CC3)cc(-c3ccc(CO)o3)nc2cc1OCCCN1CCCC1,15,nM,"7,823908741",BASE,36,494.64,2,8,83.23,10,4.37,0,,CHEMBL4130634
53,CHEMBL4206035,COc1cc2c(NC3CC4(CCN(C)CC4)C3)cc(-c3ccc(C)o3)nc2cc1OCCCN1CCCC1,15,nM,"7,823908741",BASE,38,518.70,1,7,63.00,9,5.96,2,,CHEMBL4190398
54,CHEMBL576781,COc1cc2c(NC3CCN(C)CC3)nc(N3CCCN(C)CC3)nc2cc1OCCCN(C)C,15,nM,"7,823908741",BASE,35,485.68,1,9,69.23,9,2.62,0,,CHEMBL1154694
55,CHEMBL4174724,COc1cc2c(NC3CCN(C)CC3)cc(-c3ccccc3)nc2cc1OCCCN1CCCC1,15,nM,"7,823908741",BASE,35,474.65,1,6,49.86,9,5.28,1,,CHEMBL4130634
56,CHEMBL4752510,CNc1cc(C)nc(Nc2ccc(OC)c(C3=CCN(C)CCC3)c2)n1,"15,1",nM,"7,821023053",BASE,26,353.47,2,6,62.31,5,3.69,0,,CHEMBL4725338
57,CHEMBL4783331,CNc1cc(C)nc(Nc2ccc(C#N)c(C3=CCNCCC3)c2)n1,"15,2",nM,"7,818156412",BASE,25,334.43,3,6,85.66,4,3.21,0,,CHEMBL4725338
58,CHEMBL5172085,COc1cc2c(NCCC(N)=O)ccnc2cc1OCCCN1CCCC1,"15,9",nM,"7,798602876",BASE,27,372.47,2,6,89.71,10,2.40,0,,CHEMBL5113445
59,CHEMBL4208004,COc1cc2c(NCC3CCN(C)CC3)cc(-c3ccc(C)o3)nc2cc1OCCCN1CCCC1,16,nM,"7,795880017",BASE,36,492.66,1,7,63.00,10,5.43,1,,CHEMBL4190398
60,CHEMBL1829300,COc1cc2c(NC3CCN(C(C)C)CC3)nc(N3CCCCC3)nc2cc1OCCCN1CCCC1,16,nM,"7,795880017",BASE,37,510.73,1,8,65.99,10,4.78,1,,CHEMBL1828613
61,CHEMBL4759665,CNc1cc(C)nc(Nc2ccc(OC)c(OCCCN3CCCC3)c2)n1,"16,9",nM,"7,772113295",BASE,27,371.49,2,7,71.54,9,3.44,0,,CHEMBL4725338
62,CHEMBL4167925,COc1cc2c(NC3CCN(C)CC3)cc(C3CCOCC3)nc2cc1OCCCN1CCCC1,17,nM,"7,769551079",BASE,35,482.67,1,7,59.09,9,4.51,0,,CHEMBL4130634
63,CHEMBL4212905,CCc1ccc(-c2cc(NCC3CCN(C)CC3)c3cc(OC)c(OCCCN4CCCC4)cc3n2)o1,18,nM,"7,744727495",BASE,37,506.69,1,7,63.00,11,5.68,2,,CHEMBL4190398
64,CHEMBL3109638,COc1cc2c(cc1OCCCN1CC[C@H](F)C1)N=C(N)C21CCC1,18,nM,"7,744727495",BASE,25,347.43,1,5,60.08,6,2.93,0,,CHEMBL3108684
65,CHEMBL5183771,COc1cc2c(N3CC4(CCN4)C3)ccnc2cc1OCCCN1CCCC1,"18,4",nM,"7,735182177",BASE,28,382.51,1,6,49.86,7,2.66,0,,CHEMBL5113445
66,CHEMBL1829301,COc1cc2c(NC3CCN(C(C)C)CC3)nc(N3CCCCCC3)nc2cc1OCCCN1CCCC1,20,nM,"7,698970004",BASE,38,524.75,1,8,65.99,10,5.17,2,,CHEMBL1828613
67,CHEMBL4467219,COc1cc2c(NC3CCN(C)CC3)nc(N3CCCN(C)CC3)nc2cc1CCCN1CCCC1,21,nM,"7,677780705",BASE,36,495.72,1,8,60.00,8,3.31,0,,CHEMBL4346750
68,CHEMBL1829303,COc1cc2c(NC3CCN(C(C)C)CC3)nc(C3CCCCC3)nc2cc1OCCOCCN(C)C,21,nM,"7,677780705",BASE,37,513.73,1,8,71.98,12,4.93,1,,CHEMBL1828613
69,CHEMBL4216663,COc1cc2c(NCC3C4CCC3CN(C)C4)cc(-c3ccc(C)o3)nc2cc1OCCCN1CCCC1,21,nM,"7,677780705",BASE,38,518.70,1,7,63.00,10,5.68,2,,CHEMBL4190398
70,CHEMBL4210033,CCc1ccc(-c2cc(NC3CCN(C)CC3)c3cc(OC)c(OCCCN4CCCCC4)cc3n2)o1,21,nM,"7,677780705",BASE,37,506.69,1,7,63.00,10,5.83,2,,CHEMBL4190398
71,CHEMBL1829296,COc1cc2c(NC3CCN(C(C)C)CC3)nc(N3CCCN(C4CCCCC4)CC3)nc2cc1OCCCN1CCCC1,22,nM,"7,657577319",BASE,44,607.89,1,9,69.23,11,5.63,2,,CHEMBL1828613
72,CHEMBL4162911,COc1cc2c(NC3CCN(C4CC4)CC3)cc(-c3ccc(C)o3)nc2cc1OCCCN1CCCC1,22,nM,"7,657577319",BASE,37,504.68,1,7,63.00,10,5.72,2,,CHEMBL4130634
73,CHEMBL4454542,COc1cc2c(cc1OCCCN1CCCC1)N=C(C1CCCCC1)CN=C2NC1CCN(C(C)C)CC1,23,nM,"7,638272164",BASE,38,523.77,1,7,61.69,9,5.44,2,,CHEMBL4400539
74,CHEMBL4176464,CCc1ccc(-c2cc(NC3CCN(C4CC4)CC3)c3cc(OC)c(OCCCN4CCCC4)cc3n2)o1,24,nM,"7,619788758",BASE,38,518.70,1,7,63.00,11,5.97,2,,CHEMBL4130634
75,CHEMBL4286398,COc1cc2nc(N3CCN(C)CC3)nc(NC3CCN(CC4CCCCC4)CC3)c2cc1OC,25,nM,"7,602059991",BASE,35,482.67,1,8,65.99,7,3.86,0,,CHEMBL4261502
76,CHEMBL4855710,COc1cc2c(NC3CCN(c4ccc(C(=O)NO)cc4)CC3)cc(-c3ccc(C)o3)nc2cc1OCCCN1CCCC1,25,nM,"7,602059991",BASE,44,599.73,3,9,112.33,11,5.88,2,,CHEMBL4834403
77,CHEMBL2441079,COc1cc2c(NC3CCN(C(C)C)CC3)nc(N3CC(F)(F)C(F)(F)C3)nc2cc1OCCCN1CCCC1,26,nM,"7,585026652",BASE,40,568.66,1,8,65.99,10,4.88,1,,CHEMBL2440019
78,CHEMBL4166410,COc1cc2c(NC3CCN(C)CC3)cc(C3CCC(C)O3)nc2cc1OCCCN1CCCC1,27,nM,"7,568636236",BASE,35,482.67,1,7,59.09,9,4.85,0,,CHEMBL4130634
79,CHEMBL4753571,CNc1cc(C)nc(Nc2ccc(OC)c(C3CCCNCC3)c2)n1,"28,2",nM,"7,549750892",BASE,25,341.46,3,6,71.10,5,3.44,0,,CHEMBL4725338
80,CHEMBL5199280,COc1cc2c(N3CC(C(N)=O)C3)ccnc2cc1OCCCN1CCCC1,"28,7",nM,"7,542118103",BASE,28,384.48,1,6,80.92,8,2.03,0,,CHEMBL5113445
81,CHEMBL4464846,COc1cc2c(NC3CCN(C)CC3)nc(N3CCCN(C)CC3)nc2cc1CCCN(C)CCO,30,nM,"7,522878745",BASE,36,499.70,2,9,80.23,10,2.14,0,,CHEMBL4346750
82,CHEMBL4287643,COc1cc2nc(N3CCN(C)CC3)cc(NC3CCN(C)CC3)c2cc1OC,30,nM,"7,522878745",BASE,29,399.54,1,7,53.10,5,2.51,0,,CHEMBL4261502
83,CHEMBL1829307,COc1cc2c(NC3CCN(C(C)C)CC3)nc(N3CCCCCC3)nc2cc1OCCCN1CCCCC1,31,nM,"7,508638306",BASE,39,538.78,1,8,65.99,10,5.56,2,,CHEMBL1828613
84,CHEMBL3621580,COc1cc2nc(N3CCN(C)CC3)cc(NC3CCN(Cc4ccccc4)CC3)c2cc1OC,31,nM,"7,508638306",BASE,35,475.64,1,7,53.10,7,4.08,0,,CHEMBL3621101
85,CHEMBL4452780,COc1cc2c(NC3CCN(C)CC3)nc(N3CCCN(C)CC3)nc2cc1CCC1CCCCN1,32,nM,"7,494850022",BASE,36,495.72,2,8,68.79,7,3.36,0,,CHEMBL4346750
86,CHEMBL4863011,COc1cc2c(NC3CCN(c4ncc(C(=O)NO)cn4)CC3)cc(C)nc2cc1OCCCN1CCCC1,34,nM,"7,468521083",BASE,39,535.65,3,10,124.97,10,3.41,1,,CHEMBL4834403
87,CHEMBL4872782,COc1cc2c(NCC3CCN(C4CCC(C(=O)NO)CC4)CC3)cc(-c3ccc(C)o3)nc2cc1OCCCN1CCCC1,38,nM,"7,420216403",BASE,45,619.81,3,9,112.33,12,5.86,2,,CHEMBL4834403
88,CHEMBL4284108,CCCCCCOc1cc2nc(N3CCCN(C)CC3)nc(NC3CCN(Cc4ccccc4)CC3)c2cc1OC,39,nM,"7,408935393",BASE,41,560.79,1,8,65.99,12,5.82,2,,CHEMBL4261502
89,CHEMBL4291978,CCCCCCOc1cc2nc(NCCCN(C)C)nc(NC3CCN(Cc4ccccc4)CC3)c2cc1OC,39,nM,"7,408935393",BASE,40,548.78,2,8,74.78,16,6.04,2,,CHEMBL4261502
90,CHEMBL2441082,COc1cc2c(NC3CCN(C(C)C)CC3)nc(N3CCC(F)(F)CC3)nc2cc1OCCCN1CCCC1,40,nM,"7,397940009",BASE,39,546.71,1,8,65.99,10,5.02,2,,CHEMBL2440019
91,CHEMBL4164497,COc1cc2c(NC3CCN(C)CC3)cc(-c3cccnc3)nc2cc1OCCCN1CCCC1,40,nM,"7,397940009",BASE,35,475.64,1,7,62.75,9,4.68,0,,CHEMBL4130634
92,CHEMBL4207331,COc1cc2c(NC3C4CCC3CN(C)C4)cc(-c3ccc(C)o3)nc2cc1OCCCN1CCCC1,41,nM,"7,387216143",BASE,37,504.68,1,7,63.00,9,5.43,2,,CHEMBL4190398
93,CHEMBL4162967,COc1cc2c(NC3CCN(C)CC3)cc(N3CCN(C)CC3)nc2cc1OCCCN1CCCC1,42,nM,"7,37675071",BASE,36,496.70,1,8,56.34,9,3.37,0,,CHEMBL4130634
94,CHEMBL4159597,COc1cc2c(NC3CCN(C)CC3)cc(-c3ccc(C)s3)nc2cc1OCCCN1CCCC1,43,nM,"7,366531544",BASE,35,494.71,1,7,49.86,9,5.65,1,,CHEMBL4130634
95,CHEMBL4161915,COc1cc2c(NC3CCN(C)CC3)cc(-c3ccn(C)n3)nc2cc1OCCCN1CCCC1,44,nM,"7,356547324",BASE,35,478.64,1,8,67.68,9,4.01,0,,CHEMBL4130634
96,CHEMBL4856184,COc1cc2c(NCC3CCN(Cc4ccc(C(=O)NO)cc4)CC3)cc(-c3ccc(C)o3)nc2cc1OCCCN1CCCC1,46,nM,"7,337242168",BASE,46,627.79,3,9,112.33,13,6.12,2,,CHEMBL4834403
97,CHEMBL4568910,COc1cc2c(NC3CCN(C)CC3)nc(N3CCCN(C)CC3)nc2cc1C#CCN(C)C,47,nM,"7,327902142",BASE,34,465.65,1,8,60.00,5,2.20,0,,CHEMBL4346750
98,CHEMBL4854447,COc1cc2c(NC3CCN(Cc4ccc(C(=O)NO)cc4)CC3)cc(-c3ccc(C)o3)nc2cc1OCCCN1CCCC1,47,nM,"7,327902142",BASE,45,613.76,3,9,112.33,12,5.87,2,,CHEMBL4834403
99,CHEMBL4159955,CCNCc1ccc(-c2cc(NC3CCN(C)CC3)c3cc(OC)c(OCCCN4CCCC4)cc3n2)o1,48,nM,"7,318758763",BASE,38,521.71,2,8,75.03,12,4.98,1,,CHEMBL4130634
100,CHEMBL4285987,COc1cc2nc(N3CCN(C)CC3)nc(NC3CCN(C4CCCCC4)CC3)c2cc1OC,49,nM,"7,30980392",BASE,34,468.65,1,8,65.99,6,3.61,0,,CHEMBL4261502
101,CHEMBL4175132,COc1cc2c(NC3CCN(C)CC3)cc(-c3ccccc3C)nc2cc1OCCCN1CCCC1,52,nM,"7,283996656",BASE,36,488.68,1,6,49.86,9,5.59,1,,CHEMBL4130634
102,CHEMBL4850606,COc1cc2c(NCC3CCC(C(=O)NO)CC3)cc(-c3ccc(C)o3)nc2cc1OCCCN1CCCC1,55,nM,"7,259637311",BASE,39,536.67,3,8,109.09,11,5.40,2,,CHEMBL4834403
103,CHEMBL4278065,COc1cc2nc(N3CCCN(C)CC3)nc(NC3CCN(C4CCCCC4)CC3)c2cc1OC,55,nM,"7,259637311",BASE,35,482.67,1,8,65.99,6,4.00,0,,CHEMBL4261502
104,CHEMBL4282606,COc1cc2nc(N3CCCN(C)CC3)nc(NC3CCN(C(C)C)CC3)c2cc1OC,55,nM,"7,259637311",BASE,32,442.61,1,8,65.99,6,3.07,0,,CHEMBL4261502
105,CHEMBL4532743,COc1cc2c(NC3CCN(C)CC3)nc(N3CCCN(C)CC3)nc2cc1C#CCN1CCCC1=O,61,nM,"7,214670165",BASE,37,505.67,1,8,77.07,5,2.26,1,,CHEMBL4346750
106,CHEMBL5188089,CCc1cc2cc(OC)c(OCCCN3CCCC3)cc2nc1N,"61,6",nM,"7,210419288",BASE,24,329.44,1,5,60.61,7,3.25,0,,CHEMBL5113445
107,CHEMBL4208812,COc1cc2c(NC3CCC34CCN(C)CC4)cc(-c3ccc(C)o3)nc2cc1OCCCN1CCCC1,63,nM,"7,200659451",BASE,38,518.70,1,7,63.00,9,5.96,2,,CHEMBL4190398
108,CHEMBL4212218,COc1cc2c(NC3CCC34CCN(C)C4)cc(-c3ccc(C)o3)nc2cc1OCCCN1CCCC1,76,nM,"7,119186408",BASE,37,504.68,1,7,63.00,9,5.57,2,,CHEMBL4190398
109,CHEMBL5177309,COc1cc2ccc(N)nc2cc1OCCCN1CCCC1,"77,4",nM,"7,111259039",BASE,22,301.39,1,5,60.61,6,2.69,0,,CHEMBL5113445
110,CHEMBL4282018,COc1cc2nc(N3CCN(C)CC3)nc(NC3CCN(Cc4ccc(C)cc4)CC3)c2cc1OC,78,nM,"7,107905397",BASE,36,490.65,1,8,65.99,7,3.78,0,,CHEMBL4261502
111,CHEMBL4747939,CNc1cc(C)nc(Nc2ccc(OC)c(C3=CCCNCC3)c2)n1,"83,3",nM,"7,079354999",BASE,25,339.44,3,6,71.10,5,3.35,0,,CHEMBL4725338
112,CHEMBL4066769,COc1cc2nc(N3CCOCC3)cc(NC3CCN(C)CC3)c2cc1OC,92,nM,"7,036212173",BASE,28,386.50,1,7,59.09,5,2.59,0,,CHEMBL4052719
113,CHEMBL4779949,CNc1cc(C)nc(Nc2ccc(OC)c(C3=CCN(C)CC3)c2)n1,"92,9",nM,"7,031984286",NEUTRAL,25,339.44,2,6,62.31,5,3.30,0,,CHEMBL4725338
114,CHEMBL4203933,CCc1ccc(-c2cc(NC3CCC34CCN(C)CC4)c3cc(OC)c(OCCCN4CCCC4)cc3n2)o1,94,nM,"7,026872146",BASE,39,532.73,1,7,63.00,10,6.22,2,,CHEMBL4190398
115,CHEMBL5189772,COc1cc2c(N3CCCC3)ccnc2cc1OCCCN1CCCC1,"97,3",nM,"7,01188716",BASE,26,355.48,0,5,37.83,7,3.71,0,,CHEMBL5113445
116,CHEMBL5170450,C=CC(=O)Nc1cc(NC2CCN(C(C)C)CC2)c2cc(OC)c(OCCCN3CCCC3)cc2n1,100,nM,7,BASE,36,495.67,2,7,78.96,11,4.52,0,,CHEMBL5126600
117,CHEMBL1895209,COc1cc2nc(N3CCN(C)CC3)nc(NC3CCN(Cc4ccccc4)CC3)c2cc1OC,101,nM,"6,995678626",BASE,35,476.63,1,8,65.99,7,3.48,0,,CHEMBL3621101
118,CHEMBL4212375,CNC(=O)CCNc1cc(-c2ccc(C)o2)nc2cc(OCCCN3CCCC3)c(OC)cc12,105,nM,"6,978810701",BASE,34,466.58,2,7,88.86,11,4.22,0,,CHEMBL4190398
119,CHEMBL1797937,COc1ccc(C(=O)Oc2ccc(CCn3c(NC(=O)c4ccc(C(F)(F)F)cc4)nc4cc(C(=O)O)ccc43)cc2)cc1,106,nM,"6,974694135",ACID,44,603.55,2,7,119.75,9,6.48,2,,CHEMBL1795291
120,CHEMBL4474688,COc1cc2c(NC3CCN(C)CC3)nc(N3CCCN(C)CC3)nc2cc1C#CCCN,107,nM,"6,970616222",BASE,33,451.62,2,8,82.78,5,1.99,0,,CHEMBL4346750
121,CHEMBL1829302,COc1cc2c(NC3CCN(C(C)C)CC3)nc(C3CCCCC3)nc2cc1OCCCN1CCCCC1,110,nM,"6,958607315",BASE,38,523.77,1,7,62.75,10,6.23,2,,CHEMBL1828613
122,CHEMBL4088064,CCCCCCNc1cc(NC2CCN(C)CC2)c2cc(OC)c(OC)cc2n1,110,nM,"6,958607315",BASE,29,400.57,2,6,58.65,10,4.75,0,,CHEMBL4052719
123,CHEMBL4285447,COc1cc2nc(N3CCN(C)CC3)nc(NC3CCN(Cc4ccc(F)cc4)CC3)c2cc1OC,112,nM,"6,950781977",NEUTRAL,36,494.62,1,8,65.99,7,3.61,0,,CHEMBL4261502
124,CHEMBL4281773,CCCCCCOc1cc2nc(N3CCN(C)CC3)nc(NC3CCN(Cc4ccccc4)CC3)c2cc1OC,114,nM,"6,943095149",BASE,40,546.76,1,8,65.99,12,5.43,2,,CHEMBL4261502
125,CHEMBL4208522,COc1cc2c(NC(C)(C)C3CCN(C)CC3)cc(-c3ccc(C)o3)nc2cc1OCCCN1CCCC1,115,nM,"6,93930216",BASE,38,520.72,1,7,63.00,10,6.21,2,,CHEMBL4190398
126,CHEMBL4289892,COc1cc2nc(N3CCN(C)CC3)nc(NC3CCN(Cc4cccc(C)c4)CC3)c2cc1OC,116,nM,"6,935542011",BASE,36,490.65,1,8,65.99,7,3.78,0,,CHEMBL4261502
127,CHEMBL4293686,COc1cc2nc(N3CCN(C)CC3)nc(NC3CCN(Cc4ccccc4F)CC3)c2cc1OC,116,nM,"6,935542011",NEUTRAL,36,494.62,1,8,65.99,7,3.61,0,,CHEMBL4261502
128,CHEMBL4279738,COc1cc2nc(N3CCC(OC)CC3)cc(NC3CCN(Cc4ccccc4)CC3)c2cc1OC,119,nM,"6,924453039",BASE,36,490.65,1,7,59.09,8,4.94,0,,CHEMBL4261502
129,CHEMBL4465568,CCOc1cc2c(cc1OCCCN1CCCC1)N=C(N)C21CCCC1,120,nM,"6,920818754",BASE,26,357.50,1,5,60.08,7,3.76,0,,CHEMBL4321817
130,CHEMBL4284947,COc1cc2nc(N3CCN(C)CC3)nc(NC3CCN(C(C)C)CC3)c2cc1OC,123,nM,"6,910094889",BASE,31,428.58,1,8,65.99,6,2.68,0,,CHEMBL4261502
131,CHEMBL4207526,CCc1ccc(-c2cc(NC3CCN(C)CC3)c3cc(OC)c(OCCCN(C)C)cc3n2)o1,123,nM,"6,910094889",BASE,34,466.63,1,7,63.00,10,4.90,0,,CHEMBL4190398
132,CHEMBL1232432,COc1cc2nc(NCCCN(C)C)nc(NC3CCN(Cc4ccccc4)CC3)c2cc1OC,123,nM,"6,910094889",BASE,35,478.64,2,8,74.78,11,4.09,0,,CHEMBL4261502
133,CHEMBL4286468,COc1cccc(CN2CCC(Nc3nc(N4CCN(C)CC4)nc4cc(OC)c(OC)cc34)CC2)c1,128,nM,"6,89279003",NEUTRAL,37,506.65,1,9,75.22,8,3.48,1,,CHEMBL4261502
134,CHEMBL4283093,COc1cc2nc(N3CCN(C)CC3)nc(NC3CCN(Cc4cccc(F)c4)CC3)c2cc1OC,132,nM,"6,879426069",NEUTRAL,36,494.62,1,8,65.99,7,3.61,0,,CHEMBL4261502
135,CHEMBL4171275,COc1cc(NC2CCN(C)CC2)c2cc(OC)c(OCCCN3CCCC3)cc2n1,136,nM,"6,866461092",BASE,31,428.58,1,7,59.09,9,3.62,0,,CHEMBL4130634
136,CHEMBL4162957,COc1cc2c(NC3CCN(C)CC3)cc(-c3cc[nH]c(=O)c3)nc2cc1OCCCN1CCCC1,142,nM,"6,847711656",BASE,36,491.64,2,7,82.72,9,3.97,0,,CHEMBL4130634
137,CHEMBL4438513,CCN1CCC(c2cc3nc(N4CCCN(C)CC4)nc(NC4CCN(C)CC4)c3cc2OC)CC1,142,nM,"6,847711656",BASE,36,495.72,1,8,60.00,6,3.49,0,,CHEMBL4346750
138,CHEMBL4757236,CNc1cc(C)nc(Nc2ccc(OC)c(C3=CCN(C4CCC4)CCC3)c2)n1,145,nM,"6,838631998",BASE,29,393.54,2,6,62.31,6,4.61,0,,CHEMBL4725338
139,CHEMBL4217332,COc1cc2c(NC3CCN(C)C(=O)C3)cc(-c3ccc(C)o3)nc2cc1OCCCN1CCCC1,146,nM,"6,835647144",BASE,36,492.62,1,7,80.07,9,4.71,0,,CHEMBL4190398
140,CHEMBL4167876,COc1cc2c(NC3CCN(C)CC3)cc(-c3ccc(CN(C)C)o3)nc2cc1OCCCN1CCCC1,148,nM,"6,829738285",BASE,38,521.71,1,8,66.24,11,4.94,1,,CHEMBL4130634
141,CHEMBL3109633,COc1cc2c(cc1OCCC1CCCN1C)N=C(N)C21CCC1,150,nM,"6,823908741",BASE,24,329.44,1,5,60.08,5,2.98,0,,CHEMBL3108684
142,CHEMBL4075387,COc1cc2nc(N(C)CCN(C)C)nc(NC3CCN(C)CC3)c2cc1OC,151,nM,"6,821023053",BASE,29,402.54,1,8,65.99,8,2.15,0,,CHEMBL4052719
143,CHEMBL3109625,COc1cc2c(cc1OC)C1(CCC1)C(N)=N2,153,nM,"6,815308569",BASE,17,232.28,1,4,56.84,2,2.13,0,,CHEMBL3108684
144,CHEMBL4558425,COc1cc2c(NC3CCN(C)CC3)nc(N3CCCN(C)CC3)nc2cc1NC(=O)CCCCN,163,nM,"6,787812396",BASE,36,498.68,3,9,111.88,9,2.35,0,,CHEMBL4346750
145,CHEMBL4293277,COc1cc2nc(N3CCN(C)CC3)nc(NC3CCN(Cc4ccccc4C)CC3)c2cc1OC,169,nM,"6,772113295",BASE,36,490.65,1,8,65.99,7,3.78,0,,CHEMBL4261502
146,CHEMBL499593,CN1C(=O)[C@]2(Cc3cn([C@]45C[C@@]67SS[C@@](CO)(C(=O)N6[C@H]4Nc4ccccc45)N(C)C7=O)c4ccccc34)SS[C@@]1(CO)C(=O)N2C,170,nM,"6,769551079",NEUTRAL,47,710.89,3,12,138.66,5,1.87,2,,CHEMBL2169811
147,CHEMBL4100004,COc1cc2nc(N(C)C3CCCCC3)nc(NC3CCN(C)CC3)c2cc1OC,177,nM,"6,752026734",BASE,30,413.57,1,7,62.75,6,3.92,0,,CHEMBL4052719
148,CHEMBL2441081,COc1cc2c(NC3CCN(C(C)C)CC3)nc(N3CCOCC3)nc2cc1OCCCN1CCCC1,180,nM,"6,744727495",BASE,37,512.70,1,9,75.22,10,3.62,1,,CHEMBL2440019
149,CHEMBL4291748,COc1cc2nc(N3CCC(OC)CC3)nc(NC3CCN(CC4CCCCC4)CC3)c2cc1OC,185,nM,"6,732828272",BASE,36,497.68,1,8,71.98,8,4.72,0,,CHEMBL4261502
150,CHEMBL4097286,COc1cc2nc(N3CCCCCC3)nc(NC3CCN(C)CC3)c2cc1OC,190,nM,"6,721246399",BASE,29,399.54,1,7,62.75,5,3.53,0,,CHEMBL4004823
151,CHEMBL5194471,COc1cc2cc(C)c(N)nc2cc1OCCCN1CCCC1,"206,2",nM,"6,685711339",BASE,23,315.42,1,5,60.61,6,3.00,0,,CHEMBL5113445
152,CHEMBL4475124,COc1cc2c(NC3CCN(C)CC3)nc(N3CCCN(C)CC3)nc2cc1C#CCN(C)CCO,211,nM,"6,675717545",BASE,36,495.67,2,9,80.23,7,1.56,0,,CHEMBL4346750
153,CHEMBL4292456,CCCCCCCCOc1cc2nc(N3CCCN(C)CC3)nc(NC3CCN(Cc4ccccc4)CC3)c2cc1OC,211,nM,"6,675717545",BASE,43,588.84,1,8,65.99,14,6.60,2,,CHEMBL4261502
154,CHEMBL5189737,CCC(=O)Nc1cc(NC2CCN(C(C)C)CC2)c2cc(OC)c(OCCCN3CCCC3)cc2n1,211,nM,"6,675717545",BASE,36,497.68,2,7,78.96,11,4.74,0,,CHEMBL5126600
155,CHEMBL4743259,CNc1cc(C)nc(Nc2ccc(OC)c(C3=CCN(CCO)CCC3)c2)n1,213,nM,"6,671620397",BASE,28,383.50,3,7,82.54,7,3.05,0,,CHEMBL4725338
156,CHEMBL4560792,COc1cc2c(NC3CCN(C(C)C)CC3)nc(C3CCCCC3)nc2cc1CCCN(C)C,214,nM,"6,669586227",BASE,34,467.70,1,6,53.52,9,5.47,1,,CHEMBL4346750
157,CHEMBL4460703,COc1cc2c(NC3CCN(C)CC3)nc(N3CCCN(C)CC3)nc2cc1CCCN1CCCC1=O,219,nM,"6,659555885",BASE,37,509.70,1,8,77.07,8,2.84,1,,CHEMBL4346750
158,CHEMBL4293645,COc1cc2c(NC3CCN(Cc4ccccc4)CC3)nc(N3CCN(C)CC3)nc2cc1OCCCSC,223,nM,"6,651695137",BASE,39,550.77,1,9,65.99,11,4.60,1,,CHEMBL4261502
159,CHEMBL4085546,CCCN1CCC(Nc2nc(N3CCOCC3)nc3cc(OC)c(OC)cc23)CC1,224,nM,"6,649751982",BASE,30,415.54,1,8,71.98,7,2.77,0,,CHEMBL4004823
160,CHEMBL4745864,CNc1cc(C)nc(Nc2ccc(OC)c(C3=CCNCC3)c2)n1,225,nM,"6,647817482",BASE,24,325.42,3,6,71.10,5,2.96,0,,CHEMBL4725338
161,CHEMBL4205107,COc1cc2c(NCCO)cc(-c3ccc(C)o3)nc2cc1OCCCN1CCCC1,244,nM,"6,612610174",BASE,31,425.53,2,7,79.99,10,4.08,0,,CHEMBL4190398
162,CHEMBL4094717,COc1cc2nc(N(C)C3CCCC3)nc(NC3CCN(C)CC3)c2cc1OC,259,nM,"6,586700236",BASE,29,399.54,1,7,62.75,6,3.53,0,,CHEMBL4052719
163,CHEMBL4072569,COc1cc2nc(N3CCOCC3)nc(NC3CCN(C(C)C)CC3)c2cc1OC,262,nM,"6,581698709",BASE,30,415.54,1,8,71.98,6,2.77,0,,CHEMBL4004823
164,CHEMBL4164446,COc1cc2c(NC3CCN(C)CC3)cc(-c3ccc(C#N)o3)nc2cc1OCCCN1CCCC1,264,nM,"6,578396073",BASE,36,489.62,1,8,86.79,9,4.75,0,,CHEMBL4130634
165,CHEMBL4873711,COc1cc2c(NCC3CCN(c4ccc(C(=O)NO)cc4)CC3)cc(-c3ccc(C)o3)nc2cc1OCCCN1CCCC1,269,nM,"6,57024772",BASE,45,613.76,3,9,112.33,12,6.12,2,,CHEMBL4834403
166,CHEMBL4852593,COc1cc2c(NCC3CCN(c4ncc(C(=O)NO)cn4)CC3)cc(-c3ccc(C)o3)nc2cc1OCCCN1CCCC1,269,nM,"6,57024772",BASE,45,615.74,3,11,138.11,12,4.91,2,,CHEMBL4834403
167,CHEMBL4069640,COc1cc2nc(N(C)CCO)nc(NC3CCN(C)CC3)c2cc1OC,282,nM,"6,549750892",BASE,27,375.47,2,8,82.98,7,1.58,0,,CHEMBL4052719
168,CHEMBL4072211,CCCN(C)c1nc(NC2CCN(C)CC2)c2cc(OC)c(OC)cc2n1,295,nM,"6,530177984",BASE,27,373.50,1,7,62.75,7,3.00,0,,CHEMBL4052719
169,CHEMBL4281116,COc1cc2nc(N3CCCCC3)nc(NC3CCN(CC4CCCCC4)CC3)c2cc1OC,295,nM,"6,530177984",BASE,34,467.66,1,7,62.75,7,5.09,1,,CHEMBL4261502
170,CHEMBL4099939,CCCCCN(C)c1nc(NC2CCN(C)CC2)c2cc(OC)c(OC)cc2n1,306,nM,"6,514278574",BASE,29,401.56,1,7,62.75,9,3.78,0,,CHEMBL4004823
171,CHEMBL2441078,COc1cc2c(NC3CCN(C4CC4)CC3)nc(N3CCC(F)(F)CC3)nc2cc1OCCCN1CCCC1,310,nM,"6,508638306",BASE,39,544.69,1,8,65.99,10,4.78,1,,CHEMBL2440019
172,CHEMBL2441076,COc1cc2c(NC3CCN(C(C)C)CC3)nc(C3CCOCC3)nc2cc1OCCCN1CCCC1,310,nM,"6,508638306",BASE,37,511.71,1,8,71.98,10,4.68,1,,CHEMBL2440019
173,CHEMBL4081938,CCCCCCN(C)c1nc(NC2CCN(C)CC2)c2cc(OC)c(OC)cc2n1,311,nM,"6,507239611",BASE,30,415.58,1,7,62.75,10,4.17,0,,CHEMBL4004823
174,CHEMBL4093293,COc1cc2nc(N3CCOCC3)nc(NC3CCN(C4CC4)CC3)c2cc1OC,313,nM,"6,504455662",BASE,30,413.52,1,8,71.98,6,2.52,0,,CHEMBL4004823
175,CHEMBL4063569,COc1cc2nc(N3CCCC3)nc(NC3CCN(C)CC3)c2cc1OC,313,nM,"6,504455662",BASE,27,371.49,1,7,62.75,5,2.75,0,,CHEMBL4004823
176,CHEMBL4104425,COc1cc2nc(NCCCCC(C)C)nc(NC3CCN(C)CC3)c2cc1OC,315,nM,"6,501689446",BASE,30,415.58,2,7,71.54,10,4.39,0,,CHEMBL4052719
177,CHEMBL4084508,COc1cc2nc(N(C)C(C)C)nc(NC3CCN(C)CC3)c2cc1OC,318,nM,"6,49757288",BASE,27,373.50,1,7,62.75,6,3.00,0,,CHEMBL4052719
178,CHEMBL4281519,COc1cc2nc(N3CCCCC3)nc(NC3CCN(C(C)C)CC3)c2cc1OC,319,nM,"6,496209317",BASE,30,413.57,1,7,62.75,6,3.92,0,,CHEMBL4261502
179,CHEMBL4063977,CCN1CCC(Nc2nc(N3CCOCC3)nc3cc(OC)c(OC)cc23)CC1,323,nM,"6,490797478",BASE,29,401.51,1,8,71.98,6,2.38,0,,CHEMBL4004823
180,CHEMBL578227,COc1cc2nc(N3CCCN(C)CC3)nc(NC3CCN(C)CC3)c2cc1OC,330,nM,"6,48148606",BASE,30,414.55,1,8,65.99,5,2.30,0,,CHEMBL1154694
181,CHEMBL4282170,COc1cc2nc(N3CCCCCC3)nc(NC3CCN(Cc4ccccc4)CC3)c2cc1OC,332,nM,"6,478861916",BASE,35,475.64,1,7,62.75,7,5.10,1,,CHEMBL4261502
182,CHEMBL4170228,COc1cc2c(NC3CCN(C)CC3)nc(-c3ccc(C)o3)nc2cc1OCCCN1CCCC1,336,nM,"6,473660723",BASE,35,479.63,1,8,75.89,9,4.58,0,,CHEMBL4130634
183,CHEMBL4552592,COc1cc2c(NC3CCN(C(C)C)CC3)nc(C3CCCCC3)nc2cc1C#CCN1CCCC1=O,338,nM,"6,4710833",BASE,37,503.69,1,6,70.59,6,4.94,1,,CHEMBL4346750
184,CHEMBL4104299,CCCCCNc1nc(NC2CCN(C)CC2)c2cc(OC)c(OC)cc2n1,341,nM,"6,467245621",BASE,28,387.53,2,7,71.54,9,3.76,0,,CHEMBL4004823
185,CHEMBL4215377,Cc1ccc(-c2cc(NC3CCN(C)CC3)c3cc(Cl)c(OCCCN4CCCC4)cc3n2)o1,342,nM,"6,465973894",BASE,34,483.06,1,6,53.77,8,5.83,1,,CHEMBL4190398
186,CHEMBL4293996,COc1cc2nc(N3CCN(C)CC3)nc(NC3CCN(Cc4ccccc4)C3)c2cc1OC,344,nM,"6,463441557",BASE,34,462.60,1,8,65.99,7,3.09,0,,CHEMBL4261502
187,CHEMBL4215326,COc1cc2c(NC3CCN(C)CC3)cc(-c3ccc(C)o3)nc2cc1OC1CC2(C1)CN(C)C2,351,nM,"6,454692884",BASE,35,476.62,1,7,63.00,6,4.79,0,,CHEMBL4190398
188,CHEMBL4074209,COc1cc2nc(N(C)C3CCC3)nc(NC3CCN(C)CC3)c2cc1OC,356,nM,"6,448550002",BASE,28,385.51,1,7,62.75,6,3.14,0,,CHEMBL4052719
189,CHEMBL4435107,COc1cc2c(NC3CCN(C(C)C)CC3)nc(C3CCCCC3)nc2cc1C#CCN(C)C,358,nM,"6,446116973",BASE,34,463.67,1,6,53.52,6,4.88,0,,CHEMBL4346750
190,CHEMBL4064559,COc1cc2nc(N(C)CC(C)C)nc(NC3CCN(C)CC3)c2cc1OC,359,nM,"6,444905551",BASE,28,387.53,1,7,62.75,7,3.25,0,,CHEMBL4052719
191,CHEMBL4570643,CNCC#Cc1cc2nc(N3CCCN(C)CC3)nc(NC3CCN(C)CC3)c2cc1OC,359,nM,"6,444905551",BASE,33,451.62,2,8,68.79,5,1.86,0,,CHEMBL4346750
192,CHEMBL4215862,COc1cc2c(NC3CCN(C)CC3)cc(-c3ccc(C)o3)nc2cc1OC1CC2(C1)CN(C(C)C)C2,378,nM,"6,4225082",BASE,37,504.68,1,7,63.00,7,5.57,2,,CHEMBL4190398
193,CHEMBL51085,O=c1c2ccccc2[se]n1-c1ccccc1,400,nM,"6,397940009",,,274.18,,,,,,,3.0,CHEMBL4184305
194,CHEMBL4094167,CCCCN(C)c1nc(NC2CCN(C)CC2)c2cc(OC)c(OC)cc2n1,407,nM,"6,390405591",BASE,28,387.53,1,7,62.75,8,3.39,0,,CHEMBL4004823
195,CHEMBL4078544,CCCCNc1nc(NC2CCN(C)CC2)c2cc(OC)c(OC)cc2n1,436,nM,"6,360513511",BASE,27,373.50,2,7,71.54,8,3.37,0,,CHEMBL4004823
196,CHEMBL4211622,COc1cc2c(NC3CC3)cc(-c3ccc(C)o3)nc2cc1OCCCN1CCCC1,436,nM,"6,360513511",BASE,31,421.54,1,6,59.76,9,5.25,1,,CHEMBL4190398
197,CHEMBL4067656,COc1cc2nc(C3CCCCC3)nc(NC3CCN(C)CC3)c2cc1OC,438,nM,"6,358525889",BASE,28,384.52,1,6,59.51,5,4.20,0,,CHEMBL4004823
198,CHEMBL5185925,COc1cc2cc(C)c(NCc3ccccc3)nc2cc1OCCCN1CCCC1,"440,39",nM,"6,356162551",BASE,30,405.54,1,5,46.62,9,5.03,1,,CHEMBL5113445
199,CHEMBL4101782,CCCCN(CCC)c1nc(NC2CCN(C)CC2)c2cc(OC)c(OC)cc2n1,443,nM,"6,353596274",BASE,30,415.58,1,7,62.75,10,4.17,0,,CHEMBL4052719
200,CHEMBL4476055,COc1cc2c(NC3CCN(C)CC3)nc(N3CCCN(C)CC3)nc2cc1NC(=O)CCN,447,nM,"6,349692477",BASE,34,470.62,3,9,111.88,7,1.57,0,,CHEMBL4346750
201,CHEMBL4208308,O=C1c2ccccc2C(=O)N1[Se]c1ccccc1,450,nM,"6,346787486",,,302.19,,,,,,,,CHEMBL4184305
202,CHEMBL4742769,CNc1cc(C)nc(Nc2ccc(OC)c(C3=CCCN(C)C3)c2)n1,451,nM,"6,345823458",NEUTRAL,25,339.44,2,6,62.31,5,3.30,0,,CHEMBL4725338
203,CHEMBL4092975,CCN(C)c1nc(NC2CCN(C)CC2)c2cc(OC)c(OC)cc2n1,465,nM,"6,332547047",BASE,26,359.47,1,7,62.75,6,2.61,0,,CHEMBL4052719
204,CHEMBL4870304,COc1cc2nc(NC3CC3)nc(NC3CCN(C(C)C)CC3)c2cc1OC.O=C(O)C(F)(F)F,"467,4",nM,"6,330311292",BASE,28,499.53,2,7,71.54,7,3.51,0,,CHEMBL4804283
205,CHEMBL4872188,COc1cc2c(NCc3ccc(C(=O)NO)cc3)cc(-c3ccc(C)o3)nc2cc1OCCCN1CCCC1,471,nM,"6,326979093",BASE,39,530.63,3,8,109.09,11,5.41,2,,CHEMBL4834403
206,CHEMBL1902352,COc1cc2nc(N3CCCCC3)nc(NC3CCN(Cc4ccccc4)CC3)c2cc1OC,472,nM,"6,326058001",BASE,34,461.61,1,7,62.75,7,4.71,0,,CHEMBL3621101
207,CHEMBL5202307,COc1cc2c(N3CC(C(=O)O)C3)ccnc2cc1OCCCN1CCCC1,"479,7",nM,"6,319030282",ZWITTERION,28,385.46,1,6,75.13,8,2.63,0,,CHEMBL5113445
208,CHEMBL4063767,CCCN(CC)c1nc(NC2CCN(C)CC2)c2cc(OC)c(OC)cc2n1,481,nM,"6,317854924",BASE,28,387.53,1,7,62.75,8,3.39,0,,CHEMBL4052719
209,CHEMBL4072358,COc1cc2nc(N(C)CCCO)nc(NC3CCN(C)CC3)c2cc1OC,484,nM,"6,315154638",BASE,28,389.50,2,8,82.98,8,1.97,0,,CHEMBL4052719
210,CHEMBL28517,NC(=O)/N=N/C(N)=O,500,nM,"6,301029996",NEUTRAL,8,116.08,2,2,110.90,0,-0.40,0,,CHEMBL4184305
211,CHEMBL4293660,COc1cc2nc(N3CCC(N(C)C)CC3)nc(NC3CCN(Cc4ccccc4)CC3)c2cc1OC,506,nM,"6,295849483",BASE,37,504.68,1,8,65.99,8,4.25,1,,CHEMBL4261502
212,CHEMBL4105129,CCCCN(CC)c1nc(NC2CCN(C)CC2)c2cc(OC)c(OC)cc2n1,508,nM,"6,294136288",BASE,29,401.56,1,7,62.75,9,3.78,0,,CHEMBL4052719
213,CHEMBL4210955,Cc1ccc(-c2cc(NC3CCN(C)CC3)c3ccc(OCCCN4CCCC4)cc3n2)o1,532,nM,"6,274088368",BASE,33,448.61,1,6,53.77,8,5.17,1,,CHEMBL4190398
214,CHEMBL4068291,COc1cc2nc(N(C)CC3CCCCC3)nc(NC3CCN(C)CC3)c2cc1OC,532,nM,"6,274088368",BASE,31,427.59,1,7,62.75,7,4.17,0,,CHEMBL4052719
215,CHEMBL4090654,COc1cc2nc(N(C)Cc3ccccc3)nc(NC3CCN(C)CC3)c2cc1OC,534,nM,"6,272458743",BASE,31,421.55,1,7,62.75,7,3.79,0,,CHEMBL4052719
216,CHEMBL120563,CN(C)C(=S)SSC(=S)N(C)C,550,nM,"6,259637311",,12,240.44,0,4,6.48,0,2.06,0,-1.0,CHEMBL4184305
217,CHEMBL4102467,COc1cc2nc(N(C)C3CC3)nc(NC3CCN(C)CC3)c2cc1OC,550,nM,"6,259637311",BASE,27,371.49,1,7,62.75,6,2.75,0,,CHEMBL4052719
218,CHEMBL570120,COc1cc2nc(N3CCCCC3)nc(NC3CCN(C)CC3)c2cc1OC,550,nM,"6,259637311",BASE,28,385.51,1,7,62.75,5,3.14,0,,CHEMBL1154694
219,CHEMBL3122204,c1ccc([Se][Se]c2ccccc2)cc1,550,nM,"6,259637311",,,312.13,,,,,,,,CHEMBL4184305
220,CHEMBL4279590,COc1cc2c(NC3CCN(Cc4ccccc4)CC3)nc(N3CCN(C)CC3)nc2cc1OCCCCSC,575,nM,"6,240332155",BASE,40,564.80,1,9,65.99,12,4.99,1,,CHEMBL4261502
221,CHEMBL4285784,COc1cc2nc(N3CCC(OC)CC3)nc(NC3CCN(Cc4ccccc4)CC3)c2cc1OC,576,nM,"6,239577517",BASE,36,491.64,1,8,71.98,8,4.34,0,,CHEMBL4261502
222,CHEMBL4093972,COc1cc2nc(NCC(C)(C)C)nc(NC3CCN(C)CC3)c2cc1OC,585,nM,"6,232844134",BASE,28,387.53,2,7,71.54,6,3.61,0,,CHEMBL4052719
223,CHEMBL4755416,CNc1cc(C)nc(Nc2ccc(OC)c(C3CCN(C)CC3)c2)n1,588,nM,"6,230622674",BASE,25,341.46,2,6,62.31,5,3.39,0,,CHEMBL4725338
224,CHEMBL2441077,COc1cc2c(NC3CCN(C4CC4)CC3)nc(N3CCS(=O)(=O)CC3)nc2cc1OCCCN1CCCC1,590,nM,"6,229147988",BASE,39,558.75,1,10,100.13,10,2.78,1,,CHEMBL2440019
225,CHEMBL4205136,CCc1ccc(-c2cc(NC3CCN(C)CC3)c3cc(OC)c(OCCCN4CCC5(CC5)C4)cc3n2)o1,599,nM,"6,222573178",BASE,38,518.70,1,7,63.00,10,5.83,2,,CHEMBL4190398
226,CHEMBL964,CCN(CC)C(=S)SSC(=S)N(CC)CC,600,nM,"6,22184875",,16,296.55,0,4,6.48,4,3.62,0,4.0,CHEMBL4184305
227,CHEMBL5184153,COc1cc2c(N3CCC3)ccnc2cc1OCCCN1CCCC1,"628,4",nM,"6,201763824",BASE,25,341.46,0,5,37.83,7,3.32,0,,CHEMBL5113445
228,CHEMBL2172426,CN1C(=O)[C@@]23C[C@]4([C@]56C[C@@]78SS[C@@](C)(C(=O)N7[C@H]5Nc5ccccc56)N(C)C8=O)c5ccccc5N[C@@H]4N2C(=O)[C@]1(C)SS3,630,nM,"6,200659451",NEUTRAL,44,664.86,2,10,105.30,1,3.39,1,,CHEMBL2169811
229,CHEMBL5191627,COc1cc2cc3c(nc2cc1OCCCN1CCCC1)NCC3,"633,4",nM,"6,198321941",BASE,24,327.43,1,5,46.62,6,3.08,0,,CHEMBL5113445
230,CHEMBL4166822,COc1cc2c(NC3CCN(C)CC3)cc(C(F)(F)F)nc2cc1OCCCN1CCCC1,637,nM,"6,195860568",BASE,33,466.55,1,6,49.86,8,4.63,0,,CHEMBL4130634
231,CHEMBL4449387,COc1cc2c(NC3CCN(C)CC3)nc(N3CCCN(C)CC3)nc2cc1NC(=O)NCCCN,648,nM,"6,188424994",BASE,36,499.66,4,9,123.91,8,1.76,0,,CHEMBL4346750
232,CHEMBL118678,c1ccc(SSc2ccccn2)nc1,650,nM,"6,187086643",NEUTRAL,14,220.32,0,4,25.78,3,3.28,0,,CHEMBL4184305
233,CHEMBL4580258,COc1cc2c(NC3CCN(C)CC3)nc(N3CCCN(C)CC3)nc2cc1NC(=O)CCN(C)C,672,nM,"6,172630727",BASE,36,498.68,2,9,89.10,8,2.18,0,,CHEMBL4346750
234,CHEMBL572373,COc1cc2nc(N3CCN(C)CC3)nc(NC3CCN(C)CC3)c2cc1OC,680,nM,"6,167491087",BASE,29,400.53,1,8,65.99,5,1.90,0,,CHEMBL1154694
235,CHEMBL4286827,CCCCOc1cc2nc(N3CCN(C)CC3)nc(NC3CCN(Cc4ccccc4)CC3)c2cc1OC,683,nM,"6,165579296",BASE,38,518.71,1,8,65.99,10,4.65,1,,CHEMBL4261502
236,CHEMBL4294768,COc1cc2nc(N3CCCCC3)nc(NC3CCN(Cc4ccc(C)cc4)CC3)c2cc1OC,690,nM,"6,161150909",BASE,35,475.64,1,7,62.75,7,5.02,1,,CHEMBL4261502
237,CHEMBL4217747,COc1cc2c(NCc3ccccc3)cc(-c3ccc(C)o3)nc2cc1OCCCN1CCCC1,699,nM,"6,155522824",BASE,35,471.60,1,6,59.76,10,6.29,1,,CHEMBL4190398
238,CHEMBL4092251,COc1cc2nc(N(C)c3ccccc3)nc(NC3CCN(C)CC3)c2cc1OC,724,nM,"6,140261434",BASE,30,407.52,1,7,62.75,6,3.92,0,,CHEMBL4052719
239,CHEMBL4095652,COc1cc2nc(N(C)CC(C)(C)C)nc(NC3CCN(C)CC3)c2cc1OC,726,nM,"6,139063379",BASE,29,401.56,1,7,62.75,6,3.64,0,,CHEMBL4052719
240,CHEMBL4216799,COc1cc2c(NC3CCCC3)cc(-c3ccc(C)o3)nc2cc1OCCCN1CCCC1,735,nM,"6,133712661",BASE,33,449.60,1,6,59.76,9,6.03,1,,CHEMBL4190398
241,CHEMBL4555461,CCc1cc2nc(N3CCCN(C)CC3)nc(NC3CCN(C)CC3)c2cc1OC,740,nM,"6,13076828",BASE,30,412.58,1,7,56.76,5,2.85,0,,CHEMBL4346750
242,CHEMBL3109636,COc1cc2c(cc1OCCCn1ccnc1)N=C(N)C21CCC1,754,nM,"6,122628654",BASE,24,326.40,1,6,74.66,6,2.78,0,,CHEMBL3108684
243,CHEMBL4066625,CCCCCCCNc1nc(NC2CCN(C)CC2)c2cc(OC)c(OC)cc2n1,756,nM,"6,121478204",BASE,30,415.58,2,7,71.54,11,4.54,0,,CHEMBL4004823
244,CHEMBL4080189,COc1cc2nc(NCCCCCCO)nc(NC3CCN(C)CC3)c2cc1OC,788,nM,"6,103473783",BASE,30,417.55,3,8,91.77,11,3.12,0,,CHEMBL4052719
245,CHEMBL3335713,Br[Se]c1ccccc1,790,nM,"6,102372909",,,235.97,,,,,,,,CHEMBL4184305
246,CHEMBL4283414,COc1cc2nc(N3CCCCC3)nc(NC3CCN(Cc4ccccc4)C3)c2cc1OC,830,nM,"6,080921908",BASE,33,447.58,1,7,62.75,7,4.32,0,,CHEMBL4261502
247,CHEMBL4208010,COc1cc2c(NC3CCN(C)CC3)cc(-c3ccc(C)o3)nc2cc1OCC1CCNCC1,838,nM,"6,076755981",BASE,34,464.61,2,7,71.79,7,4.70,0,,CHEMBL4190398
248,CHEMBL4290452,CCCCOc1cc2nc(N3CCN(C)CC3)nc(NC3CCN(C(C)C)CC3)c2cc1OC,843,nM,"6,074172425",BASE,34,470.66,1,8,65.99,9,3.85,0,,CHEMBL4261502
249,CHEMBL4776077,CNc1cc(C)nc(Nc2ccc(OC(F)(F)F)c(C3=CCNCCC3)c2)n1,853,nM,"6,069050969",BASE,28,393.41,3,6,71.10,5,4.24,0,,CHEMBL4725338
250,CHEMBL4210432,Cc1ccc(-c2cc(NC3CCN(C)CC3)c3cc(O)c(OCCCN4CCCC4)cc3n2)o1,859,nM,"6,066006836",BASE,34,464.61,2,7,74.00,8,4.88,0,,CHEMBL4190398
251,CHEMBL4278552,COc1cc2nc(N3CCCCC3)nc(NC3CCN(Cc4cccc(C)c4)CC3)c2cc1OC,869,nM,"6,060980224",BASE,35,475.64,1,7,62.75,7,5.02,1,,CHEMBL4261502
252,CHEMBL4554293,CC(C)Oc1cc2c(cc1OCCCN1CCCC1)N=C(N)C21CCCC1,900,nM,"6,045757491",BASE,27,371.53,1,5,60.08,7,4.15,0,,CHEMBL4321817
253,CHEMBL585180,CCN(CC)c1nc(NC2CCN(C)CC2)c2cc(OC)c(OC)cc2n1,910,nM,"6,040958608",BASE,27,373.50,1,7,62.75,7,3.00,0,,CHEMBL1154694
254,CHEMBL4217087,COc1cc2c(N(C)C3CCN(C)CC3)cc(-c3ccc(C)o3)nc2cc1OCCCN1CCCC1,935,nM,"6,029188389",BASE,36,492.66,0,7,54.21,9,5.21,1,,CHEMBL4190398
255,CHEMBL4539914,COc1cc2c(cc1OCCCN1CCCC1)NC(C1CCCCC1)CN=C2NC1CCN(C(C)C)CC1,955,nM,"6,019996628",BASE,38,525.78,2,7,61.36,9,5.14,2,,CHEMBL4400539
256,CHEMBL4083783,COc1cc2nc(NC3CCCCC3)nc(NC3CCN(C)CC3)c2cc1OC,956,nM,"6,019542108",BASE,29,399.54,2,7,71.54,6,3.90,0,,CHEMBL4052719
257,CHEMBL4086403,CCCCCCNc1nc(NC2CCN(C)CC2)c2cc(OC)c(OC)cc2n1,992,nM,"6,003488328",BASE,29,401.56,2,7,71.54,10,4.15,0,,CHEMBL4004823
258,CHEMBL4279942,COc1cc2nc(N3CCCCC3)nc(NC3CCCN(Cc4ccccc4)C3)c2cc1OC,1000,nM,6,BASE,34,461.61,1,7,62.75,7,4.71,0,,CHEMBL4261502
259,CHEMBL4286868,COc1cc2nc(N3CCCCC3)nc(NC3CCN(Cc4ccccc4C)CC3)c2cc1OC,1000,nM,6,BASE,35,475.64,1,7,62.75,7,5.02,1,,CHEMBL4261502
260,CHEMBL4290591,COc1cc2nc(N3CCN(C)CC3)nc(NC3CCCN(Cc4ccccc4)C3)c2cc1OC,1000,nM,6,BASE,35,476.63,1,8,65.99,7,3.48,0,,CHEMBL4261502
261,CHEMBL4295101,COc1cc2nc(N3CCCCC3)nc(NC3CCN(Cc4cccc(F)c4)CC3)c2cc1OC,1000,nM,6,NEUTRAL,35,479.60,1,7,62.75,7,4.85,0,,CHEMBL4261502
262,CHEMBL4294728,CCCCCOc1cc2nc(N3CCN(C)CC3)nc(NC3CCN(Cc4ccccc4)CC3)c2cc1OC,1000,nM,6,BASE,39,532.73,1,8,65.99,11,5.04,2,,CHEMBL4261502
263,CHEMBL4291579,CCCCCCCCOc1cc2nc(N3CCN(C)CC3)nc(NC3CCN(Cc4ccccc4)CC3)c2cc1OC,1018,nM,"5,992252222",BASE,42,574.81,1,8,65.99,14,6.21,2,,CHEMBL4261502
264,CHEMBL5191130,COc1cc2c(NCC(=O)O)ccnc2cc1OCCCN1CCCC1,"1021,2",nM,"5,990889194",ZWITTERION,26,359.43,2,6,83.92,9,2.60,0,,CHEMBL5113445
265,CHEMBL4079262,COc1cc2nc(N3CCC(F)(F)CC3)nc(NC3CCN(C)CC3)c2cc1OC,1060,nM,"5,974694135",BASE,30,421.49,1,7,62.75,5,3.39,0,,CHEMBL4004823
266,CHEMBL5209060,COc1cc2c(NCCC(=O)O)ccnc2cc1OCCCN1CCCC1,"1075,4",nM,"5,968429968",ZWITTERION,27,373.45,2,6,83.92,10,2.99,0,,CHEMBL5113445
267,CHEMBL4169833,COc1cc2c(NC3CCN(C)CC3)cc(-c3ccnn3C)nc2cc1OCCCN1CCCC1,1080,nM,"5,966576245",BASE,35,478.64,1,8,67.68,9,4.01,0,,CHEMBL4130634
268,CHEMBL5207069,COc1cc2c(NCC(N)=O)ccnc2cc1OCCCN1CCCC1,"1086,2",nM,"5,964090202",BASE,26,358.44,2,6,89.71,9,2.01,0,,CHEMBL5113445
269,CHEMBL4545884,COc1cc2c(cc1OCCCN1CCCC1)N=C(c1ccccc1)CN=C2NC1CCN(C(C)C)CC1,1090,nM,"5,962573502",BASE,38,517.72,1,7,61.69,9,4.90,1,,CHEMBL4400539
270,CHEMBL576260,COc1cc2nc(N(C)C)nc(NC3CCN(C)CC3)c2cc1OC,1100,nM,"5,958607315",BASE,25,345.45,1,7,62.75,5,2.22,0,,CHEMBL1154694
271,CHEMBL4203133,COc1cc2c(NC3CCN(C)CC3)cc(-c3ccc(C)o3)nc2cc1OCC1CCN(C)CC1,1150,nM,"5,93930216",BASE,35,478.64,1,7,63.00,7,5.04,1,,CHEMBL4190398
272,CHEMBL4092930,COc1cc2c(NC3CCN(C)CC3)nc(N3CCOCC3)nc2cc1C,1150,nM,"5,93930216",BASE,27,371.49,1,7,62.75,4,2.29,0,,CHEMBL4004823
273,CHEMBL4073147,COc1cc2nc(N(C)C3CCOCC3)nc(NC3CCN(C)CC3)c2cc1OC,1160,nM,"5,935542011",BASE,30,415.54,1,8,71.98,6,2.77,0,,CHEMBL4052719
274,CHEMBL4539095,COc1cc2c(NC3CCN(C)CC3)nc(N3CCCN(C)CC3)nc2cc1CCC1CCNCC1,1190,nM,"5,924453039",BASE,36,495.72,2,8,68.79,7,3.22,0,,CHEMBL4346750
275,CHEMBL3335712,Cl[Se]c1ccccc1,1200,nM,"5,920818754",,,191.52,,,,,,,,CHEMBL4184305
276,CHEMBL4460246,COc1cc2c(NC3CCN(C(C)C)CC3)nc(C3CCCCC3)nc2cc1N1CCN(C)CC1,1200,nM,"5,920818754",BASE,35,480.70,1,7,56.76,6,4.72,0,,CHEMBL4346750
277,CHEMBL4287174,COc1cc2nc(N3CCCCC3)nc(NC3CCN(Cc4ccc(F)cc4)CC3)c2cc1OC,1214,nM,"5,915781313",NEUTRAL,35,479.60,1,7,62.75,7,4.85,0,,CHEMBL4261502
278,CHEMBL3943729,O=C1c2ccccc2-c2onc3c(N4CCCC4)cc(NCCN4CCCC4)c1c23,1220,nM,"5,913640169",NEUTRAL,30,402.50,1,6,61.61,5,4.15,0,,CHEMBL3856284
279,CHEMBL4458419,COc1cc2c(NC3CCN(C)CC3)nc(N3CCCN(C)CC3)nc2cc1C1CCCCN1,1220,nM,"5,913640169",BASE,34,467.66,2,8,68.79,5,3.10,0,,CHEMBL4346750
280,CHEMBL1232453,COc1cc2c(NC3CCN(CCCCCN)CC3)nc(NCCCN(C)C)nc2cc1OCCCCCN,1300,nM,"5,886056648",BASE,39,544.79,4,10,126.82,19,3.52,1,,CHEMBL2169811
281,CHEMBL4278524,COc1cc2nc(N3CCC(C)CC3)nc(NC3CCN(Cc4ccccc4)CC3)c2cc1OC,1326,nM,"5,877456476",BASE,35,475.64,1,7,62.75,7,4.96,0,,CHEMBL4261502
282,CHEMBL3109635,COc1cc2c(cc1OCCCN1CC(F)(F)C1)N=C(N)C21CCC1,1342,nM,"5,872247484",BASE,25,351.40,1,5,60.08,6,2.84,0,,CHEMBL3108684
283,CHEMBL4445273,COc1cc2c(NC3CCN(C(C)C)CC3)nc(C3CCCCC3)nc2cc1CCCN,1350,nM,"5,869666232",BASE,32,439.65,2,6,76.30,8,4.86,0,,CHEMBL4346750
284,CHEMBL4203186,Cc1ccc(-c2cc(NC3CCN(C)CC3)c3cc(C#N)c(OCCCN4CCCC4)cc3n2)o1,1450,nM,"5,838631998",BASE,35,473.62,1,7,77.56,8,5.05,1,,CHEMBL4190398
285,CHEMBL4207483,COc1cc2c(NC3CCN(C)CC3)cc(-c3ccc(C)o3)nc2cc1OCCCN1CCC(F)C1,1470,nM,"5,832682665",BASE,36,496.63,1,7,63.00,9,5.13,1,,CHEMBL4190398
286,CHEMBL4752807,CNc1cc(C)nc(Nc2ccc(OC)c(C3=CCN(C)C3)c2)n1,1494,nM,"5,825649403",NEUTRAL,24,325.42,2,6,62.31,5,2.91,0,,CHEMBL4725338
287,CHEMBL5172325,Nc1ncnc2c1ncn2[C@H]1O[C@@H](CSCC[C@H](N)C(=O)O)[C@H](O)[C@@H]1O,1500,nM,"5,823908741",ZWITTERION,26,384.42,5,11,182.63,7,-1.44,1,,CHEMBL5136992
288,CHEMBL4076634,COCCNc1nc(NC2CCN(C)CC2)c2cc(OC)c(OC)cc2n1,1582,nM,"5,800793521",BASE,27,375.47,2,8,80.77,8,2.21,0,,CHEMBL4052719
289,CHEMBL571717,COc1cc2nc(N3CCOCC3)nc(NC3CCN(C)CC3)c2cc1OC,1600,nM,"5,795880017",BASE,28,387.48,1,8,71.98,5,1.99,0,,CHEMBL1154694
290,CHEMBL3263626,Nc1ncnc2c1ncn2[C@@H]1O[C@H](CC(N)CC2CCCCC2)[C@@H](O)[C@H]1O,1600,nM,"5,795880017",BASE,27,376.46,4,9,145.33,5,0.72,0,,CHEMBL3259565
291,CHEMBL4521601,COc1cc2c(NC3CCN(C)CC3)nc(N3CCCN(C)CC3)nc2cc1C(N)=O,1630,nM,"5,787812396",BASE,31,427.55,2,8,99.85,5,1.39,0,,CHEMBL4346750
292,CHEMBL4082847,COCCN(C)c1nc(NC2CCN(C)CC2)c2cc(OC)c(OC)cc2n1,1630,nM,"5,787812396",BASE,28,389.50,1,8,71.98,8,2.24,0,,CHEMBL4052719
293,CHEMBL4856508,COc1cc2c(NCc3ccc([C@H]4CC[C@H](C(=O)NO)CC4)cc3)cc(-c3ccc(C)o3)nc2cc1OCCCN1CCCC1,1650,nM,"5,782516056",BASE,45,612.77,3,8,109.09,12,7.07,2,,CHEMBL4834403
294,CHEMBL1222849,CN1C(=O)[C@]23C[C@@]4([C@@]56C[C@]78SS[C@](CO)(C(=O)N7[C@@H]5Nc5ccccc56)N(C)C8=O)c5ccccc5N[C@H]4N2C(=O)[C@@]1(CO)SS3,1700,nM,"5,769551079",NEUTRAL,46,696.86,4,12,145.76,3,1.33,2,,CHEMBL2169811
295,CHEMBL569864,COc1cc2nc(N3CCCN(C)CC3)nc(NC3CCN(Cc4ccccc4)CC3)c2cc1OC,1700,nM,"5,769551079",BASE,36,490.65,1,8,65.99,7,3.87,0,,CHEMBL1154694
296,CHEMBL5197586,Nc1ncnc2c1ncn2[C@H]1O[C@@H](CN(CCI)CCC[C@H](N)C(=O)O)[C@H](O)[C@@H]1O,1800,nM,"5,744727495",ZWITTERION,30,535.34,5,11,185.87,10,-1.04,2,,CHEMBL5136992
297,CHEMBL3948437,CN1CCN(c2cc(NCCN3CCCCC3)c3c4c(onc24)-c2ccccc2C3=O)CC1,1870,nM,"5,728158393",NEUTRAL,33,445.57,1,7,64.85,5,3.69,0,,CHEMBL3856284
298,CHEMBL4454215,CCCc1cc2nc(N3CCCN(C)CC3)nc(NC3CCN(C)CC3)c2cc1OC,1900,nM,"5,721246399",BASE,31,426.61,1,7,56.76,6,3.24,0,,CHEMBL4346750
299,CHEMBL4096568,COc1cc2nc(C3CCOCC3)nc(NC3CCN(C)CC3)c2cc1OC,1910,nM,"5,718966633",BASE,28,386.50,1,7,68.74,5,3.05,0,,CHEMBL4004823
300,CHEMBL4850038,COc1cc2c(NCc3ccc([C@H]4CC[C@@H](C(=O)NO)CC4)cc3)cc(-c3ccc(C)o3)nc2cc1OCCCN1CCCC1,1920,nM,"5,716698771",BASE,45,612.77,3,8,109.09,12,7.07,2,,CHEMBL4834403
301,CHEMBL418052,Nc1ncnc2c1ncn2[C@@H]1O[C@H](CSCC[C@H](N)C(=O)O)[C@@H](O)[C@H]1O,2000,nM,"5,698970004",ZWITTERION,26,384.42,5,11,182.63,7,-1.44,1,,CHEMBL3396964
302,CHEMBL55934,O=C1C=CC(=O)c2ccccc21,2000,nM,"5,698970004",NEUTRAL,12,158.16,0,2,34.14,0,1.62,0,,CHEMBL4184305
303,CHEMBL4283052,COc1cc2c(NC3CCN(C(C)C)CC3)nc(N3CCN(C)CC3)nc2cc1OCCC(C)C,2034,nM,"5,691649051",BASE,35,484.69,1,8,65.99,9,4.10,0,,CHEMBL4261502
304,CHEMBL4202651,COc1cc2nc(-c3ccc(C)o3)cc(NC3CCN(C)CC3)c2cc1OC,2060,nM,"5,68613278",BASE,28,381.48,1,6,59.76,5,4.33,0,,CHEMBL4190398
305,CHEMBL4876993,COc1cc2c(NCC3CCN(c4ncc(C(=O)NO)cn4)CC3)cc(-c3ccc(C)o3)nc2cc1OCC1CCNCC1,2065,nM,"5,685079944",BASE,44,601.71,4,11,146.90,10,4.43,2,,CHEMBL4834403
306,CHEMBL4569449,COc1cc2c(cc1OCCCN1CCCC1)NC(c1ccccc1)CN=C2NC1CCN(C(C)C)CC1,2091,nM,"5,679645967",BASE,38,519.73,2,7,61.36,9,4.94,1,,CHEMBL4400539
307,CHEMBL1950962,CN1C(=O)[C@]23CC4=CC=C[C@H](O)[C@H]4N2C(=O)[C@@]1(CO)SSSS3,2100,nM,"5,677780705",NEUTRAL,23,390.53,2,8,81.08,1,0.99,0,,CHEMBL1949536
308,CHEMBL3926539,O=C1c2ccccc2-c2onc3c(N4CCCCC4)cc(NCCN4CCCC4)c1c23,2180,nM,"5,661543506",NEUTRAL,31,416.53,1,6,61.61,5,4.54,0,,CHEMBL3856284
309,CHEMBL4866673,COc1cc2c(NCc3ccc(-c4ccc(C(=O)NO)cc4)cc3)cc(-c3ccc(C)o3)nc2cc1OCCCN1CCCC1,2240,nM,"5,649751982",BASE,45,606.72,3,8,109.09,12,7.07,2,,CHEMBL4834403
310,CHEMBL4458747,COc1cc2c(NC3CCN(C)CC3)nc(N3CCCN(C)CC3)nc2cc1C(=O)NCCCCN,2340,nM,"5,630784143",BASE,36,498.68,3,9,111.88,9,1.76,0,,CHEMBL4346750
311,CHEMBL1089316,CN1C(=O)[C@@]23C[C@]4([C@]56C[C@@]78SS[C@@](CO)(C(=O)N7[C@H]5Nc5ccccc56)N(C)C8=O)c5ccccc5N[C@@H]4N2C(=O)[C@]1(CO)SS3,2400,nM,"5,619788758",NEUTRAL,46,696.86,4,12,145.76,3,1.33,2,,CHEMBL2169811
312,CHEMBL4467642,COc1cc2c(NC3CCN(C)CC3)nc(N3CCCN(C)CC3)nc2cc1C(=O)NCCCCN1CCCC1,2450,nM,"5,610833916",BASE,40,552.77,2,9,89.10,10,2.89,1,,CHEMBL4346750
313,CHEMBL3109626,COc1cc2c(cc1OC)C1(CCCC1)C(N)=N2,2460,nM,"5,609064893",BASE,18,246.31,1,4,56.84,2,2.52,0,,CHEMBL3108684
314,CHEMBL3926612,CN1CCCN(c2cc(NCCN3CCCCC3)c3c4c(onc24)-c2ccccc2C3=O)CC1,2490,nM,"5,603800653",NEUTRAL,34,459.59,1,7,64.85,5,4.08,0,,CHEMBL3856284
315,CHEMBL4532481,COc1cc2c(NC3CCN(C)CC3)nc(N3CCCN(C)CC3)nc2cc1C(=O)NCCN,2540,nM,"5,595166283",BASE,34,470.62,3,9,111.88,7,0.97,0,,CHEMBL4346750
316,CHEMBL1950961,CN1C(=O)[C@]23Cc4cccc(O)c4N2C(=O)[C@@]1(CO)SS3,2600,nM,"5,585026652",NEUTRAL,21,324.38,2,6,81.08,1,0.53,0,,CHEMBL1949536
317,CHEMBL3954248,O=C1c2ccccc2-c2onc3c(N4CCN(c5ccccc5)CC4)cc(NCCN4CCCCC4)c1c23,2680,nM,"5,571865206",NEUTRAL,38,507.64,1,7,64.85,6,5.26,2,,CHEMBL3856284
318,CHEMBL4166777,COc1cc2c(NC3CCN(C)CC3)cc(-c3ccc(-c4ccccc4)o3)nc2cc1OCCCN1CCCC1,2720,nM,"5,565431096",BASE,40,540.71,1,7,63.00,10,6.54,2,,CHEMBL4130634
319,CHEMBL4206071,COc1cc2c(OC3CCN(C)CC3)cc(-c3ccc(C)o3)nc2cc1OCCCN1CCCC1,2870,nM,"5,542118103",BASE,35,479.62,0,7,60.20,9,5.15,1,,CHEMBL4190398
320,CHEMBL3917648,CN(C)c1cc(NCCCN2CCCC2)c2c3c(onc13)-c1ccccc1C2=O,2980,nM,"5,525783736",BASE,29,390.49,1,6,61.61,6,4.00,0,,CHEMBL3856284
321,CHEMBL4537940,COc1cc2c(cc1OCCCN1CCCC1)N=C(C1CCCCC1)CC(NC1CCN(C(C)C)CC1)=N2,2984,nM,"5,525201181",BASE,38,523.77,1,7,61.69,9,6.11,2,,CHEMBL4400539
322,CHEMBL4472965,COc1cc2c(NC3CCN(C)CC3)nc(N3CCCN(C)CC3)nc2cc1C#CCN,3020,nM,"5,519993057",BASE,32,437.59,2,8,82.78,4,1.60,0,,CHEMBL4346750
323,CHEMBL4213346,COc1cc2c(NC3CC4(CCN(C)CC4)C3)cc(-c3ccc(C)o3)nc2cc1OCC1CCN(C)CC1,3080,nM,"5,511449283",BASE,38,518.70,1,7,63.00,7,5.82,2,,CHEMBL4190398
324,CHEMBL4472432,NC1=Nc2cc(OCCCN3CCCC3)c(OCC3CC3)cc2C12CCCC2,3100,nM,"5,508638306",BASE,28,383.54,1,5,60.08,8,4.15,0,,CHEMBL4321817
325,CHEMBL5191615,C=CC(=O)Nc1nc(NC2CCN(C(C)C)CC2)c2cc(OC)c(OCCCN3CCCC3)cc2n1,3100,nM,"5,508638306",BASE,36,496.66,2,8,91.85,11,3.91,0,,CHEMBL5126600
326,CHEMBL4849689,COc1cc2c(NCC3CCC(c4ccc(C(=O)NO)cc4)CC3)cc(-c3ccc(C)o3)nc2cc1OCCCN1CCCC1,3100,nM,"5,508638306",BASE,45,612.77,3,8,109.09,12,7.18,2,,CHEMBL4834403
327,CHEMBL4174677,COc1cc2c(NC3CCN(C)CC3)cc(-c3cc4ccccc4o3)nc2cc1OCCCN1CCCC1,3140,nM,"5,503070352",BASE,38,514.67,1,7,63.00,9,6.03,2,,CHEMBL4130634
328,CHEMBL3621482,COc1cc2nc(N3CCN(c4ccccn4)CC3)nc(NC3CCN(Cc4ccccc4)CC3)c2cc1OC,3190,nM,"5,496209317",BASE,40,539.68,1,9,78.88,8,4.45,1,,CHEMBL3621101
329,CHEMBL4208425,COc1cc2c(NCC3CCN(C)CC3)cc(-c3ccc(C)o3)nc2cc1OC1CC2(C1)CN(C)C2,3220,nM,"5,492144128",BASE,36,490.65,1,7,63.00,7,5.04,1,,CHEMBL4190398
330,CHEMBL3939705,O=C1c2ccccc2-c2onc3c(N4CCN(c5ccccc5)CC4)cc(NCCN4CCCC4)c1c23,3220,nM,"5,492144128",NEUTRAL,37,493.61,1,7,64.85,6,4.87,0,,CHEMBL3856284
331,CHEMBL4210910,COc1cc2c(NC3CCN(C)CC3)cc(-c3ccc(C)o3)nc2cc1OC1CC2(C1)CN(C1CC1)C2,3260,nM,"5,4867824",BASE,37,502.66,1,7,63.00,7,5.32,2,,CHEMBL4190398
332,CHEMBL4459846,COc1cc2c(NC3CCN(C)CC3)nc(N3CCCN(C)CC3)nc2cc1C#CCNC(C)=O,3280,nM,"5,484126156",BASE,35,479.63,2,8,85.86,5,1.77,0,,CHEMBL4346750
333,CHEMBL2311579,CN1C(=O)[C@@]23C[C@@H]4c5ccccc5N[C@@H]4N2C(=O)[C@@]1(CO[Si](C)(C)C(C)(C)C)SS3,3300,nM,"5,48148606",,,463.70,,,,,,,,CHEMBL2311332
334,CHEMBL4204903,COc1cc2c(NC3CC4(CCN(C)CC4)C3)cc(-c3ccc(C)o3)nc2cc1OC1CC2(C1)CN(C)C2,3450,nM,"5,462180905",BASE,38,516.69,1,7,63.00,6,5.57,2,,CHEMBL4190398
335,CHEMBL3931578,CN(C)CCNc1cc(N(C)C)c2noc3c2c1C(=O)c1ccccc1-3,3470,nM,"5,459670525",NEUTRAL,26,350.42,1,6,61.61,5,3.08,0,,CHEMBL3856284
336,CHEMBL3941692,CCN1CCN(c2cc(NCCN3CCCC3)c3c4c(onc24)-c2ccccc2C3=O)CC1,3480,nM,"5,458420756",NEUTRAL,33,445.57,1,7,64.85,6,3.69,0,,CHEMBL3856284
337,CHEMBL3109627,COc1cc2c(cc1OC)C1(CCCCC1)C(N)=N2,3540,nM,"5,450996738",NEUTRAL,19,260.34,1,4,56.84,2,2.91,0,,CHEMBL3108684
338,CHEMBL4450948,COc1cc2c(NC3CCN(C)CC3)nc(N3CCCN(C)CC3)nc2cc1CCCN,3580,nM,"5,446116973",BASE,32,441.62,2,8,82.78,7,2.18,0,,CHEMBL4346750
339,CHEMBL4470252,COc1cc2c(NC3CCN(C)CC3)nc(N3CCCN(C)CC3)nc2cc1CCc1ccccn1,3640,nM,"5,438898616",BASE,36,489.67,1,8,69.65,7,3.47,0,,CHEMBL4346750
340,CHEMBL4090494,COc1cc2nc(N3CCOCC3)nc(NC3CCN(C)CC3)c2cc1F,3690,nM,"5,432973634",BASE,27,375.45,1,7,62.75,4,2.12,0,,CHEMBL4004823
341,CHEMBL4648477,N=C(N)c1ccc(Nc2ccc(-c3cc4ccc(C(=N)N)cc4[nH]3)cc2)cc1,3700,nM,"5,431798276",BASE,28,368.44,6,3,127.56,5,4.15,1,,CHEMBL4680065
342,CHEMBL3982657,CN(C)CCNc1cc(N2CCCCC2)c2noc3c2c1C(=O)c1ccccc1-3,3750,nM,"5,425968732",NEUTRAL,29,390.49,1,6,61.61,5,4.00,0,,CHEMBL3856284
343,CHEMBL3921513,CN(C)CCNc1cc(N2CCN(c3ncccn3)CC2)c2noc3c2c1C(=O)c1ccccc1-3,3840,nM,"5,415668776",NEUTRAL,35,469.55,1,9,90.63,6,3.13,0,,CHEMBL3856284
344,CHEMBL3979888,CN(C)c1cc(NCCN2CCCC2)c2c3c(onc13)-c1ccccc1C2=O,3870,nM,"5,412289035",NEUTRAL,28,376.46,1,6,61.61,5,3.61,0,,CHEMBL3856284
345,CHEMBL568963,COc1cc2nc(N3CCCN(C)CC3)nc(NC3CCCCC3)c2cc1OC,3877,nM,"5,411504199",NEUTRAL,29,399.54,1,7,62.75,5,3.53,0,,CHEMBL4261502
346,CHEMBL4212380,CCc1ccc(-c2cc(NC3CCN(C)CC3)c3cc(OC)c(OCCCN4CCOCC4)cc3n2)o1,3910,nM,"5,407823243",BASE,37,508.66,1,8,72.23,10,4.67,1,,CHEMBL4190398
347,CHEMBL3911728,CN1CCCN(c2cc(NCCN3CCCC3)c3c4c(onc24)-c2ccccc2C3=O)CC1,3960,nM,"5,402304814",NEUTRAL,33,445.57,1,7,64.85,5,3.69,0,,CHEMBL3856284
348,CHEMBL4062510,COc1cc2nc(N3CCOCC3)nc(NC3CCN(C)CC3)c2cc1C,4070,nM,"5,390405591",BASE,27,371.49,1,7,62.75,4,2.29,0,,CHEMBL4004823
349,CHEMBL39469,O=[Se](O)c1ccccc1,4400,nM,"5,356547324",,,189.07,,,,,,,,CHEMBL4184305
350,CHEMBL4564339,CC(C)N1CCC(Nc2nc(C3CCCCC3)nc3cc(N4CCN(C)CC4)c(F)cc23)CC1,4540,nM,"5,342944147",BASE,34,468.67,1,6,47.53,5,4.85,0,,CHEMBL4346750
351,CHEMBL3902714,O=C1c2ccccc2-c2onc3c(N4CCN(c5ncccn5)CC4)cc(NCCN4CCCC4)c1c23,4570,nM,"5,3400838",NEUTRAL,37,495.59,1,9,90.63,6,3.66,0,,CHEMBL3856284
352,CHEMBL4740128,CNC(=N)N/N=C(/C)c1ccc2oc3ccc(/C(C)=N/NC(=N)NC)cc3c2c1,4700,nM,"5,327902142",NEUTRAL,29,392.47,6,5,133.68,4,2.52,1,,CHEMBL4680065
353,CHEMBL4474589,COc1cc2c(NC3CCN(C)CC3)nc(N3CCCN(C)CC3)nc2cc1-c1ccccn1,4780,nM,"5,320572103",BASE,34,461.61,1,8,69.65,5,3.35,0,,CHEMBL4346750
354,CHEMBL3893755,CN(C)CCNc1cc(N2CCN(C)CC2)c2noc3c2c1C(=O)c1ccccc1-3,4840,nM,"5,315154638",NEUTRAL,30,405.50,1,7,64.85,5,2.76,0,,CHEMBL3856284
355,CHEMBL3124975,O=C1[C@@H]2SS[C@@H](C(=O)N2Cc2ccccc2)N1Cc1ccccc1,4900,nM,"5,30980392",NEUTRAL,24,356.47,0,4,40.62,4,3.10,0,,CHEMBL3124916
356,CHEMBL568964,COc1cc2nc(N3CCCN(C)CC3)nc(NC3CC3)c2cc1OC,5100,nM,"5,292429824",NEUTRAL,26,357.46,1,7,62.75,5,2.36,0,,CHEMBL1154694
357,CHEMBL4216593,COc1cc2c(NC3CC4(CCN(C(C)C)CC4)C3)cc(-c3ccc(C)o3)nc2cc1OC1CC2(C1)CN(C)C2,5130,nM,"5,289882635",BASE,40,544.74,1,7,63.00,7,6.35,2,,CHEMBL4190398
358,CHEMBL2315521,CN1C(=O)C23CCCN2C(=O)C1(CO)SS3,5200,nM,"5,283996656",NEUTRAL,16,260.34,1,5,60.85,1,-0.14,0,,CHEMBL2311332
359,CHEMBL2315522,CN1C(=O)C23CCCN2C(=O)C1(CO)SSS3,5300,nM,"5,27572413",NEUTRAL,17,292.41,1,6,60.85,1,0.51,0,,CHEMBL2311332
360,CHEMBL4283478,COc1cc2c(NC3CCN(Cc4ccccc4)CC3)nc(N3CCN(C)CC3)nc2cc1OCCC(C)C,5344,nM,"5,272133551",BASE,39,532.73,1,8,65.99,10,4.89,1,,CHEMBL4261502
361,CHEMBL4209267,COc1cc2c(NC3C4CCC3CN(C)C4)cc(-c3ccc(C)o3)nc2cc1OC1CC2(C1)CN(C)C2,5410,nM,"5,266802735",BASE,37,502.66,1,7,63.00,6,5.04,2,,CHEMBL4190398
362,CHEMBL570799,COc1cc2nc(N3CCCN(C)CC3)nc(NC(C)C)c2cc1OC,5800,nM,"5,236572006",NEUTRAL,26,359.47,1,7,62.75,5,2.61,0,,CHEMBL1154694
363,CHEMBL3921757,CN(C)CCNc1cc(N2CCCC2)c2noc3c2c1C(=O)c1ccccc1-3,5970,nM,"5,224025669",NEUTRAL,28,376.46,1,6,61.61,5,3.61,0,,CHEMBL3856284
364,CHEMBL4214834,Cc1ccc(-c2cc(NC3CCN(C)CC3)c3cc(OC(F)(F)F)c(OCCCN4CCCC4)cc3n2)o1,6110,nM,"5,21395879",BASE,38,532.61,1,7,63.00,9,6.07,2,,CHEMBL4190398
365,CHEMBL4576128,CCOc1cc2c(NC3CCN(C(C)C)CC3)nc(C3CCCCC3)nc2cc1CCCN(C)C,6170,nM,"5,209714836",BASE,35,481.73,1,6,53.52,10,5.86,1,,CHEMBL4346750
366,CHEMBL3414617,O=C(O)c1ccc2c(c1)nc(NC(=O)c1ccccc1)n2CCCc1ccccc1,6300,nM,"5,200659451",ACID,30,399.45,2,4,84.22,7,4.62,0,,CHEMBL3414551
367,CHEMBL331627,CN1C(=O)[C@]23CC4=CC=C[C@H](O)[C@H]4N2C(=O)[C@@]1(CO)SS3,6400,nM,"5,193820026",NEUTRAL,21,326.40,2,6,81.08,1,-0.30,0,,CHEMBL1949536
368,CHEMBL4289406,COc1cc2nc(N3CCN(C)CC3)nc(NC3CCCCC3)c2cc1OC,6438,nM,"5,191249028",NEUTRAL,28,385.51,1,7,62.75,5,3.14,0,,CHEMBL4261502
369,CHEMBL4565082,COc1cc2c(NC3CCN(C)CC3)nc(N3CCCN(C)CC3)nc2cc1C1CCCNC1,6840,nM,"5,164943898",BASE,34,467.66,2,8,68.79,5,2.75,0,,CHEMBL4346750
370,CHEMBL3950948,CN1CCN(c2cc(NCCN3CCCC3)c3c4c(onc24)-c2ccccc2C3=O)CC1,6890,nM,"5,161780778",NEUTRAL,32,431.54,1,7,64.85,5,3.30,0,,CHEMBL3856284
371,CHEMBL4294122,COc1ccc2c(NC3CCN(Cc4ccccc4)CC3)nc(NCCNC(=O)CCCCCC(=O)NO)nc2c1,7136,nM,"5,146545159",NEUTRAL,41,563.70,5,9,140.74,15,3.70,1,,CHEMBL4251690
372,CHEMBL4850917,COc1ccc2c(NC3CCN(Cc4ccccc4)CC3)nc(NCCNC(=O)CCCCC(=O)NO)nc2c1,7136,nM,"5,146545159",NEUTRAL,40,549.68,5,9,140.74,14,3.31,1,,CHEMBL4818986
373,CHEMBL2315526,CN1C(=O)[C@@]23C[C@]4([C@]56C[C@@]78SS[C@](CO[Si](C)(C)C(C)(C)C)(C(=O)N7[C@H]5Nc5ccccc56)N(C)C8=O)c5ccccc5N[C@@H]4N2C(=O)[C@@]1(CO[Si](C)(C)C(C)(C)C)SS3,7200,nM,"5,142667504",,,925.39,,,,,,,,CHEMBL2311332
374,CHEMBL4203655,COc1cc2c(NC3CCN(C)CC3)cc(-c3ccc(C)o3)nc2cc1OC1CCNCC1,7550,nM,"5,122053048",BASE,33,450.58,2,7,71.79,6,4.45,0,,CHEMBL4190398
375,CHEMBL4571033,COc1cc2c(NC3CCN(C)CC3)nc(N3CCCN(C)CC3)nc2cc1C(=O)NCCCN,7960,nM,"5,099086932",BASE,35,484.65,3,9,111.88,8,1.37,0,,CHEMBL4346750
376,CHEMBL1213903,COc1cc2c(NC3CCN(C)CC3)nc(N3CCCN(C)CC3)nc2cc1OCCCN1CCCC1,8000,nM,"5,096910013",BASE,37,511.72,1,9,69.23,9,3.15,1,,CHEMBL1212833
377,CHEMBL1214066,COc1cc2c(NC3CCN(C)CC3)nc(N3CCCN(C)CC3)nc2cc1OCCOCCN(C)C,9000,nM,"5,045757491",BASE,37,515.70,1,10,78.46,11,2.24,1,,CHEMBL1212833
378,CHEMBL571951,COc1cc2nc(Cl)nc(NC3CCN(C)CC3)c2cc1OC,9100,nM,"5,040958608",BASE,23,336.82,1,6,59.51,4,2.81,0,,CHEMBL1154694
379,CHEMBL107217,CCN(CC)C(=S)[S-].[Na+],9200,nM,"5,036212173",ACID,8,171.27,1,1,3.24,2,1.54,0,-1.0,CHEMBL4184305
380,CHEMBL4549942,CC(C)N1CCC(Nc2nc(C3CCCCC3)nc3cc(CCCN(C)C)c(F)cc23)CC1,9230,nM,"5,034798299",BASE,33,455.67,1,5,44.29,8,5.60,1,,CHEMBL4346750
381,CHEMBL4278847,COc1cc2nc(N3CCN(c4ccccn4)CC3)nc(NC3CCN(Cc4ccccc4)C3)c2cc1OC,10000,nM,5,BASE,39,525.66,1,9,78.88,8,4.06,1,,CHEMBL4261502
382,CHEMBL4569420,COc1cc2c(cc1OCCCN1Cc3ccccc3C1)N=C(N)C21CCCC1,10000,nM,5,BASE,29,391.52,1,5,60.08,6,4.29,0,,CHEMBL4321817
383,CHEMBL4290963,COc1cc2c(NC3CCN(Cc4ccccc4)CC3)nc(N3CCN(C)CC3)nc2cc1OCc1ccccc1,10000,nM,5,BASE,41,552.72,1,8,65.99,9,5.05,2,,CHEMBL4261502
384,CHEMBL4282380,COc1cc2nc(N3CC(C)CC(C)C3)nc(NC3CCN(Cc4ccccc4)CC3)c2cc1OC,10000,nM,5,BASE,36,489.66,1,7,62.75,7,5.21,1,,CHEMBL4261502
385,CHEMBL3124976,CN1C(=O)[C@@]23C[C@]4([C@]56C[C@@]78S[C@@](CO)(C(=O)N7[C@H]5Nc5ccccc56)N(C)C8=O)c5ccccc5N[C@@H]4N2C(=O)[C@]1(CO)S3,10600,nM,"4,974694135",NEUTRAL,44,632.72,4,10,145.76,3,0.04,1,,CHEMBL3124916
386,CHEMBL3109640,COc1cc2c(cc1OCCCC1CCCC1)N=C(N)C2(C)C,12900,nM,"4,88941029",BASE,23,316.45,1,4,56.84,6,4.32,0,,CHEMBL3108684
387,CHEMBL2315520,CN1C(=O)C2(S)CCCN2C(=O)C1(S)CO,13100,nM,"4,882728704",NEUTRAL,16,262.36,3,5,60.85,1,-0.67,0,,CHEMBL2311332
388,CHEMBL3109629,COc1cc2cc(N)[nH]c2cc1OC,14400,nM,"4,841637508",NEUTRAL,14,192.22,2,3,60.27,2,1.77,0,,CHEMBL3108684
389,CHEMBL1594935,Cl.Cl.NCCSSCCN,15000,nM,"4,823908741",BASE,8,225.21,2,4,52.04,5,0.29,0,,CHEMBL4184305
390,CHEMBL3109628,COc1ccc2c(c1)C1(CCC1)C(N)=N2,18200,nM,"4,739928612",BASE,15,202.26,1,3,47.61,1,2.12,0,,CHEMBL3108684
391,CHEMBL4525421,COc1cc2c(NC3CCN(C(C)C)CC3)nc(C3CCCCC3)nc2cc1C#CCN,18900,nM,"4,723538196",BASE,32,435.62,2,6,76.30,5,4.28,0,,CHEMBL4346750
392,CHEMBL4529430,COc1cc2c(NC3CCN(C)CC3)nc(N3CCCN(C)CC3)nc2cc1-c1cccnc1,19100,nM,"4,718966633",BASE,34,461.61,1,8,69.65,5,3.35,0,,CHEMBL4346750
393,CHEMBL2325183,O=C(NCC(=O)c1ccccc1)Nc1ccc2nnsc2c1,20000,nM,"4,698970004",NEUTRAL,22,312.35,2,5,83.98,4,2.70,0,,CHEMBL2321656
394,CHEMBL4437471,COc1cc2c(NC3CCN(C)CC3)nc(N3CCCN(C)CC3)nc2cc1C(=O)NCCN(C)C,20100,nM,"4,696803943",BASE,36,498.68,2,9,89.10,8,1.58,0,,CHEMBL4346750
395,CHEMBL2315523,CN1C(=O)[C@]23C[C@H]4c5ccccc5N[C@H]4N2C(=O)[C@]1(CO[Si](C)(C)C(C)(C)C)SS3,23500,nM,"4,628932138",,,463.70,,,,,,,,CHEMBL2311332
396,CHEMBL1213957,COc1cc2c(NC3CCN(C)CC3)nc(N3CCCN(C)CC3)nc2cc1OCCCN1CCCCC1,25000,nM,"4,602059991",BASE,38,525.74,1,9,69.23,9,3.54,1,,CHEMBL1212833
397,CHEMBL3238424,O=C(O)c1cccc(NCc2cccc(-n3ccc4c(-c5ccc(C(F)(F)F)cc5)cccc43)c2)c1,26400,nM,"4,578396073",ACID,36,486.49,2,3,54.26,6,7.63,1,,CHEMBL3232795
398,CHEMBL2315525,CN1C(=O)[C@@]2(S)C[C@]3([C@]45C[C@]6(S)C(=O)N(C)[C@](S)(CO)C(=O)N6[C@H]4Nc4ccccc45)c4ccccc4N[C@@H]3N2C(=O)[C@@]1(S)CO,27100,nM,"4,567030709",NEUTRAL,46,700.89,8,12,145.76,3,0.26,3,,CHEMBL2311332
399,CHEMBL4292218,COc1cc2c(NC3CCN(C(C)C)CC3)nc(N3CCCN(C)CC3)nc2cc1OCCCCCCC(=O)NO,27370,nM,"4,562725203",BASE,41,571.77,3,10,115.32,13,3.90,1,,CHEMBL4251690
400,CHEMBL4435238,Nc1ncnc2c1ncn2[C@@H]1O[C@H](C[C@@H](N)C[C@H](N)C(=O)O)[C@@H](O)[C@H]1O,30100,nM,"4,521433504",ZWITTERION,26,367.37,6,11,208.65,6,-2.45,2,,CHEMBL4396911
401,CHEMBL4286227,COc1ccc2c(NC3CCN(Cc4ccccc4)CC3)nc(NCCNC(=O)CCCCCCC(=O)NO)nc2c1,37790,nM,"4,422623108",NEUTRAL,42,577.73,5,9,140.74,16,4.09,1,,CHEMBL4251690
402,CHEMBL3927456,COc1ccc(Nc2cc(N3CCN(C)CC3)c3noc4c3c2C(=O)c2ccccc2-4)cc1,39030,nM,"4,408601449",NEUTRAL,33,440.50,1,7,70.84,4,4.54,0,,CHEMBL3856284
403,CHEMBL4095401,Nc1ncnc2c1ncn2[C@@H]1O[C@H](C[C@@H](N)CC2CC2)[C@@H](O)[C@H]1O,39600,nM,"4,402304814",BASE,24,334.38,4,9,145.33,5,-0.45,0,,CHEMBL4043120
404,CHEMBL4755950,c1cc2cc(-c3ccc4oc(C5=NCCN5)cc4c3)[nH]c2cc1C1=NCCN1,39700,nM,"4,401209493",BASE,28,369.43,3,5,77.71,3,3.28,0,,CHEMBL4680065
405,CHEMBL4282835,COc1ccc2c(NC3CCN(C)CC3)nc(NCCNC(=O)CCCCCC(=O)NO)nc2c1,46830,nM,"4,329475842",BASE,35,487.61,5,9,140.74,13,2.13,0,,CHEMBL4251690
406,CHEMBL4290721,CNC(=O)CCCCC(=O)NCCNc1nc(NC2CCN(C)CC2)c2ccc(OC)cc2n1,46970,nM,"4,32817944",BASE,34,471.61,4,8,120.51,12,1.98,0,,CHEMBL4251690
407,CHEMBL1213902,CCCN(C)CCCOc1cc2nc(N3CCCN(C)CC3)nc(NC3CCN(C)CC3)c2cc1OC,51000,nM,"4,292429824",BASE,37,513.73,1,9,69.23,11,3.40,1,,CHEMBL1212833
408,CHEMBL1213901,CCN(CC)CCCOc1cc2nc(N3CCCN(C)CC3)nc(NC3CCN(C)CC3)c2cc1OC,52000,nM,"4,283996656",BASE,37,513.73,1,9,69.23,11,3.40,1,,CHEMBL1212833
409,CHEMBL1221925,O=C1c2ccccc2C(=O)C1(O)O,54000,nM,"4,26760624",NEUTRAL,13,178.14,2,4,74.60,0,-0.25,0,,CHEMBL4184305
410,CHEMBL1950960,CN1C(=O)[C@]23Cc4ccccc4N2C(=O)[C@@]1(CO)SS3,55000,nM,"4,259637311",NEUTRAL,20,308.38,1,5,60.85,1,0.83,0,,CHEMBL1949536
411,CHEMBL1214067,COc1cc2c(NC3CCN(C)CC3)nc(N3CCCN(C)CC3)nc2cc1OCCOCCN1CCCC1,57000,nM,"4,244125144",BASE,39,541.74,1,10,78.46,11,2.78,1,,CHEMBL1212833
412,CHEMBL1088849,CS[C@]1(CO)C(=O)N2c3c(O)cccc3C[C@@]2(SC)C(=O)N1C,58000,nM,"4,236572006",NEUTRAL,23,354.45,2,6,81.08,3,0.86,0,,CHEMBL1949536
413,CHEMBL2336409,Cc1cc(Nc2ccc(NC(=O)c3ccc(Nc4ccnc5ccccc45)cc3)cc2)nc(N)n1,59000,nM,"4,229147988",NEUTRAL,35,461.53,4,7,117.85,6,5.65,1,,CHEMBL4130634
414,CHEMBL4757320,CC(C)(C)c1ccc(NC(=O)c2ncn(CC(=O)NCc3ccc4c(N)nccc4c3)n2)cc1,61400,nM,"4,211831629",NEUTRAL,34,457.54,3,7,127.82,6,3.27,0,,CHEMBL4680176
415,CHEMBL4103578,Nc1ncnc2c1ncn2[C@@H]1O[C@H](C[C@H](N)CC2CC2)[C@@H](O)[C@H]1O,67200,nM,"4,172630727",BASE,24,334.38,4,9,145.33,5,-0.45,0,,CHEMBL4043120
416,CHEMBL4459746,COc1cc2c(NC3CCN(C)CC3)nc(N3CCCN(C)CC3)nc2cc1C(=O)N1CCNCC1,81300,nM,"4,089909454",BASE,36,496.66,2,9,89.10,5,1.33,0,,CHEMBL4346750
417,CHEMBL4792295,Nc1nc(N)c2nc3c(ccc4ccccc43)nc2n1,81500,nM,"4,088842391",NEUTRAL,20,262.28,2,6,103.60,0,1.89,0,,CHEMBL4680065
418,CHEMBL1213828,COc1cc2c(NC3CCN(C)CC3)nc(N3CCCN(C)CC3)nc2cc1OCCCCCN(C)C,95000,nM,"4,022276395",BASE,37,513.73,1,9,69.23,11,3.40,1,,CHEMBL1212833
419,CHEMBL4588797,N#Cc1cn([C@@H]2O[C@H](CSCC[C@H](N)C(=O)O)[C@@H](O)[C@H]2O)c2ncnc(N)c12,99000,nM,"4,004364805",ZWITTERION,28,408.44,5,11,193.53,7,-0.96,1,,CHEMBL4477246
420,CHEMBL3263624,CCCCC[C@H]1O[C@@H](n2cnc3c(N)ncnc32)[C@H](O)[C@@H]1O,103000,nM,"3,987162775",NEUTRAL,22,307.35,3,8,119.31,5,0.61,0,,CHEMBL3259565
421,CHEMBL1213766,COc1cc2c(NC3CCN(C)CC3)nc(N3CCCN(C)CC3)nc2cc1OCCN(C)C,110000,nM,"3,958607315",BASE,34,471.65,1,9,69.23,8,2.23,0,,CHEMBL1212833
422,CHEMBL1213830,CNCCCOc1cc2nc(N3CCCN(C)CC3)nc(NC3CCN(C)CC3)c2cc1OC,120000,nM,"3,920818754",BASE,34,471.65,2,9,78.02,9,2.27,0,,CHEMBL1212833
423,CHEMBL1213827,COc1cc2c(NC3CCN(C)CC3)nc(N3CCCN(C)CC3)nc2cc1OCCCCN(C)C,140000,nM,"3,853871964",BASE,36,499.70,1,9,69.23,10,3.01,0,,CHEMBL1212833
424,CHEMBL3263627,COc1ccc(CC(N)C[C@H]2O[C@@H](n3cnc4c(N)ncnc43)[C@H](O)[C@@H]2O)cc1OC,157000,nM,"3,804100348",BASE,31,430.47,4,11,163.79,7,0.01,1,,CHEMBL3259565
425,CHEMBL4074394,Nc1ncnc2c1ncn2[C@@H]1O[C@H](C[C@@H](N)CC2CCC2)[C@@H](O)[C@H]1O,169000,nM,"3,772113295",BASE,25,348.41,4,9,145.33,5,-0.06,0,,CHEMBL4043120
426,CHEMBL3263625,Nc1ncnc2c1ncn2[C@@H]1O[C@H](CCCc2ccccc2)[C@@H](O)[C@H]1O,190000,nM,"3,721246399",NEUTRAL,26,355.40,3,8,119.31,5,1.05,0,,CHEMBL3259565
427,CHEMBL4089220,Nc1ncnc2c1ncn2[C@@H]1O[C@H](C[C@@H](N)CC2CCCC2)[C@@H](O)[C@H]1O,191300,nM,"3,71828503",BASE,26,362.43,4,9,145.33,5,0.33,0,,CHEMBL4043120
428,CHEMBL1214015,COc1cc2c(NC3CCN(C)CC3)nc(N3CCCN(C)CC3)nc2cc1OCCCCCN,235000,nM,"3,628932138",BASE,35,485.68,2,9,92.01,10,2.79,0,,CHEMBL1212833
429,CHEMBL1214068,COc1cc2c(NC3CCN(C)CC3)nc(N3CCCN(C)CC3)nc2cc1OCCN(C)CCN(C)C,345000,nM,"3,462180905",BASE,38,528.75,1,10,72.47,11,2.16,1,,CHEMBL1212833
430,CHEMBL1214186,Nc1ncnc2c1ncn2[C@@H]1O[C@H](C[C@@H](N)CC[C@H](N)C(=O)O)[C@@H](O)[C@H]1O,509000,nM,"3,293282218",ZWITTERION,27,381.39,6,11,208.65,7,-2.06,2,-1.0,CHEMBL3259565
431,CHEMBL1213958,COc1cc2c(NC3CCN(C)CC3)nc(N3CCCN(C)CC3)nc2cc1OCCCN1CCOCC1,880000,nM,"3,055517328",BASE,38,527.71,1,10,78.46,9,2.39,1,,CHEMBL1212833
432,CHEMBL1214630,COc1cc2nc(N3CCCN(C)CC3)nc(NC3CCN(C)C3)c2cc1OC,910000,nM,"3,040958608",BASE,29,400.53,1,8,65.99,5,1.90,0,,CHEMBL1212833
433,CHEMBL1214145,COc1cc2c(NC3CCN(C)CC3)nc(N3CCCN(C)CC3)nc2cc1OCC1CCCNC1,1500000,nM,"2,823908741",BASE,36,497.69,2,9,78.02,7,2.66,0,,CHEMBL1212833
434,CHEMBL1213959,COc1cc2c(NC3CCN(C)CC3)nc(N3CCCN(C)CC3)nc2cc1OCCCC(C)C,3400000,nM,"2,468521083",BASE,35,484.69,1,8,65.99,9,4.10,0,,CHEMBL1212833
435,CHEMBL1213829,COc1cc2c(NC3CCN(C)CC3)nc(N3CCCN(C)CC3)nc2cc1OCCCCCCN(C)C,15100000,nM,"1,821023053",BASE,38,527.76,1,9,69.23,12,3.79,1,,CHEMBL1212833