"""Molecule ChEMBL ID",Molecule Name,Molecule Max Phase,Molecular Weight,#RO5 Violations,AlogP,Smiles,Standard Type,Standard Relation,Standard Value,Standard Units,pChEMBL Value
"""CHEMBL2336409",,0,461.53,1,5.65,Cc1cc(Nc2ccc(NC(=O)c3ccc(Nc4ccnc5ccccc45)cc3)cc2)nc(N)n1,IC50,'=',11220,nM,4.95
"""CHEMBL1916683",,0,261.28,0,1.45,CN1CC2ON=C(Cc3ccc([N+](=O)[O-])cc3)C2C1,IC50,'=',310000,nM,
"""CHEMBL3109075",,0,398.46,0,4.48,O=C(O)[C@@H]1[C@H](Cc2c[nH]c3ccccc23)CCN1C(=O)c1ccc2ccccc2c1,IC50,'=',128000,nM,
"""CHEMBL3109080",,0,351.38,0,3.19,O=C(O)[C@H](Cc1csc2ccccc12)N1C(=O)c2ccccc2C1=O,IC50,'=',230000,nM,
"""CHEMBL3126645",,0,461.53,1,5.65,Cc1cc(Nc2ccc(NC(=O)c3cccc(Nc4ccnc5ccccc45)c3)cc2)nc(N)n1,IC50,'=',265000,nM,
"""CHEMBL1361703",,0,416.43,0,3.98,COc1ccccc1CNC(=O)COC(=O)c1cc(-c2ccco2)nc2ccccc12,IC50,'=',7110,nM,5.15
"""CHEMBL1322848",,0,406.53,0,2.39,COc1ccc(S(=O)(=O)N2CCN(C(=O)c3cc4c(s3)CCC4)CC2)cc1,IC50,'=',11300,nM,4.95
"""CHEMBL1373655",,0,322.32,0,3.34,CC1=NN(c2cccc(C(=O)O)c2)C(=O)/C1=C\C=C\c1ccco1,IC50,'=',1180,nM,5.93
"""CHEMBL1529285",,0,464.52,1,5.15,O=C(O)c1ccc(NS(=O)(=O)c2ccc3c(c2)C2C=CCC2C(c2ccccc2F)N3)cc1,IC50,'=',10100,nM,5
"""CHEMBL1301673",,0,422.49,0,2.28,C=C(C)C(=O)Nc1cccc(C2=NOC3(C2)C[C@@H](C(N)=O)N(C(=O)/C=C/C=C/C)C3)c1,IC50,'=',3250,nM,5.49
"""CHEMBL1916517",,0,249.27,0,1.65,CN(C)CC1CC(c2ccc([N+](=O)[O-])cc2)=NO1,IC50,'=',150000,nM,3.82
"""CHEMBL4203933",,0,532.73,2,6.22,CCc1ccc(-c2cc(NC3CCC34CCN(C)CC4)c3cc(OC)c(OCCCN4CCCC4)cc3n2)o1,IC50,'=',316.23,nM,6.5
"""CHEMBL1340117",,0,410.47,0,2.12,C=C(C)C(=O)Nc1cccc(C2=NOC3(C2)C[C@@H](C(N)=O)N(C(=O)/C=C/CC)C3)c1,IC50,'=',5960,nM,5.22
"""CHEMBL1356373",,0,442.46,0,4.12,O=C(O)CCc1ccc(S(=O)(=O)Nc2cc(C(F)(F)F)ccc2N2CCCC2)cc1,IC50,'=',11700,nM,4.93
"""CHEMBL1983083",,0,434.41,0,3.08,O=C(COc1ccc(/C=N/NC(=O)c2ccc(O)cc2)cc1)Nc1ccc([N+](=O)[O-])cc1,IC50,'=',8430,nM,5.07
"""CHEMBL1893341",,0,333.37,0,2.5,COC(=O)c1ccc(C(=O)OC)c(NC(=O)Cc2cccs2)c1,IC50,'=',8170,nM,5.09
"""CHEMBL1373095",,0,460.52,0,4.22,O=C(Nc1cccc(S(=O)(=O)NC2=NCCC2)c1)c1cc(-c2ccco2)nc2ccccc12,IC50,'=',3710,nM,5.43
"""CHEMBL4177036",,0,480.65,0,4.42,COc1cc2c(NC3CCN(C)CC3)cc(C3=CCOCC3)nc2cc1OCCCN1CCCC1,IC50,'=',957,nM,6.02
"""CHEMBL4176464",,0,518.7,2,5.97,CCc1ccc(-c2cc(NC3CCN(C4CC4)CC3)c3cc(OC)c(OCCCN4CCCC4)cc3n2)o1,IC50,'=',274,nM,6.56
"""CHEMBL3414630",,0,548.77,2,6.37,CCN(CC)CCNC(=O)c1ccc(NCCCCCCCCCCCCN2C(=O)c3ccccc3C2=O)cc1,IC50,'=',4000,nM,5.4
"""CHEMBL3126646",,0,461.53,1,5.65,Cc1cc(Nc2cccc(NC(=O)c3cccc(Nc4ccnc5ccccc45)c3)c2)nc(N)n1,IC50,'=',9000,nM,5.05
"""CHEMBL1916680",,0,217.27,0,0.93,CN1CC2ON=C(c3ccc(N)cc3)C2C1,IC50,'=',570000,nM,
"""CHEMBL1916669",,0,219.29,0,1.32,CN(C)CC1CC(c2ccc(N)cc2)=NO1,IC50,'=',270000,nM,
"""CHEMBL1916684",,0,246.31,0,1.55,COc1ccc(CC2=NOC3CN(C)CC23)cc1,IC50,'=',1130000,nM,
"""CHEMBL1416694",,0,245.37,0,3.94,CC(C)(C)CC(=O)Nc1cccc2c1CCCC2,IC50,'>',99000,nM,
"""CHEMBL1981446",,0,403.41,0,4,O=C(N/N=C/c1cn(Cc2cccc(F)c2)c2ccccc12)c1cc(O)cc(O)c1,IC50,'=',2390,nM,5.62
"""CHEMBL1433062",,0,386.79,0,2.65,COc1ccc(OC)c(N2C(=O)[C@H]3ON=C(c4ccccc4Cl)[C@H]3C2=O)c1,IC50,'=',4350,nM,5.36
"""CHEMBL1322547",,0,496.56,0,3.55,C/C=C/C=C/C(=O)C1=C(O)[C@]2(C)C(=O)C(C)(O)[C@H]1[C@H]([C@]1(C)OC(O)=C(C)C1=O)[C@H]2C(=O)/C=C/C=C/C,IC50,'=',5250,nM,5.28
"""CHEMBL3126652",,0,441.5,0,3.79,Cc1cc(Nc2ccc(NC(=O)c3ccc(Nc4cc(C)nc(N)n4)cc3)cc2)nc(N)n1,IC50,'=',68000,nM,4.17
"""CHEMBL2204997",,0,541.7,1,4.31,CCCc1cc(C)[nH]c(=O)c1CNC(=O)c1cc(-c2ccc(N3CCN(C)CC3)nc2)cc2c1cnn2C(C)C,IC50,'=',121000,nM,
"""CHEMBL4211688",,0,532.73,2,5.93,CCc1ccc(-c2cc(NCC3C4CCC3CN(C)C4)c3cc(OC)c(OCCCN4CCCC4)cc3n2)o1,IC50,'=',80,nM,7.1
"""CHEMBL559715",,0,385.4,0,-1.73,N[C@@H](CCSC[C@H]1O[C@@H](n2cnc3c(=O)[nH]cnc32)[C@H](O)[C@@H]1O)C(=O)O,IC50,'>',1000000,nM,
"""CHEMBL552246",,0,385.41,1,-2.04,Nc1ncnc2c1nnn2[C@@H]1O[C@H](CSCCC(N)C(=O)O)[C@@H](O)[C@H]1O,IC50,'=',8000,nM,5.1
"""CHEMBL1536256",,0,465.56,0,4.22,COc1ccc(-c2nn(-c3ccccc3)cc2/C=C2/SC(=S)N(CCC(=O)O)C2=O)cc1,IC50,'=',5060,nM,5.3
"""CHEMBL1543134",,0,338.32,0,2.91,O=C(CNC(=O)/C=C/c1ccco1)N=Nc1c(O)[nH]c2ccccc12,IC50,'=',3250,nM,5.49
"""CHEMBL1558195",,0,455.54,0,3.15,CCOc1ccc(NC(=O)c2cccc(-n3cccc3)c2)cc1S(=O)(=O)N1CCOCC1,IC50,'=',9080,nM,5.04
"""CHEMBL1536569",,0,482.76,1,5.96,CC1(C)CC([NH+]=c2cc(-c3ccccc3)oc3ccc(Cl)cc23)CC(C)(C)N1.F[B-](F)(F)F,IC50,'>',99000,nM,
"""CHEMBL1303509",,0,468.29,0,3.57,O=C(O)c1ccccc1-c1ccc(C=c2sc3nc4cc(Br)cnc4n3c2=O)o1,IC50,'=',1020,nM,5.99
"""CHEMBL1508582",,0,435.53,0,3.5,CCN(CC)CCCNc1nc2cc(OC)c(OC)cc2c2nc(-c3cccnc3)nn12,IC50,'=',23400,nM,4.63
"""CHEMBL1347385",,0,412.47,1,5.05,O=C1NN(c2ccccc2)C(=O)/C1=C/c1ccc(Sc2cccc3ccccc23)o1,IC50,'=',7120,nM,5.15
"""CHEMBL1464200",,0,234.19,0,0.13,Nc1cc(S(=O)(=O)O)cc([N+](=O)[O-])c1O,IC50,'=',3200,nM,5.5
"""CHEMBL1890961",,0,199.21,0,1.11,O=C1C=C(N2CC2)c2ccccc2C1=O,IC50,'=',1870,nM,5.73
"""CHEMBL1539325",,0,314.18,0,2.66,CC1(C)CCCN(C(=O)c2coc(=O)c(Br)c2)C1,IC50,'=',2920,nM,5.54
"""CHEMBL1462469",,0,486.6,0,4.87,COc1ccc(-c2csc(NC(=O)CSc3nc(C)nc4sc(C(=O)O)c(C)c34)n2)cc1,IC50,'=',14600,nM,4.84
"""CHEMBL1522300",,0,445.48,0,3.05,COc1ccc(N2Cc3cccc(C(=O)N4CCN(C(=O)c5ccco5)CC4)c3C2=O)cc1,IC50,'=',9040,nM,5.04
"""CHEMBL549412",,0,460.52,1,0.72,NC(CCSC[C@H]1O[C@@H](n2cnc3c(Nc4ccccc4)ncnc32)[C@H](O)[C@@H]1O)C(=O)O,IC50,'=',154000,nM,
"""CHEMBL1231795",,0,509.74,2,5.84,COc1cc2c(NC3CCN(C(C)C)CC3)nc(C3CCCCC3)nc2cc1OCCCN1CCCC1,IC50,'=',2010,nM,5.7
"""CHEMBL4173668",,0,478.68,1,5.57,COc1cc2c(NC3CCN(C)CC3)cc(C3=CCCCC3)nc2cc1OCCCN1CCCC1,IC50,'=',494,nM,6.31
"""CHEMBL1231795",,0,509.74,2,5.84,COc1cc2c(NC3CCN(C(C)C)CC3)nc(C3CCCCC3)nc2cc1OCCCN1CCCC1,IC50,'=',1287,nM,5.89
"""CHEMBL561047",,0,383.43,0,-0.83,Nc1nccc2c1ncn2[C@@H]1O[C@H](CSCCC(N)C(=O)O)[C@@H](O)[C@H]1O,IC50,'=',45000,nM,4.35
"""CHEMBL558406",,0,430.51,1,-0.72,CSc1nc(N)c2ncn([C@@H]3O[C@H](CSCCC(N)C(=O)O)[C@@H](O)[C@H]3O)c2n1,IC50,'=',216000,nM,
"""CHEMBL556265",,0,474.54,1,0.59,NC(CCSC[C@H]1O[C@@H](n2cnc3c(NCc4ccccc4)ncnc32)[C@H](O)[C@@H]1O)C(=O)O,IC50,'=',61000,nM,4.21
"""CHEMBL3126654",,0,334.38,0,2.95,Cc1cc(Nc2ccc(NC(=O)c3ccc(N)cc3)cc2)nc(N)n1,IC50,'=',173000,nM,
"""CHEMBL1397359",,0,367.34,0,1.86,COc1ccc(C(=O)OCC(=O)Nc2ncc([N+](=O)[O-])s2)cc1OC,IC50,'=',4450,nM,5.35
"""CHEMBL1440076",,0,523.46,1,4.23,O=C(/C=C/c1ccc(Br)cc1)NC(=S)Nc1ccc(S(=O)(=O)Nc2nccs2)cc1,IC50,'=',5220,nM,5.28
"""CHEMBL418052",S-ADENOSYLHOMOCYSTEINE,0,384.42,1,-1.44,Nc1ncnc2c1ncn2[C@@H]1O[C@H](CSCC[C@H](N)C(=O)O)[C@@H](O)[C@H]1O,IC50,'=',900,nM,6.05
"""CHEMBL557902",,0,396.43,1,-1.42,Nc1ncnc2c1ncn2[C@@H]1O[C@H](CS[C@@H]2CN[C@H](C(=O)O)C2)[C@@H](O)[C@H]1O,IC50,'=',1100,nM,5.96
"""CHEMBL558883",,0,410.46,1,-1.08,CN1C[C@@H](SC[C@H]2O[C@@H](n3cnc4c(N)ncnc43)C(O)[C@@H]2O)C[C@H]1C(=O)O,IC50,'>',100000,nM,
"""CHEMBL558882",,0,510.31,2,-0.83,Nc1nc(I)nc2c1ncn2[C@@H]1O[C@H](CSCCC(N)C(=O)O)[C@@H](O)[C@H]1O,IC50,'=',21000,nM,4.68
"""CHEMBL560105",,0,502.6,2,1.03,NC(CCSC[C@H]1O[C@@H](n2cnc3c(NCCCc4ccccc4)ncnc32)[C@H](O)[C@@H]1O)C(=O)O,IC50,'=',7400,nM,5.13
"""CHEMBL552763",,0,599.11,2,2.96,NC(CCSC[C@H]1O[C@@H](n2cnc3c(NCCc4ccc(-c5ccccc5)cc4)nc(Cl)nc32)[C@H](O)[C@@H]1O)C(=O)O,IC50,'=',6700,nM,5.17
"""CHEMBL1605668",,0,418.51,1,5.58,COc1ccc(C(=O)/C=C/c2ccc(-c3ccccc3)cc2)cc1CSCC(=O)O,IC50,'=',9800,nM,5.01
"""CHEMBL2005181",,0,416.46,0,4.03,Cc1cc(C)c2nc3sc(=Cc4ccc(-c5ccccc5C(=O)O)o4)c(=O)n3c2c1,IC50,'=',4450,nM,5.35
"""CHEMBL1707222",,0,282.09,0,2.02,COC1=C(Br)C(=O)c2nc(C)ccc2C1=O,IC50,'=',8730,nM,5.06
"""CHEMBL374740",,0,216.02,0,2.13,O=C1Nc2c(Cl)cc(Cl)cc2C1=O,IC50,'=',11800,nM,4.93
"""CHEMBL1421559",,0,350.76,0,4.52,Cc1oc2c(c1C(=O)c1ccc(Cl)cc1)C(=O)C(=O)c1ccccc1-2,IC50,'=',6050,nM,5.22
"""CHEMBL1981657",,0,333.26,0,0.78,N/C(=N\N=C/c1ccc(-c2ccc(O)c(C(=O)O)c2)o1)N[N+](=O)[O-],IC50,'=',3940,nM,5.41
"""CHEMBL1464373",,0,420.47,0,2.62,O=C(COC(=O)c1ccc(NS(=O)(=O)c2cccs2)cc1)NCc1ccco1,IC50,'=',9600,nM,5.02
"""CHEMBL1509377",,0,496.95,0,2.88,C=C(C)C(=O)Nc1cccc(C2=NOC3(C2)C[C@H](C(N)=O)N(C(=O)COc2ccc(Cl)cc2)C3)c1,IC50,'=',5520,nM,5.26
"""CHEMBL3126646",,0,461.53,1,5.65,Cc1cc(Nc2cccc(NC(=O)c3cccc(Nc4ccnc5ccccc45)c3)c2)nc(N)n1,IC50,'=',120,nM,6.92
"""CHEMBL1569215",,0,408.8,0,3.76,O=C1NN(c2ccc(Cl)cc2)C(=O)/C1=C\c1ccc(-c2cccc(C(=O)O)c2)o1,IC50,'=',7390,nM,5.13
"""CHEMBL1607517",BENZANTHRONE,0,230.27,0,4.05,O=C1c2ccccc2-c2cccc3cccc1c23,IC50,'=',41000,nM,4.39
"""CHEMBL617",CEPHALOTHIN,4,396.45,0,0.59,CC(=O)OCC1=C(C(=O)O)N2C(=O)[C@@H](NC(=O)Cc3cccs3)[C@H]2SC1,IC50,'=',7280,nM,5.14
"""CHEMBL1312212",,0,476.55,1,5.02,COc1cccc(NS(=O)(=O)c2ccc3c(c2)C2C=CCC2C(c2ccc(C(=O)O)cc2)N3)c1,IC50,'=',7940,nM,5.1
"""CHEMBL1181670",,0,220.28,0,2.93,c1ccc2c(c1)C1=NCCN1c1ccccc1-2,IC50,'=',9240,nM,5.03
"""CHEMBL1445488",,0,498.54,0,3.51,CCOC(=O)c1sc2nc3c(SCC(=O)O)cc(C(=O)c4ccccc4O)cn3c(=O)c2c1C,IC50,'=',4120,nM,5.38
"""CHEMBL1507881",,0,487.47,0,3.5,Cc1c(C(=O)O)cccc1-n1c(C)cc(/C=C2\C(=O)NC(=O)N(c3ccc4c(c3)OCO4)C2=O)c1C,IC50,'=',18000,nM,4.75
"""CHEMBL592316",,0,462.03,0,4.33,CCN(CC)CCOc1ccc2c(c1)C(=NO)c1cc(OCCN(CC)CC)ccc1-2.Cl,IC50,'>',99000,nM,
"""CHEMBL2336409",,0,461.53,1,5.65,Cc1cc(Nc2ccc(NC(=O)c3ccc(Nc4ccnc5ccccc45)cc3)cc2)nc(N)n1,IC50,'=',6000,nM,5.22
"""CHEMBL564052",,0,352.42,0,-0.88,Nc1ncnc2c1ncn2[C@@H]1O[C@H](CS[C@@H]2CCNC2)[C@@H](O)[C@H]1O,IC50,'=',4800,nM,5.32
"""CHEMBL539449",,0,338.39,0,-1.27,Nc1ncnc2c1ncn2[C@@H]1O[C@H](CSC2CNC2)[C@@H](O)[C@H]1O,IC50,'=',44000,nM,4.36
"""CHEMBL560768",,0,567.12,1,3.52,O[C@@H]1[C@@H](CS[C@H]2CCNC2)O[C@@H](n2cnc3c(NCCc4ccc(-c5ccccc5)cc4)nc(Cl)nc32)[C@@H]1O,IC50,'=',5000,nM,5.3
"""CHEMBL2063048",,0,194.19,0,0,O=C1N=C(NCc2ccco2)NCN1,IC50,'=',22000,nM,4.66
"""CHEMBL2204998",,0,513.65,1,3.67,Cc1cc(C)c(CNC(=O)c2cc(-c3ccc(N4CCN(C)CC4)nc3)cc3c2cnn3C(C)C)c(=O)[nH]1,IC50,'>',100000,nM,
"""CHEMBL1975589",,0,441.44,0,0.96,COC(=O)CC1OCC=C2CN3CCC45C6=CC(=O)C(O)=C([N+](=O)[O-])C6=NC4C1C2CC35,IC50,'=',6060,nM,5.22
"""CHEMBL494668",,0,434.54,0,4.11,CCN(CC)CCCNc1nc2cc(OC)c(OC)cc2c2nc(-c3ccccc3)nn12,IC50,'>',99000,nM,
"""CHEMBL1348946",,0,493.39,0,4.68,N#Cc1c(SCC(=O)Nc2nc3ccc(Br)cc3s2)sc2c(O)cc(O)nc12,IC50,'=',8280,nM,5.08
"""CHEMBL1328733",,0,298.32,0,2.11,O=C1NC(=S)N(c2ccccc2)C(=O)/C1=C/c1ccco1,IC50,'=',811,nM,6.09
"""CHEMBL1456035",,0,318.59,0,4.19,O=C(O)C1Nc2c(Cl)cc(Cl)c(Cl)c2C2C=CCC12,IC50,'=',4360,nM,5.36
"""CHEMBL1346055",,0,407.81,0,3.93,O=C(O)c1ccc(-n2cccc2/C=C2/NC(=O)N(c3cccc(Cl)c3)C2=O)cc1,IC50,'=',4620,nM,5.33
"""CHEMBL2385821",,0,461.53,1,5.65,Cc1cc(Nc2cccc(NC(=O)c3ccc(Nc4ccnc5ccccc45)cc3)c2)nc(N)n1,IC50,'=',52000,nM,4.28
"""CHEMBL2385821",,0,461.53,1,5.65,Cc1cc(Nc2cccc(NC(=O)c3ccc(Nc4ccnc5ccccc45)cc3)c2)nc(N)n1,IC50,'=',370,nM,6.43
"""CHEMBL2336409",,0,461.53,1,5.65,Cc1cc(Nc2ccc(NC(=O)c3ccc(Nc4ccnc5ccccc45)cc3)cc2)nc(N)n1,IC50,'=',35000,nM,4.46
"""CHEMBL1990599",,0,446.42,0,2.69,O=C(CNC(=O)c1ccc([N+](=O)[O-])cc1)N/N=C\c1ccc(OC(=O)c2ccccc2)cc1,IC50,'>',99000,nM,
"""CHEMBL3126652",,0,441.5,0,3.79,Cc1cc(Nc2ccc(NC(=O)c3ccc(Nc4cc(C)nc(N)n4)cc3)cc2)nc(N)n1,IC50,'=',2230,nM,5.65
"""CHEMBL563888",,0,410.46,1,-1.03,Nc1ncnc2c1ncn2[C@@H]1O[C@H](CS[C@H]2CCN[C@@H](C(=O)O)C2)[C@@H](O)[C@H]1O,IC50,'>',100000,nM,
"""CHEMBL559283",,0,611.12,2,2.97,O=C(O)[C@@H]1C[C@H](SC[C@H]2O[C@@H](n3cnc4c(NCCc5ccc(-c6ccccc6)cc5)nc(Cl)nc43)[C@H](O)[C@@H]2O)CN1,IC50,'=',2500,nM,5.6
"""CHEMBL4164446",,0,489.62,0,4.75,COc1cc2c(NC3CCN(C)CC3)cc(-c3ccc(C#N)o3)nc2cc1OCCCN1CCCC1,IC50,'=',1600,nM,5.8
"""CHEMBL4159604",,0,480.7,1,5.66,COc1cc2c(NC3CCN(C)CC3)cc(C3CCCCC3)nc2cc1OCCCN1CCCC1,IC50,'=',497,nM,6.3
"""CHEMBL4167925",,0,482.67,0,4.51,COc1cc2c(NC3CCN(C)CC3)cc(C3CCOCC3)nc2cc1OCCCN1CCCC1,IC50,'=',4420,nM,5.36
"""CHEMBL382617",,0,292.35,0,2.17,Cc1ccn2c(CCc3nnc4cc(C)ccn34)nnc2c1,IC50,'=',100000,nM,4
"""CHEMBL3109076",,0,398.46,0,4.48,O=C(O)[C@H]1[C@@H](Cc2c[nH]c3ccccc23)CCN1C(=O)c1ccc2ccccc2c1,IC50,'=',50000,nM,4.3
"""CHEMBL564768",,0,418.86,1,-0.78,Nc1nc(Cl)nc2c1ncn2[C@@H]1O[C@H](CSCCC(N)C(=O)O)[C@@H](O)[C@H]1O,IC50,'=',2900,nM,5.54
"""CHEMBL550440",,0,410.46,1,-1.03,Nc1ncnc2c1ncn2[C@@H]1O[C@H](CS[C@H]2CCN[C@H](C(=O)O)C2)[C@@H](O)[C@H]1O,IC50,'=',8000,nM,5.1
"""CHEMBL560106",,0,430.87,1,-0.77,Nc1nc(Cl)nc2c1ncn2[C@@H]1O[C@H](CS[C@@H]2CN[C@H](C(=O)O)C2)[C@@H](O)[C@H]1O,IC50,'=',820,nM,6.09
"""CHEMBL563570",,0,369.4,0,-1.02,N[C@@H](CCSC[C@H]1O[C@@H](n2cnc3cncnc32)[C@H](O)[C@@H]1O)C(=O)O,IC50,'=',300000,nM,
"""CHEMBL538692",,0,402.41,1,-1.3,Nc1nc(F)nc2c1ncn2[C@@H]1O[C@H](CSCCC(N)C(=O)O)[C@@H](O)[C@H]1O,IC50,'=',2500,nM,5.6
"""CHEMBL560165",,0,414.44,1,-1.43,COc1nc(N)c2ncn([C@@H]3O[C@H](CSCCC(N)C(=O)O)[C@@H](O)[C@H]3O)c2n1,IC50,'=',75000,nM,4.12
"""CHEMBL1414679",,0,527,1,3.3,CC1=C(C(=O)OC(C)C)C(c2ccc(Cl)cc2)n2c(sc(=Cc3ccc(OCC(=O)O)cc3)c2=O)=N1,IC50,'=',5430,nM,5.26
"""CHEMBL1988862",,0,236.29,0,4.11,O=C1c2sccc2-c2cccc3cccc1c23,IC50,'=',1020,nM,5.99
"""CHEMBL1713628",,0,404.43,0,3.85,Nc1ccc(S(=O)(=O)Nc2nccs2)cc1N=Nc1ccccc1[N+](=O)[O-],IC50,'=',7090,nM,5.15
"""CHEMBL1412087",,0,546.45,2,6.51,CCOc1cc(/C=C2\C(=O)N(c3nc(-c4ccc(Br)cc4)cs3)N=C2c2ccccc2)ccc1O,IC50,'=',4350,nM,5.36
"""CHEMBL1389315",,0,546.67,2,5.72,O=S(=O)(Nc1c(S(=O)(=O)c2ccccc2)c2nc3ccccc3nc2n1C1CCCCC1)c1ccccc1,IC50,'=',5230,nM,5.28
"""CHEMBL1333249",,0,434.41,0,1.51,Cn1c(N)c(C(=O)COC(=O)c2cc(-c3ccco3)nc3ccccc23)c(=O)n(C)c1=O,IC50,'=',5780,nM,5.24
"""CHEMBL1902527",,0,175.02,0,2.3,ClN=C1C=CC=CC1=NCl,IC50,'=',7200,nM,5.14
"""CHEMBL1424189",,0,512.97,1,2.92,CCOC(=O)C1=C(C)N=c2sc(=Cc3ccc(OCC(=O)O)cc3)c(=O)n2C1c1ccc(Cl)cc1,IC50,'=',8420,nM,5.08
"""CHEMBL1551448",,0,415.45,0,4.21,COc1ccc(NC(=O)CN(C)C(=O)c2cc(-c3ccco3)nc3ccccc23)cc1,IC50,'=',6240,nM,5.21
"""CHEMBL1231795",,0,509.74,2,5.84,COc1cc2c(NC3CCN(C(C)C)CC3)nc(C3CCCCC3)nc2cc1OCCCN1CCCC1,IC50,'=',1287,nM,5.89
"""CHEMBL418052",S-ADENOSYLHOMOCYSTEINE,0,384.42,1,-1.44,Nc1ncnc2c1ncn2[C@@H]1O[C@H](CSCC[C@H](N)C(=O)O)[C@@H](O)[C@H]1O,IC50,'=',2000,nM,5.7
"""CHEMBL551578",,0,410.46,1,-1.34,COC(=O)[C@@H]1C[C@H](SC[C@H]2O[C@@H](n3cnc4c(N)ncnc43)[C@H](O)[C@@H]2O)CN1,IC50,'=',4000,nM,5.4
"""CHEMBL555257",,0,576.68,2,2.32,O=C(O)[C@@H]1C[C@H](SC[C@H]2O[C@@H](n3cnc4c(NCCc5ccc(-c6ccccc6)cc5)ncnc43)[C@H](O)[C@@H]2O)CN1,IC50,'=',3700,nM,5.43
"""CHEMBL1368108",,0,396.45,0,1.73,C=C(C)C(=O)Nc1cccc(C2=NOC3(C2)C[C@@H](C(N)=O)N(C(=O)C(=C)C)C3)c1,IC50,'=',4950,nM,5.3
"""CHEMBL1434555",,0,347.42,0,3.5,Cc1ccc(NC(=O)CN(C)C(=O)c2cccc(-n3cccc3)c2)cc1,IC50,'=',9260,nM,5.03
"""CHEMBL2204995",,0,541.7,1,4.31,CCCc1cc(C)[nH]c(=O)c1CNC(=O)c1cc(-c2ccnc(N3CCN(C)CC3)c2)cc2c1cnn2C(C)C,IC50,'>',100000,nM,
"""CHEMBL640",PROCAINAMIDE,4,235.33,0,1.34,CCN(CC)CCNC(=O)c1ccc(N)cc1,IC50,'>',500000,nM,
"""CHEMBL3126646",,0,461.53,1,5.65,Cc1cc(Nc2cccc(NC(=O)c3cccc(Nc4ccnc5ccccc45)c3)c2)nc(N)n1,IC50,'=',9000,nM,5.05
"""CHEMBL563782",,0,366.45,0,-0.49,Nc1ncnc2c1ncn2[C@@H]1O[C@H](CSC[C@@H]2CCCN2)[C@@H](O)[C@H]1O,IC50,'=',19000,nM,4.72
"""CHEMBL538693",,0,340.41,0,-0.89,NCCCSC[C@H]1O[C@@H](n2cnc3c(N)ncnc32)[C@H](O)[C@@H]1O,IC50,'>',45000,nM,
"""CHEMBL538627",,0,386.87,0,-0.22,Nc1nc(Cl)nc2c1ncn2[C@@H]1O[C@H](CS[C@H]2CCNC2)[C@@H](O)[C@H]1O,IC50,'=',36000,nM,4.44
"""CHEMBL551174",,0,532.67,1,2.86,O[C@@H]1[C@@H](CS[C@H]2CCNC2)O[C@@H](n2cnc3c(NCCc4ccc(-c5ccccc5)cc4)ncnc32)[C@@H]1O,IC50,'=',15000,nM,4.82
"""CHEMBL115145",,0,288.25,0,2.08,O=C(O)c1cc(Cc2ccc(O)c(C(=O)O)c2)ccc1O,IC50,'=',92000,nM,4.04
"""CHEMBL4205107",,0,425.53,0,4.08,COc1cc2c(NCCO)cc(-c3ccc(C)o3)nc2cc1OCCCN1CCCC1,IC50,'=',781,nM,6.11
"""CHEMBL4217332",,0,492.62,0,4.71,COc1cc2c(NC3CCN(C)C(=O)C3)cc(-c3ccc(C)o3)nc2cc1OCCCN1CCCC1,IC50,'=',297,nM,6.53
"""CHEMBL4162206",,0,508.75,2,6.44,COc1cc2c(NC3CCN(C(C)C)CC3)cc(C3CCCCC3)nc2cc1OCCCN1CCCC1,IC50,'=',619,nM,6.21
"""CHEMBL4174724",,0,474.65,1,5.28,COc1cc2c(NC3CCN(C)CC3)cc(-c3ccccc3)nc2cc1OCCCN1CCCC1,IC50,'=',1050,nM,5.98
"""CHEMBL4175132",,0,488.68,1,5.59,COc1cc2c(NC3CCN(C)CC3)cc(-c3ccccc3C)nc2cc1OCCCN1CCCC1,IC50,'=',582,nM,6.24
"""CHEMBL4175084",,0,494.64,0,4.37,COc1cc2c(NC3CCN(C)CC3)cc(-c3ccc(CO)o3)nc2cc1OCCCN1CCCC1,IC50,'=',759,nM,6.12
"""CHEMBL1546750",,0,324.42,0,3.92,Cc1cccc(OCC(=O)Nc2ccc(N3CCCC3)cc2)c1C,IC50,'>',99000,nM,
"""CHEMBL1330058",,0,343.34,0,4.02,O=C(Oc1ccc(-c2nc(-c3ccccn3)no2)cc1)c1ccccc1,IC50,'>',99000,nM,
"""CHEMBL3109078",,0,348.4,0,3.33,O=C(O)[C@H]1[C@@H](Cc2c[nH]c3ccccc23)CCN1C(=O)c1ccccc1,IC50,'=',73000,nM,4.14
"""CHEMBL1520133",,0,459.53,1,6.38,CN(c1ccccc1)c1ccc(/C=C(\CCC(=O)O)c2nc3ccccc3s2)cc1[N+](=O)[O-],IC50,'=',5340,nM,5.27
"""CHEMBL1505688",,0,483.64,1,5.45,O=C(O)CCCCCN1C(=O)/C(=C\c2cn(-c3ccccc3)nc2-c2cccs2)SC1=S,IC50,'=',6970,nM,5.16
"""CHEMBL3318285",,0,413.57,0,3.93,COc1cc2nc(N3CCCC3)nc(NCCCCCN3CCCC3)c2cc1OC,IC50,'>',100000,nM,
"""CHEMBL4214834",,0,532.61,2,6.07,Cc1ccc(-c2cc(NC3CCN(C)CC3)c3cc(OC(F)(F)F)c(OCCCN4CCCC4)cc3n2)o1,IC50,'=',2080,nM,5.68
"""CHEMBL4212380",,0,508.66,1,4.67,CCc1ccc(-c2cc(NC3CCN(C)CC3)c3cc(OC)c(OCCCN4CCOCC4)cc3n2)o1,IC50,'=',446,nM,6.35
"""CHEMBL4216593",,0,544.74,2,6.35,COc1cc2c(NC3CC4(CCN(C(C)C)CC4)C3)cc(-c3ccc(C)o3)nc2cc1OC1CC2(C1)CN(C)C2,IC50,'=',187,nM,6.73
"""CHEMBL3263626",,0,376.46,0,0.72,Nc1ncnc2c1ncn2[C@@H]1O[C@H](CC(N)CC2CCCCC2)[C@@H](O)[C@H]1O,IC50,'=',179000,nM,
"""CHEMBL2336409",,0,461.53,1,5.65,Cc1cc(Nc2ccc(NC(=O)c3ccc(Nc4ccnc5ccccc45)cc3)cc2)nc(N)n1,IC50,'=',850,nM,6.07
"""CHEMBL4216144",,0,504.68,2,5.57,COc1cc2c(NC3CC4(CCN(C)C4)C3)cc(-c3ccc(C)o3)nc2cc1OCCCN1CCCC1,IC50,'=',201,nM,6.7
"""CHEMBL4208812",,0,518.7,2,5.96,COc1cc2c(NC3CCC34CCN(C)CC4)cc(-c3ccc(C)o3)nc2cc1OCCCN1CCCC1,IC50,'=',123,nM,6.91
"""CHEMBL4649221",,0,501.47,1,3.73,Cc1ccc2c(n1)N(CC(=O)Nc1ccc3c(c1)OCO3)CC(c1nc(-c3cccc(F)c3)no1)C2=O,IC50,'=',28500,nM,4.54
"""CHEMBL4641323",,0,397.46,0,3.57,Cc1nccc(-c2cccc(NS(=O)(=O)c3cc(C(=O)O)cc(C)c3C)c2)n1,IC50,,,,
"""CHEMBL4217087",,0,492.66,1,5.21,COc1cc2c(N(C)C3CCN(C)CC3)cc(-c3ccc(C)o3)nc2cc1OCCCN1CCCC1,IC50,'=',1320,nM,5.88
"""CHEMBL4211622",,0,421.54,1,5.25,COc1cc2c(NC3CC3)cc(-c3ccc(C)o3)nc2cc1OCCCN1CCCC1,IC50,'=',1030,nM,5.99
"""CHEMBL4216799",,0,449.6,1,6.03,COc1cc2c(NC3CCCC3)cc(-c3ccc(C)o3)nc2cc1OCCCN1CCCC1,IC50,'=',1790,nM,5.75
"""CHEMBL4210910",,0,502.66,2,5.32,COc1cc2c(NC3CCN(C)CC3)cc(-c3ccc(C)o3)nc2cc1OC1CC2(C1)CN(C1CC1)C2,IC50,'=',494,nM,6.31
"""CHEMBL4212375",,0,466.58,0,4.22,CNC(=O)CCNc1cc(-c2ccc(C)o2)nc2cc(OCCCN3CCCC3)c(OC)cc12,IC50,'=',1080,nM,5.97
"""CHEMBL4212218",,0,504.68,2,5.57,COc1cc2c(NC3CCC34CCN(C)C4)cc(-c3ccc(C)o3)nc2cc1OCCCN1CCCC1,IC50,'=',290,nM,6.54
"""CHEMBL4208812",,0,518.7,2,5.96,COc1cc2c(NC3CCC34CCN(C)CC4)cc(-c3ccc(C)o3)nc2cc1OCCCN1CCCC1,IC50,'=',316.23,nM,6.5
"""CHEMBL3126649",,0,461.53,1,5.65,Cc1cc(Nc2cccc(NC(=O)c3ccccc3Nc3ccnc4ccccc34)c2)nc(N)n1,IC50,'=',38600,nM,4.41
"""CHEMBL3126645",,0,461.53,1,5.65,Cc1cc(Nc2ccc(NC(=O)c3cccc(Nc4ccnc5ccccc45)c3)cc2)nc(N)n1,IC50,'=',4110,nM,5.39
"""CHEMBL4212905",,0,506.69,2,5.68,CCc1ccc(-c2cc(NCC3CCN(C)CC3)c3cc(OC)c(OCCCN4CCCC4)cc3n2)o1,IC50,'=',40,nM,7.4
"""CHEMBL4207331",,0,504.68,2,5.43,COc1cc2c(NC3C4CCC3CN(C)C4)cc(-c3ccc(C)o3)nc2cc1OCCCN1CCCC1,IC50,'=',235,nM,6.63
"""CHEMBL4208425",,0,490.65,1,5.04,COc1cc2c(NCC3CCN(C)CC3)cc(-c3ccc(C)o3)nc2cc1OC1CC2(C1)CN(C)C2,IC50,'=',475,nM,6.32
"""CHEMBL4170228",,0,479.63,0,4.58,COc1cc2c(NC3CCN(C)CC3)nc(-c3ccc(C)o3)nc2cc1OCCCN1CCCC1,IC50,'=',2250,nM,5.65
"""CHEMBL4159597",,0,494.71,1,5.65,COc1cc2c(NC3CCN(C)CC3)cc(-c3ccc(C)s3)nc2cc1OCCCN1CCCC1,IC50,'=',230,nM,6.64
"""CHEMBL1916672",,0,263.3,0,1.84,CN(C)CC1CC(Cc2ccc([N+](=O)[O-])cc2)=NO1,IC50,'=',1600000,nM,
"""CHEMBL3109079",,0,442.45,0,4.01,O=C(O)[C@@H]1[C@H](Cc2c[nH]c3ccccc23)CCN1Sc1ccc([N+](=O)[O-])cc1[N+](=O)[O-],IC50,'=',80000,nM,4.1
"""CHEMBL3109085",,0,402.39,0,3.28,O=C(O)[C@H](Cc1c[nH]c2ccccc12)NSc1ccc([N+](=O)[O-])cc1[N+](=O)[O-],IC50,'=',40000,nM,4.4
"""CHEMBL563230",,0,396.43,1,-1.42,Nc1ncnc2c1ncn2[C@@H]1O[C@H](CS[C@H]2CN[C@H](C(=O)O)C2)[C@@H](O)[C@H]1O,IC50,'>',100000,nM,
"""CHEMBL563938",,0,326.38,0,-1.28,NCCSC[C@H]1O[C@@H](n2cnc3c(N)ncnc32)[C@H](O)[C@@H]1O,IC50,'=',18000,nM,4.75
"""CHEMBL563024",,0,488.57,1,0.64,NC(CCSC[C@H]1O[C@@H](n2cnc3c(NCCc4ccccc4)ncnc32)[C@H](O)[C@@H]1O)C(=O)O,IC50,'=',27000,nM,4.57
"""CHEMBL560505",,0,534.6,2,0.61,COc1cc(CNc2ncnc3c2ncn3[C@@H]2O[C@H](CSCCC(N)C(=O)O)[C@@H](O)[C@H]2O)cc(OC)c1,IC50,'=',18000,nM,4.75
"""CHEMBL3126644",,0,461.53,1,5.65,Cc1cc(Nc2ccccc2NC(=O)c2ccc(Nc3ccnc4ccccc34)cc2)nc(N)n1,IC50,'=',35000,nM,4.46
"""CHEMBL3126647",,0,461.53,1,5.65,Cc1cc(Nc2ccccc2NC(=O)c2cccc(Nc3ccnc4ccccc34)c2)nc(N)n1,IC50,'=',174000,nM,
"""CHEMBL383475",,0,334.33,0,2.46,O=C(O)C(Cc1c[nH]c2ccccc12)N1C(=O)c2ccccc2C1=O,IC50,'=',50000,nM,4.3
"""CHEMBL418052",S-ADENOSYLHOMOCYSTEINE,0,384.42,1,-1.44,Nc1ncnc2c1ncn2[C@@H]1O[C@H](CSCC[C@H](N)C(=O)O)[C@@H](O)[C@H]1O,IC50,'=',4000,nM,5.4
"""CHEMBL1320181",,0,521.37,2,5.67,CCOc1cc(/C=C(\C#N)C(=O)Nc2cccc(C(=O)O)c2)ccc1OCc1ccc(Br)cc1,IC50,'=',5400,nM,5.27
"""CHEMBL1315592",,0,364.4,0,3.52,COC(=O)C1CCN(C(=O)c2cc(-c3ccco3)nc3ccccc23)CC1,IC50,'=',7310,nM,5.14
"""CHEMBL1371301",,0,453.4,0,4.41,CCN(CC)c1ccc(NC(=O)CCS(=O)(=O)c2ccc(Br)cc2)c(C)c1,IC50,'=',8640,nM,5.06
"""CHEMBL1485960",,0,342.38,0,2.51,CCOc1cccc(N2C(=O)/C(=C/c3ccco3)C(=O)NC2=S)c1,IC50,'=',4240,nM,5.37
"""CHEMBL1558192",,0,455.94,1,5.63,O=C(O)C(c1ccccc1)N1C(=O)/C(=C\c2ccc(-c3ccccc3Cl)o2)SC1=S,IC50,'=',4270,nM,5.37
"""CHEMBL1490332",,0,319.41,0,3.39,CCN(CC)CCn1nc2c3c(cccc3c1=O)-c1ccccc1-2,IC50,'=',11500,nM,4.94
"""CHEMBL1444349",,0,293.26,0,0.67,O=C1NC(=S)N/C1=C/c1cc2c(cc1[N+](=O)[O-])OCO2,IC50,'=',3850,nM,5.42
"""CHEMBL1471220",,0,319.36,0,3.17,O=C(COC(=O)c1cc2c(s1)CCC2)Nc1ccc(F)cc1,IC50,'=',10300,nM,4.99
"""CHEMBL1302528",,0,526.91,1,4.7,O=C(CN1C(=O)S/C(=C\c2ccc(-c3cc(C(=O)O)ccc3Cl)o2)C1=O)Nc1ccc2c(c1)OCO2,IC50,'>',99000,nM,
"""CHEMBL1863716",,0,485.61,0,3.94,Cc1ccc(-c2nn(-c3ccccc3)cc2C=C2SC(=S)N(CCS(=O)(=O)O)C2=O)cc1,IC50,'=',4930,nM,5.31
"""CHEMBL1967028",,0,339.4,0,2.51,CCc1ccc(/C(C)=N/NC(=O)CNC(=O)/C=C/c2ccco2)cc1,IC50,'=',6950,nM,5.16
"""CHEMBL1606403",,0,422.82,0,3.82,C=CCOC(=O)c1cc(-c2ccc(/C=C3\C(=O)NC(=O)C(C#N)=C3C)o2)ccc1Cl,IC50,'=',5000,nM,5.3
"""CHEMBL1439640",,0,345.45,0,3.38,COc1ccc(Cc2nnc(NC(=O)Cc3cccs3)s2)cc1,IC50,'=',4470,nM,5.35
"""CHEMBL555352",,0,564.67,2,2.3,NC(CCSC[C@H]1O[C@@H](n2cnc3c(NCCc4ccc(-c5ccccc5)cc4)ncnc32)[C@H](O)[C@@H]1O)C(=O)O,IC50,'=',5400,nM,5.27
"""CHEMBL1548829",,0,292.38,0,1.75,COC(=O)/C(C(C)=O)=C(\C=C\C=C\C=C\N(C)C)N(C)C,IC50,'=',8380,nM,5.08
"""CHEMBL560306",,0,475.53,1,-0.01,NC(CCSC[C@H]1O[C@@H](n2cnc3c(NCc4ccncc4)ncnc32)[C@H](O)[C@@H]1O)C(=O)O,IC50,'=',22000,nM,4.66
"""CHEMBL1458444",,0,385.38,0,1.1,NS(=O)(=O)c1ccc(NC(=O)COC(=O)c2ccc([N+](=O)[O-])s2)cc1,IC50,'=',25100,nM,4.6
"""CHEMBL1529334",,0,484.58,0,4.88,Cc1ccc(N2C(=O)NC(=O)/C(=C\c3cc(C)n(-c4sc5c(c4C#N)CCCC5)c3C)C2=O)cc1,IC50,'=',11100,nM,4.96
"""CHEMBL1386849",,0,435.47,0,2.88,Cc1ccc(C(=O)NN2CC(=O)C(c3nc(-c4cccc([N+](=O)[O-])c4)cs3)=C2N)cc1,IC50,'>',99000,nM,
"""CHEMBL599013",,0,385.38,0,3.96,O=C(O)c1ccccc1/C=N/NC(=O)c1cc(-c2ccco2)nc2ccccc12,IC50,'=',5400,nM,5.27
"""CHEMBL1730022",,0,249.27,0,3.44,Cn1c2ccccc2c2c(=O)oc3ccccc3c21,IC50,'>',99000,nM,
"""CHEMBL1706577",,0,359.36,0,4.4,O=C(N/N=C/c1cccc(F)c1)c1cc(-c2ccco2)nc2ccccc12,IC50,'=',4810,nM,5.32
"""CHEMBL1511981",,0,486.53,0,4.26,CSc1ccc(C=NNc2ccc(S(=O)(=O)Nc3ccccc3C(=O)O)cc2[N+](=O)[O-])cc1,IC50,'=',3260,nM,5.49
"""CHEMBL224857",,0,483.64,1,5.45,O=C(O)CCCCCN1C(=O)/C(=C/c2cn(-c3ccccc3)nc2-c2cccs2)SC1=S,IC50,'=',5560,nM,5.25
"""CHEMBL602400",,0,420.52,0,3.72,CCN(CC)CCNc1nc2cc(OC)c(OC)cc2c2nc(-c3ccccc3)nn12,IC50,'>',99000,nM,
"""CHEMBL551100",,0,352.42,0,-0.88,Nc1ncnc2c1ncn2[C@@H]1O[C@H](CS[C@H]2CCNC2)[C@@H](O)[C@H]1O,IC50,'=',44000,nM,4.36
"""CHEMBL1875722",,0,531.57,1,5.12,COc1ccc(Oc2c(OC)cc(NCc3ccc(CN)cc3)c3ncccc23)cc1.O=C(O)/C=C/C(=O)O,IC50,'=',10300,nM,4.99
"""CHEMBL1381264",,0,450.52,0,3.18,CCS(=O)(=O)C1=NN2C(=N)/C(=C\c3ccc(SCc4ccco4)o3)C(=O)N=C2S1,IC50,'=',5710,nM,5.24
"""CHEMBL1411344",,0,313.34,0,1.1,O=C1NC(=S)NC(=O)C1=Cc1cccn1-c1ccc(O)cc1,IC50,'=',4820,nM,5.32
"""CHEMBL1438370",,0,476.41,0,4.2,Cc1c2cnn(CC(=O)Nc3c(F)c(F)cc(F)c3F)c(=O)c2c(C)n1Cc1ccccc1F,IC50,'=',7600,nM,5.12
"""CHEMBL1321933",,0,366.23,0,4.55,O=C(Nc1ccc(Cl)c(Cl)c1)Nc1nnc(-c2ccncc2)s1,IC50,'=',1290,nM,5.89
"""CHEMBL1315784",,0,472.5,0,3.33,O=S(=O)(c1cc(O)ccc1O)c1cccc2c(S(=O)(=O)c3cc(O)ccc3O)cccc12,IC50,'=',3810,nM,5.42
"""CHEMBL4170114",,0,478.64,1,5.18,COc1cc2c(NC3CCN(C)CC3)cc(-c3ccc(C)o3)nc2cc1OCCCN1CCCC1,IC50,'=',382,nM,6.42
"""CHEMBL4166822",,0,466.55,0,4.63,COc1cc2c(NC3CCN(C)CC3)cc(C(F)(F)F)nc2cc1OCCCN1CCCC1,IC50,'>',10000,nM,
"""CHEMBL3109077",,0,348.4,0,3.33,O=C(O)[C@@H]1[C@H](Cc2c[nH]c3ccccc23)CCN1C(=O)c1ccccc1,IC50,'=',98000,nM,4.01
"""CHEMBL1564869",,0,334.33,0,2.46,O=C(O)[C@H](Cc1c[nH]c2ccccc12)N1C(=O)c2ccccc2C1=O,IC50,'=',390000,nM,3.41
"""CHEMBL1533351",,0,457.58,0,3.13,CCOC(=O)c1c(-n2c(C)cc(C=C3C(=O)NC(=S)NC3=O)c2C)sc2c1CCCC2,IC50,'=',10000,nM,5
"""CHEMBL1358848",,0,209.2,0,0.11,O=C(c1ccc(=O)oc1)N1CCOCC1,IC50,'=',3670,nM,5.43
"""CHEMBL1372387",,0,466.54,0,3.9,O=C(O)CSc1cc(C(=O)c2ccccc2O)cn2c(=O)c3c4c(sc3nc12)CCCC4,IC50,'=',14100,nM,4.85
"""CHEMBL1434750",,0,498.81,0,4.97,O=C(O)CN1C(=O)/C(=C\c2cc(Br)ccc2OCc2ccc(Cl)cc2)SC1=S,IC50,'=',7360,nM,5.13
"""CHEMBL1481077",,0,388.38,0,4.05,Cc1ccc(C(=O)O)cc1-c1ccc(/C=C2/NC(=O)N(c3ccccc3)C2=O)o1,IC50,'=',11000,nM,4.96
"""CHEMBL212414",,0,444.45,0,3.02,Cc1ccc(NC(=O)CN2C(=O)N/C(=C\c3cccn3-c3cccc(C(=O)O)c3)C2=O)cc1,IC50,'=',6050,nM,5.22
"""CHEMBL1308055",,0,447.93,0,3.06,Cc1ccc(-n2cccc2/C=C2/C(=N)N3C(=NC2=O)SN=C3S(C)(=O)=O)cc1Cl,IC50,'=',7720,nM,5.11
"""CHEMBL1520297",,0,387.23,0,3.23,Cc1cc[n+](CC(=O)c2cccc([N+](=O)[O-])c2)c2ccccc12.[Br-],IC50,'>',99000,nM,
"""CHEMBL1360585",,0,410.47,0,2.12,C=C(C)C(=O)Nc1cccc(C2=NOC3(C2)C[C@@H](C(N)=O)N(C(=O)/C(C)=C/C)C3)c1,IC50,'=',1940,nM,5.71
"""CHEMBL1361920",,0,477.9,0,4.11,Cc1cc(/C=C2\C(=O)NC(=O)N(Cc3ccccc3)C2=O)c(C)n1-c1ccc(Cl)c(C(=O)O)c1,IC50,'=',3350,nM,5.47
"""CHEMBL3126648",,0,461.53,1,5.65,Cc1cc(Nc2ccc(NC(=O)c3ccccc3Nc3ccnc4ccccc34)cc2)nc(N)n1,IC50,'=',12300,nM,4.91
"""CHEMBL560045",,0,398.45,1,-1.13,Cc1nc(N)c2ncn([C@@H]3O[C@H](CSCCC(N)C(=O)O)[C@@H](O)[C@H]3O)c2n1,IC50,'=',6000,nM,5.22
"""CHEMBL4282866",,0,372.52,0,4.5,CCN(CC)S(=O)(=O)c1ccc(/C=C/c2nc3ccccc3s2)cc1,IC50,'>',100000,nM,
"""CHEMBL3414632",,0,521.43,2,2.03,CC(=O)NCCc1ccc(O)c(-c2cc3c(c(O)c2O)C(=O)c2cc(O)c(C(=O)O)c(C(=O)O)c2C3=O)c1,IC50,'=',19000,nM,4.72
"""CHEMBL597113",,0,409.19,0,2.61,O=C(O)COc1ccc(C(=O)c2cc(Br)ccc2OCC(=O)O)cc1,IC50,'=',212000,nM,
"""CHEMBL318782",Dichlon,0,227.05,0,2.75,O=C1C(Cl)=C(Cl)C(=O)c2ccccc21,IC50,'=',1600,nM,5.8
"""CHEMBL1440928",,0,329.83,0,3.83,CN(C)CCc1cc2c(c3c1ccc1ccccc13)OCO2.Cl,IC50,'>',99000,nM,
"""CHEMBL1320799",,0,294.29,0,1.56,NS(=O)(=O)c1ccc(N=Nc2ccc(O)nc2O)cc1,IC50,'=',7650,nM,5.12
"""CHEMBL1715550",,0,404.46,1,5.06,COc1cc(/C=C/C=C2/CC/C(=C/C=C/c3ccc(O)c(OC)c3)C2=O)ccc1O,IC50,'=',8220,nM,5.08
"""CHEMBL1423186",,0,322.3,0,0.67,O=C1CC(=O)NC(SCC(=O)Nc2ccccc2[N+](=O)[O-])=N1,IC50,'=',8510,nM,5.07
"""CHEMBL1380580",,0,255.25,0,4.43,Oc1[nH]c2ccccc2c1N=Nc1ccc(F)cc1,IC50,'=',19300,nM,4.71
"""CHEMBL1404761",,0,390.38,0,3.05,N=C1/C(=C/c2coc3ccccc3c2=O)C(=O)N=C2SC(c3ccco3)=NN12,IC50,'=',11600,nM,4.94
"""CHEMBL1503050",,0,191.19,0,1.5,O=C(O)Cc1c[nH]c2cccc(O)c12,IC50,'=',6740,nM,5.17
"""CHEMBL1978925",,0,410.81,0,3.73,O=C(N/N=C/c1ccc(OC(=O)c2ccccc2Cl)cc1)c1cc(O)cc(O)c1,IC50,'=',5400,nM,5.27
"""CHEMBL1566980",,0,473.38,0,4.95,O=C(CSc1nc(O)c2ccccc2n1)Nc1nc(-c2ccc(Br)cc2)cs1,IC50,'=',5120,nM,5.29
"""CHEMBL1403497",,0,208.17,0,0.25,O=C1CC(=O)N(Cc2ccco2)C(=O)N1,IC50,'=',1580,nM,5.8
"""CHEMBL1408320",,0,354.36,0,3.21,CC(C)N1C(=O)/C(=C/C=C/c2ccco2)C(=O)N(Cc2ccco2)C1=O,IC50,'=',8310,nM,5.08
"""CHEMBL1603637",,0,492.03,1,6.54,COc1ccc(/C=C2/C(=O)N(c3nc4ccccc4s3)N=C2CSc2ccc(Cl)cc2)cc1,IC50,'=',2860,nM,5.54
"""CHEMBL418052",S-ADENOSYLHOMOCYSTEINE,0,384.42,1,-1.44,Nc1ncnc2c1ncn2[C@@H]1O[C@H](CSCC[C@H](N)C(=O)O)[C@@H](O)[C@H]1O,IC50,'=',600,nM,6.22
"""CHEMBL1964442",,0,246.22,0,1.45,O=C(N/N=C/c1ccoc1)c1cc(O)cc(O)c1,IC50,'=',7090,nM,5.15
"""CHEMBL1423709",,0,343.38,0,1.99,Cn1cccc1/C=C1/C(=O)NC(=S)N(Cc2ccc(F)cc2)C1=O,IC50,'=',3550,nM,5.45
"""CHEMBL583555",,0,287.37,0,4.44,Cc1ccc2cc3c(N)c4c(C)ccc(C)c4nc3nc2c1,IC50,'>',99000,nM,
"""CHEMBL1310120",,0,255.07,0,2.89,CC1=C/C(=C\c2ccc(Br)o2)C(=O)O1,IC50,'=',4990,nM,5.3
"""CHEMBL4205373",,0,504.68,2,5.71,COc1cc2c(NC3CC4CCC(C3)N4C)cc(-c3ccc(C)o3)nc2cc1OCCCN1CCCC1,IC50,'=',234,nM,6.63
"""CHEMBL4210432",,0,464.61,0,4.88,Cc1ccc(-c2cc(NC3CCN(C)CC3)c3cc(O)c(OCCCN4CCCC4)cc3n2)o1,IC50,'=',645,nM,6.19
"""CHEMBL4203186",,0,473.62,1,5.05,Cc1ccc(-c2cc(NC3CCN(C)CC3)c3cc(C#N)c(OCCCN4CCCC4)cc3n2)o1,IC50,'=',588,nM,6.23
"""CHEMBL4588797",,0,408.44,1,-0.96,N#Cc1cn([C@@H]2O[C@H](CSCC[C@H](N)C(=O)O)[C@@H](O)[C@H]2O)c2ncnc(N)c12,IC50,'=',150,nM,6.82
"""CHEMBL418052",S-ADENOSYLHOMOCYSTEINE,0,384.42,1,-1.44,Nc1ncnc2c1ncn2[C@@H]1O[C@H](CSCC[C@H](N)C(=O)O)[C@@H](O)[C@H]1O,IC50,'=',941,nM,6.03
"""CHEMBL1235825",,0,381.39,1,-2.24,CN(CC[C@H](N)C(=O)O)C[C@H]1O[C@@H](n2cnc3c(N)ncnc32)[C@H](O)[C@@H]1O,IC50,'=',302000,nM,
"""CHEMBL2018855",,0,527.61,2,0.59,Nc1ncnc2c1ncn2[C@@H]1O[C@H](CN(CCc2csc3ccccc23)CC[C@H](N)C(=O)O)[C@@H](O)[C@H]1O,IC50,'=',132000,nM,
"""CHEMBL83747",PSAMMAPLIN A,0,664.4,2,3.68,O=C(NCCSSCCNC(=O)/C(Cc1ccc(O)c(Br)c1)=N/O)/C(Cc1ccc(O)c(Br)c1)=N/O,IC50,'=',18.6,nM,7.73
"""CHEMBL1397916",,0,323.33,0,2.69,O=C(NNC(=O)c1ccccc1F)c1cccc(-n2cccc2)c1,IC50,'=',13900,nM,4.86
"""CHEMBL1612983",,0,505,2,5.23,Cc1cc(/C=C2\C(=O)NC(=O)N(c3ccc(Cl)cc3)C2=O)c(C)n1-c1sc2c(c1C#N)CCCC2,IC50,'=',9520,nM,5.02
"""CHEMBL1533230",,0,296.39,0,-1.11,CC(C)(CS(=O)(=O)[O-])NC(=O)CC[N+](C)(C)CCO,IC50,'=',3600,nM,5.44
"""CHEMBL1904582",,0,439.58,1,5.79,NC(CSC(c1ccccc1)(c1ccccc1)c1ccc(-c2ccccc2)cc1)C(=O)O,IC50,'=',9650,nM,5.01
"""CHEMBL1701761",,0,176.12,0,-2.81,O=CC(O)C1OC(=O)C(O)C1O,IC50,'=',14400,nM,4.84
"""CHEMBL4206035",,0,518.7,2,5.96,COc1cc2c(NC3CC4(CCN(C)CC4)C3)cc(-c3ccc(C)o3)nc2cc1OCCCN1CCCC1,IC50,'=',140,nM,6.85
"""CHEMBL4204482",,0,546.76,2,6.74,COc1cc2c(NC3CC4(CCN(C(C)C)CC4)C3)cc(-c3ccc(C)o3)nc2cc1OCCCN1CCCC1,IC50,'=',211,nM,6.68
"""CHEMBL418052",S-ADENOSYLHOMOCYSTEINE,0,384.42,1,-1.44,Nc1ncnc2c1ncn2[C@@H]1O[C@H](CSCC[C@H](N)C(=O)O)[C@@H](O)[C@H]1O,IC50,'=',200,nM,6.7
"""CHEMBL2171169",,0,540.67,1,2.25,CC(C)N(CCCNC(=O)Nc1ccc(C(C)(C)C)cc1)C[C@H]1O[C@@H](n2cnc3c(N)ncnc32)[C@H](O)[C@@H]1O,IC50,'=',2.9,nM,8.54
"""CHEMBL1571682",,0,386.88,0,3.13,CCN(CC)CCC(=O)Nc1cccc2c1C(=O)c1ccccc1C2=O.Cl,IC50,'=',6860,nM,5.16
"""CHEMBL1975801",,0,543,1,2.92,CCOC(=O)C1=C(C)N=c2s/c(=C/c3ccc(OCC(=O)O)c(OC)c3)c(=O)n2C1c1ccc(Cl)cc1,IC50,'=',10200,nM,4.99
"""CHEMBL1441143",,0,307.42,0,4.29,CCCCCCCCc1nnc(NC(=O)c2ccco2)s1,IC50,'=',42400,nM,4.37
"""CHEMBL1453126",,0,237.31,0,3.29,Cc1cc(C)c2c(N)c3cccc(C)c3nc2n1,IC50,'>',99000,nM,
"""CHEMBL1317569",,0,344.37,0,1.64,CC(=O)c1cccc(OCC(=O)N(C)CC(=O)NCc2ccco2)c1,IC50,'=',6090,nM,5.21
"""CHEMBL1566994",,0,459.51,0,2.41,COc1cc(NS(=O)(=O)c2ccc(NC(=S)NC(=O)/C=C/c3ccco3)cc2)ncn1,IC50,'=',2920,nM,5.54
"""CHEMBL1560128",,0,421.45,0,3.25,CCOC(=O)c1cc(-c2ccc(N3CCOCC3)cc2)nn1-c1ccccc1C(=O)O,IC50,'=',6990,nM,5.16
"""CHEMBL1519992",,0,282.3,0,3.45,Cc1ccc(-n2nc(-c3ccco3)cc2C(=O)O)c(C)c1,IC50,'=',18100,nM,4.74
"""CHEMBL2007178",,0,452.26,0,4.45,O=C(O)c1ccc(-n2cccc2/C=N\NC(=O)c2cc3cc(Br)ccc3o2)cc1,IC50,'=',4360,nM,5.36
"""CHEMBL1501577",,0,426.29,0,3.04,COC(=O)c1ccccc1NC(=O)CCS(=O)(=O)c1ccc(Br)cc1,IC50,'=',3690,nM,5.43
"""CHEMBL1561729",,0,373.37,0,3.27,O=C(O)c1ccc(-n2cccc2/C=C2/NC(=O)N(c3ccccc3)C2=O)cc1,IC50,'=',3830,nM,5.42
"""CHEMBL1587837",,0,552.61,2,5.3,COc1ccc(NS(=O)(=O)c2ccc(O)c(NC(=O)c3cc4c(C)nn(-c5ccc(F)cc5)c4s3)c2)cc1,IC50,'=',6920,nM,5.16
"""CHEMBL3414631",,0,284.27,0,1.09,O=C(O)[C@H](Cc1c[nH]c2ccccc12)N1C(=O)C=CC1=O,IC50,'=',20000,nM,4.7
"""CHEMBL3126651",,0,481.56,1,7.52,O=C(Nc1ccc(Nc2ccnc3ccccc23)cc1)c1ccc(Nc2ccnc3ccccc23)cc1,IC50,'=',33000,nM,4.48
"""CHEMBL3126651",,0,481.56,1,7.52,O=C(Nc1ccc(Nc2ccnc3ccccc23)cc1)c1ccc(Nc2ccnc3ccccc23)cc1,IC50,'=',650,nM,6.19
"""CHEMBL1469245",,0,469.52,0,3.45,COC(=O)c1c(NC(=O)COC(=O)c2ccc(NC(=O)CC#N)cc2)sc2c1CCCCC2,IC50,'=',3350,nM,5.47
"""CHEMBL1485277",,0,484.49,0,3.94,CCOc1ccc(C=NNc2ccc(S(=O)(=O)Nc3ccccc3C(=O)O)cc2[N+](=O)[O-])cc1,IC50,'=',5780,nM,5.24
"""CHEMBL1480378",,0,388.47,0,2.83,Cc1ccnc(NS(=O)(=O)c2ccc(NC(=O)Cc3cccs3)cc2)n1,IC50,'=',9160,nM,5.04
"""CHEMBL1521144",,0,396.86,0,4.15,O=C(CSc1nc(O)c2cnn(-c3ccccc3)c2n1)c1ccc(Cl)cc1,IC50,'=',9120,nM,5.04
"""CHEMBL1464280",,0,410.47,0,1.95,C=C(C)C(=O)Nc1cccc(C2=NOC3(C2)C[C@@H](C(N)=O)N(C(=O)C2(C)CC2)C3)c1,IC50,'=',1450,nM,5.84
"""CHEMBL1490134",,0,526.53,1,4.11,C=CCOc1ccc(C=NNc2ccc(S(=O)(=O)Nc3ccccc3C(=O)O)cc2[N+](=O)[O-])cc1OC,IC50,'=',5320,nM,5.27
"""CHEMBL4202651",,0,381.48,0,4.33,COc1cc2nc(-c3ccc(C)o3)cc(NC3CCN(C)CC3)c2cc1OC,IC50,'=',750,nM,6.12
"""CHEMBL4203655",,0,450.58,0,4.45,COc1cc2c(NC3CCN(C)CC3)cc(-c3ccc(C)o3)nc2cc1OC1CCNCC1,IC50,'=',414,nM,6.38
"""CHEMBL4212218",,0,504.68,2,5.57,COc1cc2c(NC3CCC34CCN(C)C4)cc(-c3ccc(C)o3)nc2cc1OCCCN1CCCC1,IC50,'=',316.23,nM,6.5
"""CHEMBL1435948",,0,418.47,0,1.37,COc1ccc(S(=O)(=O)N2CCN(C(=O)C3COc4ccccc4O3)CC2)cc1,IC50,'=',5820,nM,5.24
"""CHEMBL1568915",,0,454.7,1,7.75,C/C(=C/CCC(C)[C@H]1CC[C@@]2(C)C3=C(CC[C@]12C)[C@@]1(C)CCC(=O)C(C)(C)[C@@H]1CC3)C(=O)O,IC50,'=',5930,nM,5.23
"""CHEMBL1437464",,0,378.43,0,3.91,CCOC(=O)C1CCCN(C(=O)c2cc(-c3ccco3)nc3ccccc23)C1,IC50,'=',6420,nM,5.19
"""CHEMBL1332402",,0,490.54,1,5.25,Cc1ccc(NC(=O)CN2C(=O)S/C(=C/c3ccc(-c4cc(C(=O)O)ccc4C)o3)C2=O)cc1C,IC50,'=',11300,nM,4.95
"""CHEMBL3109084",,0,358.38,0,2.76,O=C(O)[C@H](Cc1c[nH]c2ccccc12)NSc1ncccc1[N+](=O)[O-],IC50,'=',20000,nM,4.7
"""CHEMBL564490",,0,366.45,0,-0.53,CN1CC[C@@H](SC[C@H]2O[C@@H](n3cnc4c(N)ncnc43)[C@H](O)[C@@H]2O)C1,IC50,'>',10000,nM,
"""CHEMBL1346592",,0,444.45,0,3.02,Cc1ccccc1NC(=O)CN1C(=O)N/C(=C\c2cccn2-c2cccc(C(=O)O)c2)C1=O,IC50,'=',6370,nM,5.2
"""CHEMBL1341590",,0,541.37,1,3.08,CC(=O)OCC1=C(C(=O)O)N2C(=O)C(NC(=O)c3ccc(COc4cccc(Cl)c4Cl)o3)C2SC1,IC50,'=',8670,nM,5.06
"""CHEMBL1704614",,0,258.28,0,3.89,O=C1C(=O)c2c(ccc3ccccc23)-c2ccccc21,IC50,'=',1340,nM,5.87
"""CHEMBL580076",,0,362.48,0,4.05,COc1ccc2nc(C)cc(Nc3ccc(N4CCN(C)CC4)cc3)c2c1,IC50,'=',11400,nM,4.94
"""CHEMBL4640870",,0,458.59,0,2.2,O=C(CSc1ncnc2sccc12)N1CCN(Cc2cc(=O)n3ccsc3n2)CC1,IC50,'=',27200,nM,4.57
"""CHEMBL552309",,0,383.43,0,-0.83,Nc1ncnc2c1ccn2[C@@H]1O[C@H](CSCC[C@H](N)C(=O)O)[C@@H](O)[C@H]1O,IC50,'=',1500,nM,5.82
"""CHEMBL4874514",,0,494.59,0,4.23,COc1cc2nc(-c3ccc(C)o3)cc(NCC3CCN(C4CC(C(=O)NO)C4)CC3)c2cc1OC,IC50,'=',540,nM,6.27
"""CHEMBL4854659",,0,517.59,1,4.66,COc1cc2nc(-c3ccc(C)o3)cc(NCC3CCN(c4ccc(C(=O)NO)cn4)CC3)c2cc1OC,IC50,'=',8410,nM,5.08
"""CHEMBL4845706",,0,520.63,1,4.54,COc1cc2nc(C3CCCCC3)cc(NCC3CCN(c4ncc(C(=O)NO)cn4)CC3)c2cc1OC,IC50,'>',10,nM,
"""CHEMBL4208004",,0,492.66,1,5.43,COc1cc2c(NCC3CCN(C)CC3)cc(-c3ccc(C)o3)nc2cc1OCCCN1CCCC1,IC50,'=',32,nM,7.5
"""CHEMBL569864",,0,490.65,0,3.87,COc1cc2nc(N3CCCN(C)CC3)nc(NC3CCN(Cc4ccccc4)CC3)c2cc1OC,IC50,'>',10000,nM,
"""CHEMBL599367",,0,291.26,0,0.99,O=C(O)CCCC(C(=O)O)N1C(=O)c2ccccc2C1=O,IC50,,,,
"""CHEMBL418052",S-ADENOSYLHOMOCYSTEINE,0,384.42,1,-1.44,Nc1ncnc2c1ncn2[C@@H]1O[C@H](CSCC[C@H](N)C(=O)O)[C@@H](O)[C@H]1O,IC50,'=',4000,nM,5.4
"""CHEMBL1985987",,0,403.44,0,3.43,C/C(=N\NC(=O)c1cc(O)cc(O)c1)c1ccc(NC(=O)Cc2ccccc2)cc1,IC50,'=',4690,nM,5.33
"""CHEMBL1377441",,0,457.27,1,5.04,O=C(O)c1ccc(-c2ccc(/C=C3\NC(=O)N(Cc4ccc(Cl)cc4)C3=O)o2)cc1Cl,IC50,'=',4540,nM,5.34
"""CHEMBL1523953",,0,531.72,2,7.3,Cc1ccc(S(=O)(=O)N2[C@H](c3ccc(C(C)C)cc3)CC=C(C(=O)O)[C@@H]2c2ccc(C(C)(C)C)cc2)cc1,IC50,'=',5040,nM,5.3
"""CHEMBL1360321",,0,265.18,0,0.28,CN1C(=O)NC(=O)/C(=C\c2ccc([N+](=O)[O-])o2)C1=O,IC50,'=',2080,nM,5.68
"""CHEMBL582503",,0,273.38,0,4.51,c1ccc2c(c1)c1c(c3ccccc32)CN2CCCC2C1,IC50,'>',99000,nM,
"""CHEMBL1429479",,0,296.28,0,2.25,Cc1ccc(N2C(=O)NC(=O)/C(=C/c3ccoc3)C2=O)cc1,IC50,'=',4000,nM,5.4
"""CHEMBL1972915",,0,554.97,1,4.69,Cc1nn(-c2ccccc2)c(Cl)c1/C=N/Nc1ccc(S(=O)(=O)Nc2ccccc2C(=O)O)cc1[N+](=O)[O-],IC50,'=',4290,nM,5.37
"""CHEMBL3414633",,0,378.79,0,3.91,O=[N+]([O-])c1cc(S(=O)(=O)Nc2ccc(O)c3ccccc23)ccc1Cl,IC50,'=',12000,nM,4.92
"""CHEMBL1564869",,0,334.33,0,2.46,O=C(O)[C@H](Cc1c[nH]c2ccccc12)N1C(=O)c2ccccc2C1=O,IC50,'=',390000,nM,
"""CHEMBL551787",,0,410.46,1,-1.03,Nc1ncnc2c1ncn2[C@@H]1O[C@H](CS[C@@H]2CCN[C@H](C(=O)O)C2)[C@@H](O)[C@H]1O,IC50,'>',100000,nM,
"""CHEMBL562689",,0,366.45,0,-0.49,Nc1ncnc2c1ncn2[C@@H]1O[C@H](CSC[C@H]2CCCN2)[C@@H](O)[C@H]1O,IC50,'=',31000,nM,4.51
"""CHEMBL1571625",,0,300.34,0,0.91,CC1=NN(c2ccccc2)C(=O)C1/C=C1\NC(=S)NC1=O,IC50,'=',8390,nM,5.08
"""CHEMBL256098",,0,475.53,0,4.47,Cc1ccc(NC(=O)CN2C(=O)S/C(=C\c3cccn3-c3cccc(C(=O)O)c3)C2=O)c(C)c1,IC50,'=',9170,nM,5.04
"""CHEMBL1446088",,0,383.4,0,3.86,CCN(CC(=O)Nc1c(F)cccc1F)C(=O)c1cccc(-n2cccc2)c1,IC50,'=',27400,nM,4.56
"""CHEMBL4855823",,0,434.45,0,3.95,COc1cc2nc(-c3ccc(C)o3)cc(NCc3ccc(C(=O)NO)cn3)c2cc1OC,IC50,'>',10000,nM,
"""CHEMBL4554522",,0,685.83,3,6.26,COc1ccc(CN2CCC(Nc3nc(Nc4ccc(NC(=O)CCCCCCC(=O)NO)cc4)nc4cc(OC)c(OC)cc34)CC2)cc1,IC50,'=',14000,nM,4.85
"""CHEMBL1489",AZACITIDINE,4,244.21,0,-3.17,Nc1ncn([C@@H]2O[C@H](CO)[C@@H](O)[C@H]2O)c(=O)n1,IC50,'=',300,nM,6.52
"""CHEMBL4163369",,0,412.58,0,3.92,COc1cc2c(NC3CCN(C)CC3)cc(C)nc2cc1OCCCN1CCCC1,IC50,'=',929,nM,6.03
"""CHEMBL4162957",,0,491.64,0,3.97,COc1cc2c(NC3CCN(C)CC3)cc(-c3cc[nH]c(=O)c3)nc2cc1OCCCN1CCCC1,IC50,'=',1250,nM,5.9
"""CHEMBL4174677",,0,514.67,2,6.03,COc1cc2c(NC3CCN(C)CC3)cc(-c3cc4ccccc4o3)nc2cc1OCCCN1CCCC1,IC50,'=',1070,nM,5.97
"""CHEMBL4162911",,0,504.68,2,5.72,COc1cc2c(NC3CCN(C4CC4)CC3)cc(-c3ccc(C)o3)nc2cc1OCCCN1CCCC1,IC50,'=',413,nM,6.38
"""CHEMBL4162206",,0,508.75,2,6.44,COc1cc2c(NC3CCN(C(C)C)CC3)cc(C3CCCCC3)nc2cc1OCCCN1CCCC1,IC50,'>=',1400,nM,
"""CHEMBL1995706",,0,549.36,1,4.31,COc1ccc(Br)cc1/C=N/Nc1ccc(S(=O)(=O)Nc2ccccc2C(=O)O)cc1[N+](=O)[O-],IC50,'=',3390,nM,5.47
"""CHEMBL1609276",,0,406.19,0,2.81,O=C1COc2ccc(C(=O)COC(=O)/C=C/c3ccc(Br)o3)cc2N1,IC50,'=',12200,nM,4.91
"""CHEMBL104663",,0,493.55,0,3.65,N=C(N)NCCCS(=O)(=O)Nc1ccc(Nc2c3ccccc3nc3cc([N+](=O)[O-])ccc23)cc1,IC50,'=',6830,nM,5.17
"""CHEMBL1482590",,0,384.44,0,1.56,C=C(C)C(=O)Nc1cccc(C2=NOC3(C2)C[C@H](C(N)=O)N(C(=O)CC)C3)c1,IC50,'=',4320,nM,5.37
"""CHEMBL1510676",,0,447.61,1,6.02,Cc1ccc(C2C(/C=C3/SC(=S)NC3=O)=C(c3cccs3)Oc3ccccc32)cc1,IC50,'=',3740,nM,5.43
"""CHEMBL1706407",,0,459.53,1,6.38,CN(c1ccccc1)c1ccc(/C=C(/CCC(=O)O)c2nc3ccccc3s2)cc1[N+](=O)[O-],IC50,'=',9980,nM,5
"""CHEMBL1430983",,0,420.83,0,4.2,COc1cc(/C=C2\SC(=O)N(Cc3ccc(Cl)cc3)C2=O)cc([N+](=O)[O-])c1O,IC50,'=',4600,nM,5.34
"""CHEMBL1509648",,0,421.41,0,4.7,Cc1ccc(/C=C/C(=O)Nc2ccc([N+](=O)[O-])c(NC(=O)/C=C/c3ccc(C)o3)c2)o1,IC50,'=',7180,nM,5.14
"""CHEMBL1967046",,0,185.19,0,1.99,c1coc(-c2ccc3nncn3c2)c1,IC50,'=',4580,nM,5.34
"""CHEMBL1461389",,0,308.38,0,3.7,Cc1ccccc1NC(=O)CSc1ccsc1[N+](=O)[O-],IC50,'=',7700,nM,5.11
"""CHEMBL1560629",,0,491.43,0,3.3,Cc1cc(/C=C2\C(=O)NC(=O)N(c3ccccc3F)C2=O)c(C)n1-c1cc(C(=O)O)cc(C(=O)O)c1,IC50,'=',10700,nM,4.97
"""CHEMBL1395998",,0,385.47,0,4.53,CN(C)C(CNC(=O)c1cc(-c2ccco2)nc2ccccc12)c1ccccc1,IC50,'=',6250,nM,5.2
"""CHEMBL1566530",,0,498.81,0,4.97,O=C(O)CN1C(=O)/C(=C\c2cc(Br)ccc2OCc2ccccc2Cl)SC1=S,IC50,'=',4700,nM,5.33
"""CHEMBL1391256",,0,315.37,1,5.11,O=C1CCCC2=C1C(c1ccco1)Nc1ccc3ccccc3c12,IC50,'=',6620,nM,5.18
"""CHEMBL1472200",,0,426.52,0,4.15,CCOC(=O)Cc1csc(NC(=O)c2sc3nc4cc(C)ccc4cc3c2N)n1,IC50,'=',70900,nM,4.15
"""CHEMBL1411673",,0,326.31,0,1.95,COc1ccc(CN2C(=O)NC(=O)/C(=C\c3ccco3)C2=O)cc1,IC50,'=',12300,nM,4.91
"""CHEMBL1704267",,0,359.36,0,4.4,O=C(N/N=C/c1ccc(F)cc1)c1cc(-c2ccco2)nc2ccccc12,IC50,'=',5570,nM,5.25
"""CHEMBL1440277",,0,493.61,0,4.86,CC(C)COc1ccc(-c2nn(-c3ccccc3)cc2/C=C2/SC(=S)N(CC(=O)O)C2=O)cc1,IC50,'=',5580,nM,5.25
"""CHEMBL1573309",,0,307.4,0,2.99,CCN(CC)CCn1c2ccccc2c2cnc(N)c(C#N)c21,IC50,'>',99000,nM,
"""CHEMBL1443718",,0,415.42,0,3.63,CCOC(=O)C(C)N1C(=O)S/C(=C\c2ccc(-c3ccccc3C(=O)O)o2)C1=O,IC50,'=',6760,nM,5.17
"""CHEMBL1408747",,0,425.47,0,2.83,O=C(O)c1ccc(-n2cccc2/C=C2/SC(=O)N(CC(=O)N3CCCC3)C2=O)cc1,IC50,'=',3500,nM,5.46
"""CHEMBL1976649",,0,374.83,0,3.41,COc1ccccc1N1CCN(/N=C/c2ccc(Cl)c([N+](=O)[O-])c2)CC1,IC50,'>',99000,nM,
"""CHEMBL418052",S-ADENOSYLHOMOCYSTEINE,0,384.42,1,-1.44,Nc1ncnc2c1ncn2[C@@H]1O[C@H](CSCC[C@H](N)C(=O)O)[C@@H](O)[C@H]1O,IC50,'=',800,nM,6.1
"""CHEMBL4757320",,0,457.54,0,3.27,CC(C)(C)c1ccc(NC(=O)c2ncn(CC(=O)NCc3ccc4c(N)nccc4c3)n2)cc1,IC50,,,,
"""CHEMBL555352",,0,564.67,2,2.3,NC(CCSC[C@H]1O[C@@H](n2cnc3c(NCCc4ccc(-c5ccccc5)cc4)ncnc32)[C@H](O)[C@@H]1O)C(=O)O,IC50,'=',5400,nM,5.27
"""CHEMBL297453",EPIGALOCATECHIN GALLATE,3,458.38,2,2.23,O=C(O[C@@H]1Cc2c(O)cc(O)cc2O[C@@H]1c1cc(O)c(O)c(O)c1)c1cc(O)c(O)c(O)c1,IC50,'=',500,nM,6.3
"""CHEMBL2336409",,0,461.53,1,5.65,Cc1cc(Nc2ccc(NC(=O)c3ccc(Nc4ccnc5ccccc45)cc3)cc2)nc(N)n1,IC50,'=',12500,nM,4.9
"""CHEMBL4167876",,0,521.71,1,4.94,COc1cc2c(NC3CCN(C)CC3)cc(-c3ccc(CN(C)C)o3)nc2cc1OCCCN1CCCC1,IC50,'=',1270,nM,5.9
"""CHEMBL4169833",,0,478.64,0,4.01,COc1cc2c(NC3CCN(C)CC3)cc(-c3ccnn3C)nc2cc1OCCCN1CCCC1,IC50,'>',10000,nM,
"""CHEMBL4207483",,0,496.63,1,5.13,COc1cc2c(NC3CCN(C)CC3)cc(-c3ccc(C)o3)nc2cc1OCCCN1CCC(F)C1,IC50,'=',833,nM,6.08
"""CHEMBL4215326",,0,476.62,0,4.79,COc1cc2c(NC3CCN(C)CC3)cc(-c3ccc(C)o3)nc2cc1OC1CC2(C1)CN(C)C2,IC50,'=',21,nM,7.68
"""CHEMBL4215862",,0,504.68,2,5.57,COc1cc2c(NC3CCN(C)CC3)cc(-c3ccc(C)o3)nc2cc1OC1CC2(C1)CN(C(C)C)C2,IC50,'=',83,nM,7.08
"""CHEMBL1529522",,0,455.44,0,2.96,CCOC(=O)c1nn(-c2ccc(F)cc2)c(=O)cc1OCC(=O)Nc1ccc(OCC)cc1,IC50,'>',99000,nM,
"""CHEMBL1702473",,0,218.21,0,0.59,COC1=C(N)C(=O)c2nc(C)ccc2C1=O,IC50,'=',4940,nM,5.31
"""CHEMBL1529471",,0,418.45,0,2.91,CC(C(=O)Nc1ccc(O)c(C(=O)O)c1)N1C(=O)/C(=C/c2ccco2)SC1=S,IC50,'=',5390,nM,5.27
"""CHEMBL1313324",,0,416.51,0,4.23,O=C(O)CCN1C(=O)/C(=C/c2ccc(-c3nc4ccccc4s3)o2)SC1=S,IC50,'=',4660,nM,5.33
"""CHEMBL1446430",,0,449.5,0,3.12,CCOC(=O)C(NC(=O)CC(C)C)(Nc1sc2c(c1C(N)=O)CCCC2)C(F)(F)F,IC50,'>',99000,nM,
"""CHEMBL1729254",,0,408.54,1,6.12,COc1cc(CCc2ccccc2)c(C(=O)O)c(O)c1C/C=C(/C)CCC=C(C)C,IC50,'=',3500,nM,5.46
"""CHEMBL1332506",,0,374.35,0,3.11,O=C1NN(c2ccccc2)C(=O)/C1=C/c1ccc(-c2ccc(C(=O)O)cc2)o1,IC50,'=',10200,nM,4.99
"""CHEMBL1421172",,0,304.37,0,2.26,CCCCN1C(=O)/C(=C/C=C/c2ccco2)C(=O)NC1=S,IC50,'=',3390,nM,5.47
"""CHEMBL4208004",,0,492.66,1,5.43,COc1cc2c(NCC3CCN(C)CC3)cc(-c3ccc(C)o3)nc2cc1OCCCN1CCCC1,IC50,'=',32,nM,7.5
"""CHEMBL4206071",,0,479.62,1,5.15,COc1cc2c(OC3CCN(C)CC3)cc(-c3ccc(C)o3)nc2cc1OCCCN1CCCC1,IC50,'=',1870,nM,5.73
"""CHEMBL4856184",,0,627.79,2,6.12,COc1cc2c(NCC3CCN(Cc4ccc(C(=O)NO)cc4)CC3)cc(-c3ccc(C)o3)nc2cc1OCCCN1CCCC1,IC50,'=',167,nM,6.78
"""CHEMBL1916517",,0,249.27,0,1.65,CN(C)CC1CC(c2ccc([N+](=O)[O-])cc2)=NO1,IC50,'=',150000,nM,
"""CHEMBL4092336",,0,371.42,0,3.09,COC(=O)c1ccccc1NC(=O)CSc1nc2cc(OC)ccc2[nH]1,IC50,'>',100000,nM,
"""CHEMBL3087498",,0,618.58,1,3.61,CC(C)N(CCCNC(=O)Nc1ccc(C(C)(C)C)cc1)C[C@H]1O[C@@H](n2cc(Br)c3c(N)ncnc32)[C@H](O)[C@@H]1O,IC50,'=',0.3,nM,9.52
"""CHEMBL551167",,0,424.48,1,-0.99,COC(=O)[C@@H]1C[C@H](SC[C@H]2O[C@@H](n3cnc4c(N)ncnc43)[C@H](O)[C@@H]2O)CN1C,IC50,'=',4500,nM,5.35
"""CHEMBL4855461",,0,425.49,0,4.3,COc1cc2nc(-c3ccc(C)o3)cc(N[C@H]3CC[C@@H](C(=O)NO)CC3)c2cc1OC,IC50,'=',2660,nM,5.58
"""CHEMBL44",GENISTEIN,2,270.24,0,2.58,O=c1c(-c2ccc(O)cc2)coc2cc(O)cc(O)c12,IC50,'=',30000,nM,4.52
"""CHEMBL403716",,0,275.31,0,1.84,O=[N+]([O-])c1ccc(C2=NC[C@H](CN3CCCC3)O2)cc1,IC50,'=',150000,nM,
"""CHEMBL4208522",,0,520.72,2,6.21,COc1cc2c(NC(C)(C)C3CCN(C)CC3)cc(-c3ccc(C)o3)nc2cc1OCCCN1CCCC1,IC50,'=',722,nM,6.14
"""CHEMBL4173662",,0,464.61,0,4.87,COc1cc2c(NC3CCN(C)CC3)cc(-c3ccoc3)nc2cc1OCCCN1CCCC1,IC50,'=',978,nM,6.01
"""CHEMBL4166410",,0,482.67,0,4.85,COc1cc2c(NC3CCN(C)CC3)cc(C3CCC(C)O3)nc2cc1OCCCN1CCCC1,IC50,'=',1370,nM,5.86
"""CHEMBL4159955",,0,521.71,1,4.98,CCNCc1ccc(-c2cc(NC3CCN(C)CC3)c3cc(OC)c(OCCCN4CCCC4)cc3n2)o1,IC50,'=',618,nM,6.21
"""CHEMBL4166777",,0,540.71,2,6.54,COc1cc2c(NC3CCN(C)CC3)cc(-c3ccc(-c4ccccc4)o3)nc2cc1OCCCN1CCCC1,IC50,'=',1050,nM,5.98
"""CHEMBL98",VORINOSTAT,4,264.32,0,2.47,O=C(CCCCCCC(=O)Nc1ccccc1)NO,IC50,'>',10000,nM,
"""CHEMBL4865830",,0,549.68,1,3.65,COc1cc2c(NCC3CCN(c4ncc(C(=O)NO)cn4)CC3)cc(C)nc2cc1OCCCN1CCCC1,IC50,'=',555,nM,6.26
"""CHEMBL4847870",,0,514.59,1,4.16,COc1cc2nc(-c3ccccc3)cc(NCC3CCN(c4ncc(C(=O)NO)cn4)CC3)c2cc1OC,IC50,'>',10,nM,
"""CHEMBL4207526",,0,466.63,0,4.9,CCc1ccc(-c2cc(NC3CCN(C)CC3)c3cc(OC)c(OCCCN(C)C)cc3n2)o1,IC50,'=',425,nM,6.37
"""CHEMBL559281",,0,366.45,0,-0.36,Nc1ncnc2c1ncn2[C@@H]1O[C@H](CS[C@@H]2CCC[C@@H]2N)[C@@H](O)[C@H]1O,IC50,'=',94000,nM,4.03
"""CHEMBL1897695",,0,294.35,0,3.39,CCCCCCCCC(=O)c1c(OC)oc(C=O)cc1=O,IC50,'=',8250,nM,5.08
"""CHEMBL1369492",,0,515.69,1,4.55,CCc1nnc(NS(=O)(=O)c2ccc(NC(=S)NC(=O)/C=C/c3ccc(C(C)C)cc3)cc2)s1,IC50,'=',6160,nM,5.21
"""CHEMBL1303651",,0,500.4,2,5.74,O=C(O)C(c1ccccc1)N1C(=O)/C(=C\c2ccc(-c3ccc(Br)cc3)o2)SC1=S,IC50,'=',4080,nM,5.39
"""CHEMBL4870578",,0,530.63,2,5.26,COc1cc2nc(-c3ccc(C)o3)cc(NCC3CCN(Cc4ccc(C(=O)NO)cc4)CC3)c2cc1OC,IC50,'=',267,nM,6.57
"""CHEMBL563946",,0,383.43,0,-0.83,Nc1ccnc2c1ncn2[C@@H]1O[C@H](CSCCC(N)C(=O)O)[C@@H](O)[C@H]1O,IC50,'=',45000,nM,4.35
"""CHEMBL4216663",,0,518.7,2,5.68,COc1cc2c(NCC3C4CCC3CN(C)C4)cc(-c3ccc(C)o3)nc2cc1OCCCN1CCCC1,IC50,'=',261,nM,6.58
"""CHEMBL4215377",,0,483.06,1,5.83,Cc1ccc(-c2cc(NC3CCN(C)CC3)c3cc(Cl)c(OCCCN4CCCC4)cc3n2)o1,IC50,'=',298,nM,6.53
"""CHEMBL2336409",,0,461.53,1,5.65,Cc1cc(Nc2ccc(NC(=O)c3ccc(Nc4ccnc5ccccc45)cc3)cc2)nc(N)n1,IC50,'=',6000,nM,5.22
"""CHEMBL2349526",,0,462.33,0,-0.07,Nc1ncnc2c1c(Br)cn2[C@@H]1O[C@H](CSCC[C@H](N)C(=O)O)[C@@H](O)[C@H]1O,IC50,'=',1900,nM,5.72
"""CHEMBL1231795",,0,509.74,2,5.84,COc1cc2c(NC3CCN(C(C)C)CC3)nc(C3CCCCC3)nc2cc1OCCCN1CCCC1,IC50,'=',2010,nM,5.7
"""CHEMBL4213346",,0,518.7,2,5.82,COc1cc2c(NC3CC4(CCN(C)CC4)C3)cc(-c3ccc(C)o3)nc2cc1OCC1CCN(C)CC1,IC50,'=',200,nM,6.7
"""CHEMBL4204903",,0,516.69,2,5.57,COc1cc2c(NC3CC4(CCN(C)CC4)C3)cc(-c3ccc(C)o3)nc2cc1OC1CC2(C1)CN(C)C2,IC50,'=',250,nM,6.6
"""CHEMBL4162206",,0,508.75,2,6.44,COc1cc2c(NC3CCN(C(C)C)CC3)cc(C3CCCCC3)nc2cc1OCCCN1CCCC1,IC50,'=',1400,nM,5.85
"""CHEMBL115145",,0,288.25,0,2.08,O=C(O)c1cc(Cc2ccc(O)c(C(=O)O)c2)ccc1O,IC50,'=',47000,nM,4.33
"""CHEMBL4217747",,0,471.6,1,6.29,COc1cc2c(NCc3ccccc3)cc(-c3ccc(C)o3)nc2cc1OCCCN1CCCC1,IC50,'=',624,nM,6.21
"""CHEMBL4203933",,0,532.73,2,6.22,CCc1ccc(-c2cc(NC3CCC34CCN(C)CC4)c3cc(OC)c(OCCCN4CCCC4)cc3n2)o1,IC50,'=',220,nM,6.66
"""CHEMBL4210033",,0,506.69,2,5.83,CCc1ccc(-c2cc(NC3CCN(C)CC3)c3cc(OC)c(OCCCN4CCCCC4)cc3n2)o1,IC50,'=',247,nM,6.61
"""CHEMBL1579066",,0,226.23,0,3.11,Oc1cccc2cc3cccc(O)c3c(O)c12,IC50,'=',1900,nM,5.72
"""CHEMBL233896",,0,333.39,0,3.98,CN(C)CCOc1nc(-c2ccccc2)nc2c1oc1ccccc12,IC50,'>',99000,nM,
"""CHEMBL1514259",,0,557.46,2,7.03,COc1cc(/C=C(\CCC(=O)O)c2nc3ccccc3s2)ccc1OCC(=O)Nc1c(Cl)cccc1Cl,IC50,'=',10100,nM,5
"""CHEMBL1789994",,0,750.54,1,6.19,CC[N+](C)(CC)CCCCOc1ccc2c(c1)C(=O)c1cc(OCCCC[N+](C)(CC)CC)ccc1-2.[I-].[I-],IC50,'=',1240,nM,5.91
"""CHEMBL1209491",DAPHNORIN,0,514.44,2,0.88,COc1cc2cc(Oc3ccc4ccc(=O)oc4c3)c(=O)oc2cc1O[C@@H]1O[C@H](CO)[C@@H](O)[C@H](O)[C@H]1O,IC50,'=',7560,nM,5.12
"""CHEMBL4852593",,0,615.74,2,4.91,COc1cc2c(NCC3CCN(c4ncc(C(=O)NO)cn4)CC3)cc(-c3ccc(C)o3)nc2cc1OCCCN1CCCC1,IC50,'=',1160,nM,5.94
"""CHEMBL4862781",,0,439.51,0,4.54,COc1cc2nc(-c3ccc(C)o3)cc(NCC3CCC(C(=O)NO)CC3)c2cc1OC,IC50,'=',2850,nM,5.54
"""CHEMBL4755253",,0,407.48,0,1.79,Nc1nccc2cc(CNC(=O)Cn3cnc(C(=O)NC4CCCCC4)n3)ccc12,IC50,,,,
"""CHEMBL4856110",,0,518.57,1,4.06,COc1cc2nc(-c3ccc(C)o3)cc(NCC3CCN(c4ncc(C(=O)NO)cn4)CC3)c2cc1OC,IC50,'=',2160,nM,5.67
"""CHEMBL4876823",,0,544.61,1,4.3,COc1cc2nc(-c3ccc(C)o3)cc(NCC3C4CCC3CN(c3ncc(C(=O)NO)cn3)C4)c2cc1OC,IC50,'=',1680,nM,5.78
"""CHEMBL4855710",,0,599.73,2,5.88,COc1cc2c(NC3CCN(c4ccc(C(=O)NO)cc4)CC3)cc(-c3ccc(C)o3)nc2cc1OCCCN1CCCC1,IC50,'=',691,nM,6.16
"""CHEMBL1564869",,0,334.33,0,2.46,O=C(O)[C@H](Cc1c[nH]c2ccccc12)N1C(=O)c2ccccc2C1=O,IC50,'=',115,nM,6.94
"""CHEMBL4863011",,0,535.65,1,3.41,COc1cc2c(NC3CCN(c4ncc(C(=O)NO)cn4)CC3)cc(C)nc2cc1OCCCN1CCCC1,IC50,'=',2040,nM,5.69
"""CHEMBL4787257",,0,429.48,0,2.59,Cc1ccc(NC(=O)c2ncn(CC(=O)NCc3ccc4c(N)nccc4c3)n2)cc1C,IC50,,,,
"""CHEMBL4170114",,0,478.64,1,5.18,COc1cc2c(NC3CCN(C)CC3)cc(-c3ccc(C)o3)nc2cc1OCCCN1CCCC1,IC50,'=',382,nM,6.42
"""CHEMBL4203133",,0,478.64,1,5.04,COc1cc2c(NC3CCN(C)CC3)cc(-c3ccc(C)o3)nc2cc1OCC1CCN(C)CC1,IC50,'=',83,nM,7.08
"""CHEMBL4848955",,0,452.52,0,2.8,COc1cc2nc(C)cc(NCC3CCN(c4ncc(C(=O)NO)cn4)CC3)c2cc1OC,IC50,'>',10,nM,
"""CHEMBL4644275",,0,319.31,0,2.05,O=C(Cc1c(F)cccc1F)NCCC(=O)Nc1ccncc1,IC50,,,,
"""CHEMBL418052",S-ADENOSYLHOMOCYSTEINE,0,384.42,1,-1.44,Nc1ncnc2c1ncn2[C@@H]1O[C@H](CSCC[C@H](N)C(=O)O)[C@@H](O)[C@H]1O,IC50,'=',71,nM,7.15
"""CHEMBL3126653",,0,354.41,0,4.81,Nc1ccc(NC(=O)c2ccc(Nc3ccnc4ccccc34)cc2)cc1,IC50,'=',27900,nM,4.55
"""CHEMBL2441082",,0,546.71,2,5.02,COc1cc2c(NC3CCN(C(C)C)CC3)nc(N3CCC(F)(F)CC3)nc2cc1OCCCN1CCCC1,IC50,'>',50000,nM,
"""CHEMBL4171233",,0,506.69,2,5.96,COc1cc2c(NC3CCN(C(C)C)CC3)cc(-c3ccc(C)o3)nc2cc1OCCCN1CCCC1,IC50,'=',231,nM,6.64
"""CHEMBL4160008",,0,492.66,1,5.44,CCc1ccc(-c2cc(NC3CCN(C)CC3)c3cc(OC)c(OCCCN4CCCC4)cc3n2)o1,IC50,'=',234,nM,6.63
"""CHEMBL4161915",,0,478.64,0,4.01,COc1cc2c(NC3CCN(C)CC3)cc(-c3ccn(C)n3)nc2cc1OCCCN1CCCC1,IC50,'=',969,nM,6.01
"""CHEMBL4171275",,0,428.58,0,3.62,COc1cc(NC2CCN(C)CC2)c2cc(OC)c(OCCCN3CCCC3)cc2n1,IC50,'=',2290,nM,5.64
"""CHEMBL4170114",,0,478.64,1,5.18,COc1cc2c(NC3CCN(C)CC3)cc(-c3ccc(C)o3)nc2cc1OCCCN1CCCC1,IC50,'=',382,nM,6.42
"""CHEMBL2336409",,0,461.53,1,5.65,Cc1cc(Nc2ccc(NC(=O)c3ccc(Nc4ccnc5ccccc45)cc3)cc2)nc(N)n1,IC50,'=',3550,nM,5.45
"""CHEMBL4162967",,0,496.7,0,3.37,COc1cc2c(NC3CCN(C)CC3)cc(N3CCN(C)CC3)nc2cc1OCCCN1CCCC1,IC50,'=',945,nM,6.03
"""CHEMBL4170225",,0,477.65,0,4.92,COc1cc2c(NC3CCN(C)CC3)cc(-c3ccc(C)[nH]3)nc2cc1OCCCN1CCCC1,IC50,'=',232,nM,6.63
"""CHEMBL4203647",,0,520.72,2,6.21,COc1cc2c(NCC3CCN(C(C)C)CC3)cc(-c3ccc(C)o3)nc2cc1OCCCN1CCCC1,IC50,'=',205,nM,6.69
"""CHEMBL4205136",,0,518.7,2,5.83,CCc1ccc(-c2cc(NC3CCN(C)CC3)c3cc(OC)c(OCCCN4CCC5(CC5)C4)cc3n2)o1,IC50,'=',212,nM,6.67
"""CHEMBL4209267",,0,502.66,2,5.04,COc1cc2c(NC3C4CCC3CN(C)C4)cc(-c3ccc(C)o3)nc2cc1OC1CC2(C1)CN(C)C2,IC50,'=',501,nM,6.3
"""CHEMBL4740900",,0,431.5,0,3.02,CC(C)(C)c1ccc(NC(=O)c2ncn(CC(=O)NCc3ccc4[nH]ncc4c3)n2)cc1,IC50,,,,
"""CHEMBL4863394",,0,433.46,0,4.55,COc1cc2nc(-c3ccc(C)o3)cc(NCc3ccc(C(=O)NO)cc3)c2cc1OC,IC50,'=',5400,nM,5.27
"""CHEMBL4850606",,0,536.67,2,5.4,COc1cc2c(NCC3CCC(C(=O)NO)CC3)cc(-c3ccc(C)o3)nc2cc1OCCCN1CCCC1,IC50,'=',531,nM,6.28
"""CHEMBL4854447",,0,613.76,2,5.87,COc1cc2c(NC3CCN(Cc4ccc(C(=O)NO)cc4)CC3)cc(-c3ccc(C)o3)nc2cc1OCCCN1CCCC1,IC50,'=',318,nM,6.5
"""CHEMBL4854765",,0,519.56,2,3.45,COc1cc2nc(-c3ccc(C)o3)nc(NCC3CCN(c4ncc(C(=O)NO)cn4)CC3)c2cc1OC,IC50,'>',10,nM,
"""CHEMBL4872782",,0,619.81,2,5.86,COc1cc2c(NCC3CCN(C4CCC(C(=O)NO)CC4)CC3)cc(-c3ccc(C)o3)nc2cc1OCCCN1CCCC1,IC50,'=',566,nM,6.25
"""CHEMBL4862662",,0,504.55,1,3.81,COc1cc2nc(-c3ccc(C)o3)cc(NC3CCN(c4ncc(C(=O)NO)cn4)CC3)c2cc1OC,IC50,'=',7140,nM,5.15
"""CHEMBL4160008",,0,492.66,1,5.44,CCc1ccc(-c2cc(NC3CCN(C)CC3)c3cc(OC)c(OCCCN4CCCC4)cc3n2)o1,IC50,'=',234,nM,6.63
"""CHEMBL4210955",,0,448.61,1,5.17,Cc1ccc(-c2cc(NC3CCN(C)CC3)c3ccc(OCCCN4CCCC4)cc3n2)o1,IC50,'=',950,nM,6.02
"""CHEMBL4208010",,0,464.61,0,4.7,COc1cc2c(NC3CCN(C)CC3)cc(-c3ccc(C)o3)nc2cc1OCC1CCNCC1,IC50,'=',73,nM,7.14
"""CHEMBL4170114",,0,478.64,1,5.18,COc1cc2c(NC3CCN(C)CC3)cc(-c3ccc(C)o3)nc2cc1OCCCN1CCCC1,IC50,'=',382,nM,6.42
"""CHEMBL4856508",,0,612.77,2,7.07,COc1cc2c(NCc3ccc([C@H]4CC[C@H](C(=O)NO)CC4)cc3)cc(-c3ccc(C)o3)nc2cc1OCCCN1CCCC1,IC50,'=',2270,nM,5.64
"""CHEMBL4869419",,0,536.65,2,5.33,COc1cc2nc(-c3ccc(C)o3)cc(NCC3CCN(Cc4ccc(C(=O)NO)s4)CC3)c2cc1OC,IC50,'=',323,nM,6.49
"""CHEMBL4173626",,0,520.72,2,6.22,CCc1ccc(-c2cc(NC3CCN(C(C)C)CC3)c3cc(OC)c(OCCCN4CCCC4)cc3n2)o1,IC50,'=',284,nM,6.55
"""CHEMBL4876993",,0,601.71,2,4.43,COc1cc2c(NCC3CCN(c4ncc(C(=O)NO)cn4)CC3)cc(-c3ccc(C)o3)nc2cc1OCC1CCNCC1,IC50,'=',1140,nM,5.94
"""CHEMBL4765125",,0,461.53,0,1.97,CC(C)(C)c1ccc(NC(=O)c2ncn(CC(=O)NCCn3ccc4c(N)ncnc43)n2)cc1,IC50,'=',248000,nM,
"""CHEMBL4872188",,0,530.63,2,5.41,COc1cc2c(NCc3ccc(C(=O)NO)cc3)cc(-c3ccc(C)o3)nc2cc1OCCCN1CCCC1,IC50,'=',795,nM,6.1
"""CHEMBL4873711",,0,613.76,2,6.12,COc1cc2c(NCC3CCN(c4ccc(C(=O)NO)cc4)CC3)cc(-c3ccc(C)o3)nc2cc1OCCCN1CCCC1,IC50,'=',417,nM,6.38
"""CHEMBL4849689",,0,612.77,2,7.18,COc1cc2c(NCC3CCC(c4ccc(C(=O)NO)cc4)CC3)cc(-c3ccc(C)o3)nc2cc1OCCCN1CCCC1,IC50,'=',2760,nM,5.56
"""CHEMBL4858828",,0,521.62,1,3.48,COc1cc2nc(N3CCCCC3)cc(NCC3CCN(c4ncc(C(=O)NO)cn4)CC3)c2cc1OC,IC50,'>',10,nM,
"""CHEMBL4777038",,0,433.48,0,1.29,Cc1ccc(NC(=O)c2ncn(CC(=O)NCCn3ccc4c(N)ncnc43)n2)cc1C,IC50,'>',250000,nM,
"""CHEMBL569864",,0,490.65,0,3.87,COc1cc2nc(N3CCCN(C)CC3)nc(NC3CCN(Cc4ccccc4)CC3)c2cc1OC,IC50,'>',10000,nM,
"""CHEMBL1201129",DECITABINE,4,228.21,0,-2.14,Nc1ncn([C@H]2C[C@H](O)[C@@H](CO)O2)c(=O)n1,IC50,'=',30,nM,7.52
"""CHEMBL4164497",,0,475.64,0,4.68,COc1cc2c(NC3CCN(C)CC3)cc(-c3cccnc3)nc2cc1OCCCN1CCCC1,IC50,'=',1410,nM,5.85
"""CHEMBL4163329",,0,464.61,0,4.84,COc1cc2c(NC3CCNCC3)cc(-c3ccc(C)o3)nc2cc1OCCCN1CCCC1,IC50,'=',137,nM,6.86
"""CHEMBL4208004",,0,492.66,1,5.43,COc1cc2c(NCC3CCN(C)CC3)cc(-c3ccc(C)o3)nc2cc1OCCCN1CCCC1,IC50,'=',32,nM,7.5
"""CHEMBL4850038",,0,612.77,2,7.07,COc1cc2c(NCc3ccc([C@H]4CC[C@@H](C(=O)NO)CC4)cc3)cc(-c3ccc(C)o3)nc2cc1OCCCN1CCCC1,IC50,'=',1431,nM,5.84
"""CHEMBL4856550",,0,425.49,0,4.3,COc1cc2nc(-c3ccc(C)o3)cc(N[C@H]3CC[C@H](C(=O)NO)CC3)c2cc1OC,IC50,'=',4180,nM,5.38
"""CHEMBL4850570",,0,532.6,1,4.37,COc1cc2nc(-c3cc(C)oc3C)cc(NCC3CCN(c4ncc(C(=O)NO)cn4)CC3)c2cc1OC,IC50,'>',10,nM,
"""CHEMBL4866673",,0,606.72,2,7.07,COc1cc2c(NCc3ccc(-c4ccc(C(=O)NO)cc4)cc3)cc(-c3ccc(C)o3)nc2cc1OCCCN1CCCC1,IC50,'=',2570,nM,5.59
"""CHEMBL4871621",,0,534.64,1,4.53,COc1cc2nc(-c3ccc(C)s3)cc(NCC3CCN(c4ncc(C(=O)NO)cn4)CC3)c2cc1OC,IC50,'>',10,nM,
"""CHEMBL4878570",,0,590.72,2,5.57,O=C(NO)C1CCN(CC(O)COC(Cn2c3ccccc3c3ccccc32)Cn2c3ccccc3c3ccccc32)CC1,IC50,'=',2020,nM,5.7
"""CHEMBL4454542",,0,523.77,2,5.44,COc1cc2c(cc1OCCCN1CCCC1)N=C(C1CCCCC1)CN=C2NC1CCN(C(C)C)CC1,IC50,'=',3100,nM,5.51
"""CHEMBL1231795",,0,509.74,2,5.84,COc1cc2c(NC3CCN(C(C)C)CC3)nc(C3CCCCC3)nc2cc1OCCCN1CCCC1,IC50,'=',107000,nM,
