Molecule ChEMBL ID,Smiles,Standard Type,Standard Relation,IC50,Standard Units,pChEMBL Value,NEW_SMILES,HBA,HBD,RB,LogP,TPSA,MW,pIC50,Activity
"""CHEMBL2336409",Cc1cc(Nc2ccc(NC(=O)c3ccc(Nc4ccnc5ccccc45)cc3)cc2)nc(N)n1,IC50,'=',11220.0,nM,4.95,Cc1cc(=Nc2ccc(NC(=O)c3ccc(N=c4cc[nH]c5ccccc45)cc3)cc2)[nH]c(=N)[nH]1,4,5,4,4.329090000000002,125.03999999999999,461.52900000000005,4.950007143079858,Not Active
"""CHEMBL1361703",COc1ccccc1CNC(=O)COC(=O)c1cc(-c2ccco2)nc2ccccc12,IC50,'=',7110.0,nM,5.15,COc1ccccc1CNC(=O)COC(=O)c1cc(-c2ccco2)nc2ccccc12,6,1,7,3.976600000000003,90.66,416.4330000000001,5.148130399270234,Not Active
"""CHEMBL1322848",COc1ccc(S(=O)(=O)N2CCN(C(=O)c3cc4c(s3)CCC4)CC2)cc1,IC50,'=',11300.0,nM,4.95,COc1ccc(S(=O)(=O)N2CCN(C(=O)c3cc4c(s3)CCC4)CC2)cc1,5,0,4,2.3921,66.92000000000002,406.5290000000002,4.94692155651658,Not Active
"""CHEMBL1373655",CC1=NN(c2cccc(C(=O)O)c2)C(=O)/C1=C\C=C\c1ccco1,IC50,'=',1180.0,nM,5.93,C=c1[nH]n(-c2cccc(C(=O)O)c2)c(=O)c1=CC=Cc1ccco1,4,2,4,1.361,88.23,322.32000000000005,5.928117992693874,Active
"""CHEMBL1529285",O=C(O)c1ccc(NS(=O)(=O)c2ccc3c(c2)C2C=CCC2C(c2ccccc2F)N3)cc1,IC50,'=',10100.0,nM,5.0,O=C(O)c1ccc(NS(=O)(=O)c2ccc3c(c2)C2C=CCC2C(c2ccccc2F)N3)cc1,4,3,5,5.151200000000004,95.5,464.5180000000001,4.995678626217358,Not Active
"""CHEMBL1301673",C=C(C)C(=O)Nc1cccc(C2=NOC3(C2)C[C@@H](C(N)=O)N(C(=O)/C=C/C=C/C)C3)c1,IC50,'=',3250.0,nM,5.49,C=C(C)C(=O)Nc1cccc(C2=NOC3(C2)CC(C(N)=O)N(C(=O)C=CC=CC)C3)c1,5,2,6,2.2828999999999997,114.09,422.4850000000001,5.488116639021126,Not Active
"""CHEMBL1916517",CN(C)CC1CC(c2ccc([N+](=O)[O-])cc2)=NO1,IC50,'=',150000.0,nM,3.82,CN(C)CC1CC(c2ccc([N+](=O)[O-])cc2)=NO1,5,0,4,1.6494000000000002,67.97,249.26999999999998,3.8239087409443187,Not Active
"""CHEMBL4203933",CCc1ccc(-c2cc(NC3CCC34CCN(C)CC4)c3cc(OC)c(OCCCN4CCCC4)cc3n2)o1,IC50,'=',316.23,nM,6.5,CCc1ccc(-c2cc(=NC3CCC34CCN(C)CC4)c3cc(OC)c(OCCCN4CCCC4)cc3[nH]2)o1,6,1,9,5.638700000000005,66.23,532.7290000000005,6.499996931948306,Active
"""CHEMBL1340117",C=C(C)C(=O)Nc1cccc(C2=NOC3(C2)C[C@@H](C(N)=O)N(C(=O)/C=C/CC)C3)c1,IC50,'=',5960.0,nM,5.22,C=C(C)C(=O)Nc1cccc(C2=NOC3(C2)CC(C(N)=O)N(C(=O)C=CCC)C3)c1,5,2,6,2.1167999999999996,114.09,410.47400000000016,5.2247537402597635,Not Active
"""CHEMBL1356373",O=C(O)CCc1ccc(S(=O)(=O)Nc2cc(C(F)(F)F)ccc2N2CCCC2)cc1,IC50,'=',11700.0,nM,4.93,O=C(O)CCc1ccc(S(=O)(=O)Nc2cc(C(F)(F)F)ccc2N2CCCC2)cc1,4,2,7,4.123600000000003,86.71,442.4590000000002,4.931814138253839,Not Active
"""CHEMBL1983083",O=C(COc1ccc(/C=N/NC(=O)c2ccc(O)cc2)cc1)Nc1ccc([N+](=O)[O-])cc1,IC50,'=',8430.0,nM,5.07,O=C(COc1ccc(C=NNC(=O)c2ccc(O)cc2)cc1)Nc1ccc([N+](=O)[O-])cc1,7,3,8,3.081800000000001,143.16,434.4080000000001,5.074172425375258,Not Active
"""CHEMBL1893341",COC(=O)c1ccc(C(=O)OC)c(NC(=O)Cc2cccs2)c1,IC50,'=',8170.0,nM,5.09,COC(=O)c1ccc(C(=O)OC)c(NC(=O)Cc2cccs2)c1,6,1,5,2.5025000000000004,81.70000000000002,333.36499999999995,5.087777943467584,Not Active
"""CHEMBL1373095",O=C(Nc1cccc(S(=O)(=O)NC2=NCCC2)c1)c1cc(-c2ccco2)nc2ccccc12,IC50,'=',3710.0,nM,5.43,O=C(Nc1cccc(S(=O)(=O)N=C2CCCN2)c1)c1cc(-c2ccco2)nc2ccccc12,5,2,5,4.217700000000003,113.66,460.5150000000001,5.430626090384954,Not Active
"""CHEMBL4177036",COc1cc2c(NC3CCN(C)CC3)cc(C3=CCOCC3)nc2cc1OCCCN1CCCC1,IC50,'=',957.0,nM,6.02,COc1cc2c(=NC3CCN(C)CC3)cc(C3=CCOCC3)[nH]c2cc1OCCCN1CCCC1,6,1,8,3.839800000000003,62.32,480.6530000000005,6.019088062223156,Active
"""CHEMBL4176464",CCc1ccc(-c2cc(NC3CCN(C4CC4)CC3)c3cc(OC)c(OCCCN4CCCC4)cc3n2)o1,IC50,'=',274.0,nM,6.56,CCc1ccc(-c2cc(=NC3CCN(C4CC4)CC3)c3cc(OC)c(OCCCN4CCCC4)cc3[nH]2)o1,6,1,10,5.391100000000005,66.23,518.7020000000003,6.562249437179612,Active
"""CHEMBL3414630",CCN(CC)CCNC(=O)c1ccc(NCCCCCCCCCCCCN2C(=O)c3ccccc3C2=O)cc1,IC50,'=',4000.0,nM,5.4,CCN(CC)CCNC(=O)c1ccc(NCCCCCCCCCCCCN2C(=O)c3ccccc3C2=O)cc1,5,2,20,6.367300000000006,81.75,548.7720000000005,5.3979400086720375,Not Active
"""CHEMBL3126646",Cc1cc(Nc2cccc(NC(=O)c3cccc(Nc4ccnc5ccccc45)c3)c2)nc(N)n1,IC50,'=',9000.0,nM,5.05,Cc1cc(=Nc2cccc(NC(=O)c3cccc(N=c4cc[nH]c5ccccc45)c3)c2)[nH]c(=N)[nH]1,4,5,4,4.329090000000002,125.03999999999999,461.52900000000005,5.045757490560675,Not Active
"""CHEMBL1981446",O=C(N/N=C/c1cn(Cc2cccc(F)c2)c2ccccc12)c1cc(O)cc(O)c1,IC50,'=',2390.0,nM,5.62,O=C(NN=Cc1cn(Cc2cccc(F)c2)c2ccccc12)c1cc(O)cc(O)c1,5,3,5,4.003800000000004,86.85000000000001,403.4130000000001,5.621602099051863,Active
"""CHEMBL1433062",COc1ccc(OC)c(N2C(=O)[C@H]3ON=C(c4ccccc4Cl)[C@H]3C2=O)c1,IC50,'=',4350.0,nM,5.36,COc1ccc(OC)c(-n2c(O)c3onc(-c4ccccc4Cl)c3c2O)c1,7,2,4,4.367300000000004,89.88000000000001,386.7910000000001,5.361510743045363,Not Active
"""CHEMBL1322547",C/C=C/C=C/C(=O)C1=C(O)[C@]2(C)C(=O)C(C)(O)[C@H]1[C@H]([C@]1(C)OC(O)=C(C)C1=O)[C@H]2C(=O)/C=C/C=C/C,IC50,'=',5250.0,nM,5.28,CC=CC=CC(=O)C1C(=O)C2(C)C(=O)C(C)(O)C1C(C1(C)OC(=O)C(C)C1=O)C2C(=O)C=CC=CC,8,1,7,2.2973999999999997,131.88,496.55600000000027,5.279840696594043,Not Active
"""CHEMBL3126652",Cc1cc(Nc2ccc(NC(=O)c3ccc(Nc4cc(C)nc(N)n4)cc3)cc2)nc(N)n1,IC50,'=',68000.0,nM,4.17,Cc1cc(=Nc2ccc(NC(=O)c3ccc(N=c4cc(C)[nH]c(=N)[nH]4)cc3)cc2)[nH]c(=N)[nH]1,5,7,4,2.2918799999999995,164.67999999999998,441.499,4.167491087293763,Not Active
"""CHEMBL4211688",CCc1ccc(-c2cc(NCC3C4CCC3CN(C)C4)c3cc(OC)c(OCCCN4CCCC4)cc3n2)o1,IC50,'=',80.0,nM,7.1,CCc1ccc(-c2cc(=NCC3C4CCC3CN(C)C4)c3cc(OC)c(OCCCN4CCCC4)cc3[nH]2)o1,6,1,10,5.352100000000005,66.23,532.7290000000005,7.096910013008056,Active
"""CHEMBL552246",Nc1ncnc2c1nnn2[C@@H]1O[C@H](CSCCC(N)C(=O)O)[C@@H](O)[C@H]1O,IC50,'=',8000.0,nM,5.1,N=c1[nH]cnc2c1nnn2C1OC(CSCCC(N)C(=O)O)C(O)C1O,11,6,7,-2.2117299999999975,196.24999999999997,385.40600000000006,5.096910013008056,Not Active
"""CHEMBL1536256",COc1ccc(-c2nn(-c3ccccc3)cc2/C=C2/SC(=S)N(CCC(=O)O)C2=O)cc1,IC50,'=',5060.0,nM,5.3,COc1ccc(-c2nn(-c3ccccc3)cc2C=C2SC(=S)N(CCC(=O)O)C2=O)cc1,7,1,7,4.223800000000002,84.66,465.55600000000027,5.2958494831602,Not Active
"""CHEMBL1543134",O=C(CNC(=O)/C=C/c1ccco1)N=Nc1c(O)[nH]c2ccccc12,IC50,'=',3250.0,nM,5.49,O=C(C=Cc1ccco1)N=CC(=O)NNc1c(O)[nH]c2ccccc12,5,4,5,2.2203999999999997,119.72,338.32300000000004,5.488116639021126,Not Active
"""CHEMBL1558195",CCOc1ccc(NC(=O)c2cccc(-n3cccc3)c2)cc1S(=O)(=O)N1CCOCC1,IC50,'=',9080.0,nM,5.04,CCOc1ccc(NC(=O)c2cccc(-n3cccc3)c2)cc1S(=O)(=O)N1CCOCC1,6,1,7,3.1492000000000013,89.87,455.5360000000003,5.041914151478915,Not Active
"""CHEMBL1303509",O=C(O)c1ccccc1-c1ccc(C=c2sc3nc4cc(Br)cnc4n3c2=O)o1,IC50,'=',1020.0,nM,5.99,O=C(O)c1ccccc1-c1ccc(C=c2sc3nc4cc(Br)cnc4n3c2=O)o1,7,1,3,3.572600000000002,97.7,468.2880000000001,5.991399828238082,Active
"""CHEMBL1508582",CCN(CC)CCCNc1nc2cc(OC)c(OC)cc2c2nc(-c3cccnc3)nn12,IC50,'=',23400.0,nM,4.63,CCN(CC)CCCN=c1[nH]c2cc(OC)c(OC)cc2c2nc(-c3cccnc3)nn12,8,1,9,2.9224000000000006,92.93,435.53200000000015,4.6307841425898575,Not Active
"""CHEMBL1347385",O=C1NN(c2ccccc2)C(=O)/C1=C/c1ccc(Sc2cccc3ccccc23)o1,IC50,'=',7120.0,nM,5.15,O=C1NN(c2ccccc2)C(=O)C1=Cc1ccc(Sc2cccc3ccccc23)o1,4,1,4,5.045400000000003,62.550000000000004,412.4700000000001,5.147520006363143,Not Active
"""CHEMBL1464200",Nc1cc(S(=O)(=O)O)cc([N+](=O)[O-])c1O,IC50,'=',3200.0,nM,5.5,Nc1cc(S(=O)(=O)O)cc([N+](=O)[O-])c1O,6,3,2,0.12929999999999975,143.76,234.189,5.494850021680094,Not Active
"""CHEMBL1890961",O=C1C=C(N2CC2)c2ccccc2C1=O,IC50,'=',1870.0,nM,5.73,O=C1C=C(N2CC2)c2ccccc2C1=O,3,0,1,1.1085,37.15,199.209,5.7281583934635005,Active
"""CHEMBL1539325",CC1(C)CCCN(C(=O)c2coc(=O)c(Br)c2)C1,IC50,'=',2920.0,nM,5.54,CC1(C)CCCN(C(=O)c2coc(=O)c(Br)c2)C1,3,0,1,2.664500000000001,50.52,314.17900000000003,5.534617148551582,Active
"""CHEMBL1462469",COc1ccc(-c2csc(NC(=O)CSc3nc(C)nc4sc(C(=O)O)c(C)c34)n2)cc1,IC50,'=',14600.0,nM,4.84,COc1ccc(-c2csc(=NC(=O)CSc3nc(C)nc4sc(C(=O)O)c(C)c34)[nH]2)cc1,8,2,6,4.291140000000003,117.53,486.6000000000002,4.835647144215563,Not Active
"""CHEMBL1522300",COc1ccc(N2Cc3cccc(C(=O)N4CCN(C(=O)c5ccco5)CC4)c3C2=O)cc1,IC50,'=',9040.0,nM,5.04,COc1ccc(N2Cc3cccc(C(=O)N4CCN(C(=O)c5ccco5)CC4)c3C2=O)cc1,5,0,4,3.046800000000002,83.30000000000001,445.47500000000025,5.043831569524636,Not Active
"""CHEMBL1231795",COc1cc2c(NC3CCN(C(C)C)CC3)nc(C3CCCCC3)nc2cc1OCCCN1CCCC1,IC50,'=',2010.0,nM,5.7,COc1cc2c(=NC3CCN(C(C)C)CC3)[nH]c(C3CCCCC3)nc2cc1OCCCN1CCCC1,6,1,9,5.257400000000006,65.97999999999999,509.7390000000006,5.696803942579511,Active
"""CHEMBL4173668",COc1cc2c(NC3CCN(C)CC3)cc(C3=CCCCC3)nc2cc1OCCCN1CCCC1,IC50,'=',494.0,nM,6.31,COc1cc2c(=NC3CCN(C)CC3)cc(C3=CCCCC3)[nH]c2cc1OCCCN1CCCC1,5,1,8,4.9935000000000045,53.089999999999996,478.6810000000005,6.306273051076353,Active
"""CHEMBL1231795",COc1cc2c(NC3CCN(C(C)C)CC3)nc(C3CCCCC3)nc2cc1OCCCN1CCCC1,IC50,'=',1287.0,nM,5.89,COc1cc2c(=NC3CCN(C(C)C)CC3)[nH]c(C3CCCCC3)nc2cc1OCCCN1CCCC1,6,1,9,5.257400000000006,65.97999999999999,509.7390000000006,5.890421453095613,Active
"""CHEMBL561047",Nc1nccc2c1ncn2[C@@H]1O[C@H](CSCCC(N)C(=O)O)[C@@H](O)[C@H]1O,IC50,'=',45000.0,nM,4.35,N=c1[nH]ccc2c1ncn2C1OC(CSCCC(N)C(=O)O)C(O)C1O,9,6,7,-1.0017299999999982,170.46999999999997,383.43000000000006,4.346787486224656,Not Active
"""CHEMBL556265",NC(CCSC[C@H]1O[C@@H](n2cnc3c(NCc4ccccc4)ncnc32)[C@H](O)[C@@H]1O)C(=O)O,IC50,'=',61000.0,nM,4.21,NC(CCSCC1OC(n2cnc3c(=NCc4ccccc4)[nH]cnc32)C(O)C1O)C(=O)O,10,5,9,0.014699999999998492,171.86999999999998,474.5430000000001,4.214670164989233,Not Active
"""CHEMBL1397359",COc1ccc(C(=O)OCC(=O)Nc2ncc([N+](=O)[O-])s2)cc1OC,IC50,'=',4450.0,nM,5.35,COc1ccc(C(=O)OCC(=O)N=c2[nH]cc([N+](=O)[O-])s2)cc1OC,8,1,6,1.2858999999999998,133.12,367.3390000000001,5.351639989019068,Not Active
"""CHEMBL1440076",O=C(/C=C/c1ccc(Br)cc1)NC(=S)Nc1ccc(S(=O)(=O)Nc2nccs2)cc1,IC50,'=',5220.0,nM,5.28,O=C(C=Cc1ccc(Br)cc1)NC(=S)Nc1ccc(S(=O)(=O)N=c2[nH]ccs2)cc1,5,3,5,3.654700000000001,103.42000000000002,523.4590000000002,5.282329496997738,Not Active
"""CHEMBL418052",Nc1ncnc2c1ncn2[C@@H]1O[C@H](CSCC[C@H](N)C(=O)O)[C@@H](O)[C@H]1O,IC50,'=',900.0,nM,6.05,N=c1[nH]cnc2c1ncn2C1OC(CSCCC(N)C(=O)O)C(O)C1O,10,6,7,-1.6067299999999975,183.35999999999996,384.41800000000006,6.045757490560675,Active
"""CHEMBL557902",Nc1ncnc2c1ncn2[C@@H]1O[C@H](CS[C@@H]2CN[C@H](C(=O)O)C2)[C@@H](O)[C@H]1O,IC50,'=',1100.0,nM,5.96,N=c1[nH]cnc2c1ncn2C1OC(CSC2CNC(C(=O)O)C2)C(O)C1O,10,6,5,-1.5936299999999985,169.36999999999998,396.4290000000001,5.958607314841775,Active
"""CHEMBL558882",Nc1nc(I)nc2c1ncn2[C@@H]1O[C@H](CSCCC(N)C(=O)O)[C@@H](O)[C@H]1O,IC50,'=',21000.0,nM,4.68,N=c1[nH]c(I)nc2c1ncn2C1OC(CSCCC(N)C(=O)O)C(O)C1O,10,6,7,-1.002129999999999,183.35999999999996,510.3140000000003,4.6777807052660805,Not Active
"""CHEMBL560105",NC(CCSC[C@H]1O[C@@H](n2cnc3c(NCCCc4ccccc4)ncnc32)[C@H](O)[C@@H]1O)C(=O)O,IC50,'=',7400.0,nM,5.13,NC(CCSCC1OC(n2cnc3c(=NCCCc4ccccc4)[nH]cnc32)C(O)C1O)C(=O)O,10,5,11,0.4472999999999992,171.86999999999998,502.59700000000015,5.130768280269024,Not Active
"""CHEMBL552763",NC(CCSC[C@H]1O[C@@H](n2cnc3c(NCCc4ccc(-c5ccccc5)cc4)nc(Cl)nc32)[C@H](O)[C@@H]1O)C(=O)O,IC50,'=',6700.0,nM,5.17,NC(CCSCC1OC(n2cnc3c(=NCCc4ccc(-c5ccccc5)cc4)[nH]c(Cl)nc32)C(O)C1O)C(=O)O,10,5,11,2.3775999999999997,171.86999999999998,599.1130000000003,5.173925197299173,Not Active
"""CHEMBL1605668",COc1ccc(C(=O)/C=C/c2ccc(-c3ccccc3)cc2)cc1CSCC(=O)O,IC50,'=',9800.0,nM,5.01,COc1ccc(C(=O)C=Cc2ccc(-c3ccccc3)cc2)cc1CSCC(=O)O,4,1,9,5.576100000000005,63.60000000000001,418.5140000000002,5.008773924307505,Not Active
"""CHEMBL2005181",Cc1cc(C)c2nc3sc(=Cc4ccc(-c5ccccc5C(=O)O)o4)c(=O)n3c2c1,IC50,'=',4450.0,nM,5.35,Cc1cc(C)c2nc3sc(=Cc4ccc(-c5ccccc5C(=O)O)o4)c(=O)n3c2c1,6,1,3,4.031940000000003,84.81,416.4580000000002,5.351639989019068,Not Active
"""CHEMBL1707222",COC1=C(Br)C(=O)c2nc(C)ccc2C1=O,IC50,'=',8730.0,nM,5.06,COC1=C(Br)C(=O)c2nc(C)ccc2C1=O,4,0,1,2.02192,56.26,282.093,5.0589857562944305,Not Active
"""CHEMBL374740",O=C1Nc2c(Cl)cc(Cl)cc2C1=O,IC50,'=',11800.0,nM,4.93,O=C1Nc2c(Cl)cc(Cl)cc2C1=O,2,1,0,2.1281999999999996,46.17,216.023,4.928117992693875,Not Active
"""CHEMBL1421559",Cc1oc2c(c1C(=O)c1ccc(Cl)cc1)C(=O)C(=O)c1ccccc1-2,IC50,'=',6050.0,nM,5.22,Cc1oc2c(c1C(=O)c1ccc(Cl)cc1)C(=O)C(=O)c1ccccc1-2,4,0,2,4.518420000000003,64.35,350.7570000000001,5.2182446253475305,Not Active
"""CHEMBL1981657",N/C(=N\N=C/c1ccc(-c2ccc(O)c(C(=O)O)c2)o1)N[N+](=O)[O-],IC50,'=',3940.0,nM,5.41,N=C(NN=Cc1ccc(-c2ccc(O)c(C(=O)O)c2)o1)N[N+](=O)[O-],7,5,5,0.9899699999999998,174.07999999999998,333.26000000000005,5.404503778174426,Not Active
"""CHEMBL1464373",O=C(COC(=O)c1ccc(NS(=O)(=O)c2cccs2)cc1)NCc1ccco1,IC50,'=',9600.0,nM,5.02,O=C(COC(=O)c1ccc(NS(=O)(=O)c2cccs2)cc1)NCc1ccco1,7,2,8,2.615100000000001,114.71,420.4680000000001,5.017728766960431,Not Active
"""CHEMBL1509377",C=C(C)C(=O)Nc1cccc(C2=NOC3(C2)C[C@H](C(N)=O)N(C(=O)COc2ccc(Cl)cc2)C3)c1,IC50,'=',5520.0,nM,5.26,C=C(C)C(=O)Nc1cccc(C2=NOC3(C2)CC(C(N)=O)N(C(=O)COc2ccc(Cl)cc2)C3)c1,6,2,7,2.883000000000001,123.32000000000001,496.95100000000025,5.258060922270801,Not Active
"""CHEMBL3126646",Cc1cc(Nc2cccc(NC(=O)c3cccc(Nc4ccnc5ccccc45)c3)c2)nc(N)n1,IC50,'=',120.0,nM,6.92,Cc1cc(=Nc2cccc(NC(=O)c3cccc(N=c4cc[nH]c5ccccc45)c3)c2)[nH]c(=N)[nH]1,4,5,4,4.329090000000002,125.03999999999999,461.52900000000005,6.920818753952375,Active
"""CHEMBL1569215",O=C1NN(c2ccc(Cl)cc2)C(=O)/C1=C\c1ccc(-c2cccc(C(=O)O)c2)o1,IC50,'=',7390.0,nM,5.13,O=C1NN(c2ccc(Cl)cc2)C(=O)C1=Cc1ccc(-c2cccc(C(=O)O)c2)o1,4,2,4,3.7596000000000016,99.85000000000001,408.79700000000014,5.131355561605174,Not Active
"""CHEMBL1607517",O=C1c2ccccc2-c2cccc3cccc1c23,IC50,'=',41000.0,nM,4.39,O=C1c2ccccc2-c2cccc3cccc1c23,1,0,0,4.051200000000002,17.07,230.266,4.3872161432802645,Not Active
"""CHEMBL617",CC(=O)OCC1=C(C(=O)O)N2C(=O)[C@@H](NC(=O)Cc3cccs3)[C@H]2SC1,IC50,'=',7280.0,nM,5.14,CC(=O)OC=C1CSC2C(NC(=O)Cc3cccs3)C(=O)N2C1C(=O)O,7,2,5,0.5906999999999996,113.01,396.44600000000014,5.137868620686962,Not Active
"""CHEMBL1312212",COc1cccc(NS(=O)(=O)c2ccc3c(c2)C2C=CCC2C(c2ccc(C(=O)O)cc2)N3)c1,IC50,'=',7940.0,nM,5.1,COc1cccc(NS(=O)(=O)c2ccc3c(c2)C2C=CCC2C(c2ccc(C(=O)O)cc2)N3)c1,5,3,6,5.020700000000003,104.73,476.55400000000014,5.100179497572904,Not Active
"""CHEMBL1181670",c1ccc2c(c1)C1=NCCN1c1ccccc1-2,IC50,'=',9240.0,nM,5.03,c1ccc2c(c1)C1=NCCN1c1ccccc1-2,2,0,0,2.9338000000000015,15.6,220.275,5.0343280287798935,Not Active
"""CHEMBL1445488",CCOC(=O)c1sc2nc3c(SCC(=O)O)cc(C(=O)c4ccccc4O)cn3c(=O)c2c1C,IC50,'=',4120.0,nM,5.38,CCOC(=O)c1sc2nc3c(SCC(=O)O)cc(C(=O)c4ccccc4O)cn3c(=O)c2c1C,10,2,7,3.507620000000001,135.27,498.53800000000024,5.3851027839668655,Not Active
"""CHEMBL1507881",Cc1c(C(=O)O)cccc1-n1c(C)cc(/C=C2\C(=O)NC(=O)N(c3ccc4c(c3)OCO4)C2=O)c1C,IC50,'=',18000.0,nM,4.75,C=c1c(=Cc2c(O)[nH]c(=O)n(-c3ccc4c(c3)OCO4)c2=O)cc(C)n1-c1cccc(C(=O)O)c1C,8,3,4,1.3049399999999998,135.78,487.46800000000025,4.7447274948966935,Not Active
"""CHEMBL2336409",Cc1cc(Nc2ccc(NC(=O)c3ccc(Nc4ccnc5ccccc45)cc3)cc2)nc(N)n1,IC50,'=',6000.0,nM,5.22,Cc1cc(=Nc2ccc(NC(=O)c3ccc(N=c4cc[nH]c5ccccc45)cc3)cc2)[nH]c(=N)[nH]1,4,5,4,4.329090000000002,125.03999999999999,461.52900000000005,5.221848749616356,Not Active
"""CHEMBL564052",Nc1ncnc2c1ncn2[C@@H]1O[C@H](CS[C@@H]2CCNC2)[C@@H](O)[C@H]1O,IC50,'=',4800.0,nM,5.32,N=c1[nH]cnc2c1ncn2C1OC(CSC2CCNC2)C(O)C1O,9,5,4,-1.0468299999999988,132.07,352.4200000000001,5.318758762624412,Not Active
"""CHEMBL539449",Nc1ncnc2c1ncn2[C@@H]1O[C@H](CSC2CNC2)[C@@H](O)[C@H]1O,IC50,'=',44000.0,nM,4.36,N=c1[nH]cnc2c1ncn2C1OC(CSC2CNC2)C(O)C1O,9,5,4,-1.4369299999999985,132.07,338.39300000000003,4.356547323513812,Not Active
"""CHEMBL560768",O[C@@H]1[C@@H](CS[C@H]2CCNC2)O[C@@H](n2cnc3c(NCCc4ccc(-c5ccccc5)cc4)nc(Cl)nc32)[C@@H]1O,IC50,'=',5000.0,nM,5.3,OC1C(CSC2CCNC2)OC(n2cnc3c(=NCCc4ccc(-c5ccccc5)cc4)[nH]c(Cl)nc32)C1O,9,4,8,2.9375000000000013,120.57999999999998,567.1150000000002,5.301029995663981,Not Active
"""CHEMBL2063048",O=C1N=C(NCc2ccco2)NCN1,IC50,'=',22000.0,nM,4.66,O=C1N=C(NCc2ccco2)NCN1,4,3,2,-0.0045000000000000595,78.66,194.194,4.657577319177793,Not Active
"""CHEMBL1975589",COC(=O)CC1OCC=C2CN3CCC45C6=CC(=O)C(O)=C([N+](=O)[O-])C6=NC4C1C2CC35,IC50,'=',6060.0,nM,5.22,COC(=O)CC1OCC=C2CN3CCC45C(=Nc6c4cc(O)c(O)c6[N+](=O)[O-])C1C2CC35,9,2,3,1.9421999999999997,134.73000000000002,441.44000000000017,5.217527375833714,Not Active
"""CHEMBL1348946",N#Cc1c(SCC(=O)Nc2nc3ccc(Br)cc3s2)sc2c(O)cc(O)nc12,IC50,'=',8280.0,nM,5.08,N#Cc1c(SCC(=O)N=c2[nH]c3ccc(Br)cc3s2)sc2c(=O)cc(O)[nH]c12,7,3,3,3.691780000000001,122.1,493.3890000000001,5.081969663215119,Not Active
"""CHEMBL1328733",O=C1NC(=S)N(c2ccccc2)C(=O)/C1=C/c1ccco1,IC50,'=',811.0,nM,6.09,O=C1NC(=S)N(c2ccccc2)C(=O)C1=Cc1ccco1,4,1,2,2.1109,62.550000000000004,298.32300000000004,6.090979145788844,Active
"""CHEMBL1456035",O=C(O)C1Nc2c(Cl)cc(Cl)c(Cl)c2C2C=CCC12,IC50,'=',4360.0,nM,5.36,O=C(O)C1Nc2c(Cl)cc(Cl)c(Cl)c2C2C=CCC12,2,2,1,4.185200000000001,49.33,318.58700000000005,5.360513510731414,Not Active
"""CHEMBL1346055",O=C(O)c1ccc(-n2cccc2/C=C2/NC(=O)N(c3cccc(Cl)c3)C2=O)cc1,IC50,'=',4620.0,nM,5.33,O=C(O)c1ccc(-n2cccc2CC2=NC(=O)N(c3cccc(Cl)c3)C2=O)cc1,4,1,5,3.979200000000003,91.97,407.81300000000005,5.335358024443874,Not Active
"""CHEMBL2385821",Cc1cc(Nc2cccc(NC(=O)c3ccc(Nc4ccnc5ccccc45)cc3)c2)nc(N)n1,IC50,'=',52000.0,nM,4.28,Cc1cc(=Nc2cccc(NC(=O)c3ccc(N=c4cc[nH]c5ccccc45)cc3)c2)[nH]c(=N)[nH]1,4,5,4,4.329090000000002,125.03999999999999,461.52900000000005,4.2839966563652006,Not Active
"""CHEMBL2385821",Cc1cc(Nc2cccc(NC(=O)c3ccc(Nc4ccnc5ccccc45)cc3)c2)nc(N)n1,IC50,'=',370.0,nM,6.43,Cc1cc(=Nc2cccc(NC(=O)c3ccc(N=c4cc[nH]c5ccccc45)cc3)c2)[nH]c(=N)[nH]1,4,5,4,4.329090000000002,125.03999999999999,461.52900000000005,6.431798275933005,Active
"""CHEMBL2336409",Cc1cc(Nc2ccc(NC(=O)c3ccc(Nc4ccnc5ccccc45)cc3)cc2)nc(N)n1,IC50,'=',35000.0,nM,4.46,Cc1cc(=Nc2ccc(NC(=O)c3ccc(N=c4cc[nH]c5ccccc45)cc3)cc2)[nH]c(=N)[nH]1,4,5,4,4.329090000000002,125.03999999999999,461.52900000000005,4.455931955649724,Not Active
"""CHEMBL3126652",Cc1cc(Nc2ccc(NC(=O)c3ccc(Nc4cc(C)nc(N)n4)cc3)cc2)nc(N)n1,IC50,'=',2230.0,nM,5.65,Cc1cc(=Nc2ccc(NC(=O)c3ccc(N=c4cc(C)[nH]c(=N)[nH]4)cc3)cc2)[nH]c(=N)[nH]1,5,7,4,2.2918799999999995,164.67999999999998,441.499,5.651695136951839,Active
"""CHEMBL559283",O=C(O)[C@@H]1C[C@H](SC[C@H]2O[C@@H](n3cnc4c(NCCc5ccc(-c6ccccc6)cc5)nc(Cl)nc43)[C@H](O)[C@@H]2O)CN1,IC50,'=',2500.0,nM,5.6,O=C(O)C1CC(SCC2OC(n3cnc4c(=NCCc5ccc(-c6ccccc6)cc5)[nH]c(Cl)nc43)C(O)C2O)CN1,10,5,9,2.390699999999999,157.88,611.1240000000003,5.6020599913279625,Active
"""CHEMBL4164446",COc1cc2c(NC3CCN(C)CC3)cc(-c3ccc(C#N)o3)nc2cc1OCCCN1CCCC1,IC50,'=',1600.0,nM,5.8,COc1cc2c(=NC3CCN(C)CC3)cc(-c3ccc(C#N)o3)[nH]c2cc1OCCCN1CCCC1,7,1,8,4.167780000000003,90.02,489.6200000000004,5.795880017344075,Active
"""CHEMBL4159604",COc1cc2c(NC3CCN(C)CC3)cc(C3CCCCC3)nc2cc1OCCCN1CCCC1,IC50,'=',497.0,nM,6.3,COc1cc2c(=NC3CCN(C)CC3)cc(C3CCCCC3)[nH]c2cc1OCCCN1CCCC1,5,1,8,5.083800000000005,53.089999999999996,480.6970000000005,6.303643611266668,Active
"""CHEMBL4167925",COc1cc2c(NC3CCN(C)CC3)cc(C3CCOCC3)nc2cc1OCCCN1CCCC1,IC50,'=',4420.0,nM,5.36,COc1cc2c(=NC3CCN(C)CC3)cc(C3CCOCC3)[nH]c2cc1OCCCN1CCCC1,6,1,8,3.930100000000003,62.32,482.6690000000005,5.354577730650908,Not Active
"""CHEMBL382617",Cc1ccn2c(CCc3nnc4cc(C)ccn34)nnc2c1,IC50,'=',100000.0,nM,4.0,Cc1ccn2c(CCc3nnc4cc(C)ccn34)nnc2c1,6,0,3,2.1740399999999998,60.38,292.34600000000006,4.0,Not Active
"""CHEMBL3109076",O=C(O)[C@H]1[C@@H](Cc2c[nH]c3ccccc23)CCN1C(=O)c1ccc2ccccc2c1,IC50,'=',50000.0,nM,4.3,O=C(O)C1C(Cc2c[nH]c3ccccc23)CCN1C(=O)c1ccc2ccccc2c1,2,2,4,4.479100000000004,73.4,398.4620000000001,4.301029995663981,Not Active
"""CHEMBL564768",Nc1nc(Cl)nc2c1ncn2[C@@H]1O[C@H](CSCCC(N)C(=O)O)[C@@H](O)[C@H]1O,IC50,'=',2900.0,nM,5.54,N=c1[nH]c(Cl)nc2c1ncn2C1OC(CSCCC(N)C(=O)O)C(O)C1O,10,6,7,-0.9533299999999991,183.35999999999996,418.86300000000017,5.537602002101044,Active
"""CHEMBL550440",Nc1ncnc2c1ncn2[C@@H]1O[C@H](CS[C@H]2CCN[C@H](C(=O)O)C2)[C@@H](O)[C@H]1O,IC50,'=',8000.0,nM,5.1,N=c1[nH]cnc2c1ncn2C1OC(CSC2CCNC(C(=O)O)C2)C(O)C1O,10,6,5,-1.2035299999999978,169.36999999999998,410.45600000000013,5.096910013008056,Not Active
"""CHEMBL560106",Nc1nc(Cl)nc2c1ncn2[C@@H]1O[C@H](CS[C@@H]2CN[C@H](C(=O)O)C2)[C@@H](O)[C@H]1O,IC50,'=',820.0,nM,6.09,N=c1[nH]c(Cl)nc2c1ncn2C1OC(CSC2CNC(C(=O)O)C2)C(O)C1O,10,6,5,-0.940229999999999,169.36999999999998,430.87400000000014,6.086186147616283,Active
"""CHEMBL538692",Nc1nc(F)nc2c1ncn2[C@@H]1O[C@H](CSCCC(N)C(=O)O)[C@@H](O)[C@H]1O,IC50,'=',2500.0,nM,5.6,N=c1[nH]c(F)nc2c1ncn2C1OC(CSCCC(N)C(=O)O)C(O)C1O,10,6,7,-1.4676299999999978,183.35999999999996,402.40800000000013,5.6020599913279625,Active
"""CHEMBL560165",COc1nc(N)c2ncn([C@@H]3O[C@H](CSCCC(N)C(=O)O)[C@@H](O)[C@H]3O)c2n1,IC50,'=',75000.0,nM,4.12,COc1nc(=N)c2ncn(C3OC(CSCCC(N)C(=O)O)C(O)C3O)c2[nH]1,11,6,8,-1.5981299999999972,192.58999999999995,414.4440000000001,4.1249387366083,Not Active
"""CHEMBL1414679",CC1=C(C(=O)OC(C)C)C(c2ccc(Cl)cc2)n2c(sc(=Cc3ccc(OCC(=O)O)cc3)c2=O)=N1,IC50,'=',5430.0,nM,5.26,CC1=C(C(=O)OC(C)C)C(c2ccc(Cl)cc2)n2c(sc(=Cc3ccc(OCC(=O)O)cc3)c2=O)=N1,8,1,7,3.303600000000001,107.19000000000001,526.9980000000002,5.265200170411153,Not Active
"""CHEMBL1988862",O=C1c2sccc2-c2cccc3cccc1c23,IC50,'=',1020.0,nM,5.99,O=C1c2sccc2-c2cccc3cccc1c23,2,0,0,4.112700000000002,17.07,236.295,5.991399828238082,Active
"""CHEMBL1713628",Nc1ccc(S(=O)(=O)Nc2nccs2)cc1N=Nc1ccccc1[N+](=O)[O-],IC50,'=',7090.0,nM,5.15,Nc1ccc(S(=O)(=O)N=c2[nH]ccs2)cc1N=Nc1ccccc1[N+](=O)[O-],8,2,5,3.271600000000001,156.17000000000002,404.43300000000016,5.149353764816933,Not Active
"""CHEMBL1412087",CCOc1cc(/C=C2\C(=O)N(c3nc(-c4ccc(Br)cc4)cs3)N=C2c2ccccc2)ccc1O,IC50,'=',4350.0,nM,5.36,CCOc1cc(C=C2C(=O)N(c3nc(-c4ccc(Br)cc4)cs3)N=C2c2ccccc2)ccc1O,6,1,6,6.511400000000006,75.02,546.4460000000001,5.361510743045363,Not Active
"""CHEMBL1389315",O=S(=O)(Nc1c(S(=O)(=O)c2ccccc2)c2nc3ccccc3nc2n1C1CCCCC1)c1ccccc1,IC50,'=',5230.0,nM,5.28,O=S(=O)(Nc1c(S(=O)(=O)c2ccccc2)c2nc3ccccc3nc2n1C1CCCCC1)c1ccccc1,7,1,6,5.723300000000005,111.02000000000001,546.6740000000004,5.281498311132726,Not Active
"""CHEMBL1333249",Cn1c(N)c(C(=O)COC(=O)c2cc(-c3ccco3)nc3ccccc23)c(=O)n(C)c1=O,IC50,'=',5780.0,nM,5.24,Cn1c(N)c(C(=O)COC(=O)c2cc(-c3ccco3)nc3ccccc23)c(=O)n(C)c1=O,10,1,5,1.5140999999999996,139.42,434.4080000000002,5.2380721615794705,Not Active
"""CHEMBL1902527",ClN=C1C=CC=CC1=NCl,IC50,'=',7200.0,nM,5.14,ClN=C1C=CC=CC1=NCl,2,0,0,2.3020000000000005,24.72,175.01799999999997,5.142667503568731,Not Active
"""CHEMBL1424189",CCOC(=O)C1=C(C)N=c2sc(=Cc3ccc(OCC(=O)O)cc3)c(=O)n2C1c1ccc(Cl)cc1,IC50,'=',8420.0,nM,5.08,CCOC(=O)C1=C(C)N=c2sc(=Cc3ccc(OCC(=O)O)cc3)c(=O)n2C1c1ccc(Cl)cc1,8,1,7,2.9151000000000016,107.19000000000003,512.9710000000002,5.0746879085003505,Not Active
"""CHEMBL1551448",COc1ccc(NC(=O)CN(C)C(=O)c2cc(-c3ccco3)nc3ccccc23)cc1,IC50,'=',6240.0,nM,5.21,COc1ccc(NC(=O)CN(C)C(=O)c2cc(-c3ccco3)nc3ccccc23)cc1,5,1,6,4.214100000000003,84.67,415.44900000000007,5.204815410317575,Not Active
"""CHEMBL1231795",COc1cc2c(NC3CCN(C(C)C)CC3)nc(C3CCCCC3)nc2cc1OCCCN1CCCC1,IC50,'=',1287.0,nM,5.89,COc1cc2c(=NC3CCN(C(C)C)CC3)[nH]c(C3CCCCC3)nc2cc1OCCCN1CCCC1,6,1,9,5.257400000000006,65.97999999999999,509.7390000000006,5.890421453095613,Active
"""CHEMBL418052",Nc1ncnc2c1ncn2[C@@H]1O[C@H](CSCC[C@H](N)C(=O)O)[C@@H](O)[C@H]1O,IC50,'=',2000.0,nM,5.7,N=c1[nH]cnc2c1ncn2C1OC(CSCCC(N)C(=O)O)C(O)C1O,10,6,7,-1.6067299999999975,183.35999999999996,384.41800000000006,5.698970004336019,Active
"""CHEMBL551578",COC(=O)[C@@H]1C[C@H](SC[C@H]2O[C@@H](n3cnc4c(N)ncnc43)[C@H](O)[C@@H]2O)CN1,IC50,'=',4000.0,nM,5.4,COC(=O)C1CC(SCC2OC(n3cnc4c(=N)[nH]cnc43)C(O)C2O)CN1,11,5,5,-1.5052299999999976,158.37,410.456,5.3979400086720375,Not Active
"""CHEMBL555257",O=C(O)[C@@H]1C[C@H](SC[C@H]2O[C@@H](n3cnc4c(NCCc5ccc(-c6ccccc6)cc5)ncnc43)[C@H](O)[C@@H]2O)CN1,IC50,'=',3700.0,nM,5.43,O=C(O)C1CC(SCC2OC(n3cnc4c(=NCCc5ccc(-c6ccccc6)cc5)[nH]cnc43)C(O)C2O)CN1,10,5,9,1.7372999999999994,157.88,576.6790000000002,5.431798275933005,Not Active
"""CHEMBL1368108",C=C(C)C(=O)Nc1cccc(C2=NOC3(C2)C[C@@H](C(N)=O)N(C(=O)C(=C)C)C3)c1,IC50,'=',4950.0,nM,5.3,C=C(C)C(=O)Nc1cccc(C2=NOC3(C2)CC(C(N)=O)N(C(=O)C(=C)C)C3)c1,5,2,5,1.7266999999999997,114.09,396.4470000000002,5.305394801066431,Not Active
"""CHEMBL1434555",Cc1ccc(NC(=O)CN(C)C(=O)c2cccc(-n3cccc3)c2)cc1,IC50,'=',9260.0,nM,5.03,Cc1ccc(NC(=O)CN(C)C(=O)c2cccc(-n3cccc3)c2)cc1,3,1,5,3.4964200000000023,54.34,347.418,5.033389013318066,Not Active
"""CHEMBL3126646",Cc1cc(Nc2cccc(NC(=O)c3cccc(Nc4ccnc5ccccc45)c3)c2)nc(N)n1,IC50,'=',9000.0,nM,5.05,Cc1cc(=Nc2cccc(NC(=O)c3cccc(N=c4cc[nH]c5ccccc45)c3)c2)[nH]c(=N)[nH]1,4,5,4,4.329090000000002,125.03999999999999,461.52900000000005,5.045757490560675,Not Active
"""CHEMBL563782",Nc1ncnc2c1ncn2[C@@H]1O[C@H](CSC[C@@H]2CCCN2)[C@@H](O)[C@H]1O,IC50,'=',19000.0,nM,4.72,N=c1[nH]cnc2c1ncn2C1OC(CSCC2CCCN2)C(O)C1O,9,5,5,-0.6567299999999989,132.07,366.4470000000001,4.721246399047171,Not Active
"""CHEMBL538627",Nc1nc(Cl)nc2c1ncn2[C@@H]1O[C@H](CS[C@H]2CCNC2)[C@@H](O)[C@H]1O,IC50,'=',36000.0,nM,4.44,N=c1[nH]c(Cl)nc2c1ncn2C1OC(CSC2CCNC2)C(O)C1O,9,5,4,-0.39343000000000067,132.07,386.8650000000001,4.443697499232713,Not Active
"""CHEMBL551174",O[C@@H]1[C@@H](CS[C@H]2CCNC2)O[C@@H](n2cnc3c(NCCc4ccc(-c5ccccc5)cc4)ncnc32)[C@@H]1O,IC50,'=',15000.0,nM,4.82,OC1C(CSC2CCNC2)OC(n2cnc3c(=NCCc4ccc(-c5ccccc5)cc4)[nH]cnc32)C1O,9,4,8,2.2841,120.57999999999998,532.6700000000003,4.823908740944319,Not Active
"""CHEMBL115145",O=C(O)c1cc(Cc2ccc(O)c(C(=O)O)c2)ccc1O,IC50,'=',92000.0,nM,4.04,O=C(O)c1cc(Cc2ccc(O)c(C(=O)O)c2)ccc1O,4,4,4,2.0850000000000004,115.06,288.255,4.036212172654444,Not Active
"""CHEMBL4205107",COc1cc2c(NCCO)cc(-c3ccc(C)o3)nc2cc1OCCCN1CCCC1,IC50,'=',781.0,nM,6.11,COc1cc2c(=NCCO)cc(-c3ccc(C)o3)[nH]c2cc1OCCCN1CCCC1,6,2,9,3.502620000000002,83.22,425.5290000000004,6.1073489661227,Active
"""CHEMBL4217332",COc1cc2c(NC3CCN(C)C(=O)C3)cc(-c3ccc(C)o3)nc2cc1OCCCN1CCCC1,IC50,'=',297.0,nM,6.53,COc1cc2c(=NC3CCN(C)C(=O)C3)cc(-c3ccc(C)o3)[nH]c2cc1OCCCN1CCCC1,6,1,8,4.131120000000003,83.3,492.6200000000004,6.527243550682788,Active
"""CHEMBL4162206",COc1cc2c(NC3CCN(C(C)C)CC3)cc(C3CCCCC3)nc2cc1OCCCN1CCCC1,IC50,'=',619.0,nM,6.21,COc1cc2c(=NC3CCN(C(C)C)CC3)cc(C3CCCCC3)[nH]c2cc1OCCCN1CCCC1,5,1,9,5.862400000000006,53.089999999999996,508.75100000000054,6.2083093509798815,Active
"""CHEMBL4174724",COc1cc2c(NC3CCN(C)CC3)cc(-c3ccccc3)nc2cc1OCCCN1CCCC1,IC50,'=',1050.0,nM,5.98,COc1cc2c(=NC3CCN(C)CC3)cc(-c3ccccc3)[nH]c2cc1OCCCN1CCCC1,5,1,8,4.7031000000000045,53.089999999999996,474.64900000000034,5.978810700930062,Active
"""CHEMBL4175132",COc1cc2c(NC3CCN(C)CC3)cc(-c3ccccc3C)nc2cc1OCCCN1CCCC1,IC50,'=',582.0,nM,6.24,COc1cc2c(=NC3CCN(C)CC3)cc(-c3ccccc3C)[nH]c2cc1OCCCN1CCCC1,5,1,8,5.011520000000005,53.089999999999996,488.6760000000004,6.235077015350111,Active
"""CHEMBL4175084",COc1cc2c(NC3CCN(C)CC3)cc(-c3ccc(CO)o3)nc2cc1OCCCN1CCCC1,IC50,'=',759.0,nM,6.12,COc1cc2c(=NC3CCN(C)CC3)cc(-c3ccc(CO)o3)[nH]c2cc1OCCCN1CCCC1,7,2,9,3.788400000000003,86.46000000000001,494.6360000000004,6.11975822410452,Active
"""CHEMBL3109078",O=C(O)[C@H]1[C@@H](Cc2c[nH]c3ccccc23)CCN1C(=O)c1ccccc1,IC50,'=',73000.0,nM,4.14,O=C(O)C1C(Cc2c[nH]c3ccccc23)CCN1C(=O)c1ccccc1,2,2,4,3.3259000000000025,73.4,348.40200000000004,4.136677139879544,Not Active
"""CHEMBL1520133",CN(c1ccccc1)c1ccc(/C=C(\CCC(=O)O)c2nc3ccccc3s2)cc1[N+](=O)[O-],IC50,'=',5340.0,nM,5.27,CN(c1ccccc1)c1ccc(C=C(CCC(=O)O)c2nc3ccccc3s2)cc1[N+](=O)[O-],6,1,8,6.377800000000004,96.57000000000001,459.5270000000001,5.272458742971444,Not Active
"""CHEMBL1505688",O=C(O)CCCCCN1C(=O)/C(=C\c2cn(-c3ccccc3)nc2-c2cccs2)SC1=S,IC50,'=',6970.0,nM,5.16,O=C(O)CCCCCN1C(=O)C(=Cc2cn(-c3ccccc3)nc2-c2cccs2)SC1=S,7,1,9,5.4470000000000045,75.43,483.64000000000016,5.15676722190199,Not Active
"""CHEMBL4214834",Cc1ccc(-c2cc(NC3CCN(C)CC3)c3cc(OC(F)(F)F)c(OCCCN4CCCC4)cc3n2)o1,IC50,'=',2080.0,nM,5.68,Cc1ccc(-c2cc(=NC3CCN(C)CC3)c3cc(OC(F)(F)F)c(OCCCN4CCCC4)cc3[nH]2)o1,6,1,8,5.494520000000006,66.23,532.6070000000004,5.681936665037238,Active
"""CHEMBL4212380",CCc1ccc(-c2cc(NC3CCN(C)CC3)c3cc(OC)c(OCCCN4CCOCC4)cc3n2)o1,IC50,'=',446.0,nM,6.35,CCc1ccc(-c2cc(=NC3CCN(C)CC3)c3cc(OC)c(OCCCN4CCOCC4)cc3[nH]2)o1,7,1,9,4.094900000000003,75.46000000000001,508.6630000000004,6.350665141287858,Active
"""CHEMBL4216593",COc1cc2c(NC3CC4(CCN(C(C)C)CC4)C3)cc(-c3ccc(C)o3)nc2cc1OC1CC2(C1)CN(C)C2,IC50,'=',187.0,nM,6.73,COc1cc2c(=NC3CC4(CCN(C(C)C)CC4)C3)cc(-c3ccc(C)o3)[nH]c2cc1OC1CC2(C1)CN(C)C2,6,1,6,5.771620000000006,66.22999999999999,544.7400000000002,6.7281583934635005,Active
"""CHEMBL2336409",Cc1cc(Nc2ccc(NC(=O)c3ccc(Nc4ccnc5ccccc45)cc3)cc2)nc(N)n1,IC50,'=',850.0,nM,6.07,Cc1cc(=Nc2ccc(NC(=O)c3ccc(N=c4cc[nH]c5ccccc45)cc3)cc2)[nH]c(=N)[nH]1,4,5,4,4.329090000000002,125.03999999999999,461.52900000000005,6.070581074285707,Active
"""CHEMBL4216144",COc1cc2c(NC3CC4(CCN(C)C4)C3)cc(-c3ccc(C)o3)nc2cc1OCCCN1CCCC1,IC50,'=',201.0,nM,6.7,COc1cc2c(=NC3CC4(CCN(C)C4)C3)cc(-c3ccc(C)o3)[nH]c2cc1OCCCN1CCCC1,6,1,8,4.994620000000005,66.22999999999999,504.6750000000004,6.6968039425795105,Active
"""CHEMBL4208812",COc1cc2c(NC3CCC34CCN(C)CC4)cc(-c3ccc(C)o3)nc2cc1OCCCN1CCCC1,IC50,'=',123.0,nM,6.91,COc1cc2c(=NC3CCC34CCN(C)CC4)cc(-c3ccc(C)o3)[nH]c2cc1OCCCN1CCCC1,6,1,8,5.384720000000005,66.22999999999999,518.7020000000003,6.910094888560602,Active
"""CHEMBL4649221",Cc1ccc2c(n1)N(CC(=O)Nc1ccc3c(c1)OCO3)CC(c1nc(-c3cccc(F)c3)no1)C2=O,IC50,'=',28500.0,nM,4.54,Cc1ccc2c(n1)N(CC(=O)Nc1ccc3c(c1)OCO3)CC(c1nc(-c3cccc(F)c3)no1)C2=O,9,1,5,3.7330200000000016,119.68,501.47400000000033,4.54515513999149,Not Active
"""CHEMBL4217087",COc1cc2c(N(C)C3CCN(C)CC3)cc(-c3ccc(C)o3)nc2cc1OCCCN1CCCC1,IC50,'=',1320.0,nM,5.88,COc1cc2c(N(C)C3CCN(C)CC3)cc(-c3ccc(C)o3)nc2cc1OCCCN1CCCC1,7,0,9,5.2069200000000055,54.21,492.6640000000004,5.8794260687941495,Active
"""CHEMBL4211622",COc1cc2c(NC3CC3)cc(-c3ccc(C)o3)nc2cc1OCCCN1CCCC1,IC50,'=',1030.0,nM,5.99,COc1cc2c(=NC3CC3)cc(-c3ccc(C)o3)[nH]c2cc1OCCCN1CCCC1,5,1,8,4.672720000000004,62.99,421.5410000000004,5.987162775294828,Active
"""CHEMBL4216799",COc1cc2c(NC3CCCC3)cc(-c3ccc(C)o3)nc2cc1OCCCN1CCCC1,IC50,'=',1790.0,nM,5.75,COc1cc2c(=NC3CCCC3)cc(-c3ccc(C)o3)[nH]c2cc1OCCCN1CCCC1,5,1,8,5.452920000000005,62.99,449.59500000000037,5.747146969020107,Active
"""CHEMBL4210910",COc1cc2c(NC3CCN(C)CC3)cc(-c3ccc(C)o3)nc2cc1OC1CC2(C1)CN(C1CC1)C2,IC50,'=',494.0,nM,6.31,COc1cc2c(=NC3CCN(C)CC3)cc(-c3ccc(C)o3)[nH]c2cc1OC1CC2(C1)CN(C1CC1)C2,6,1,6,4.745420000000005,66.22999999999999,502.6590000000004,6.306273051076353,Active
"""CHEMBL4212375",CNC(=O)CCNc1cc(-c2ccc(C)o2)nc2cc(OCCCN3CCCC3)c(OC)cc12,IC50,'=',1080.0,nM,5.97,CNC(=O)CCN=c1cc(-c2ccc(C)o2)[nH]c2cc(OCCCN3CCCC3)c(OC)cc12,6,2,10,3.6464200000000027,92.09,466.58200000000045,5.96657624451305,Active
"""CHEMBL4212218",COc1cc2c(NC3CCC34CCN(C)C4)cc(-c3ccc(C)o3)nc2cc1OCCCN1CCCC1,IC50,'=',290.0,nM,6.54,COc1cc2c(=NC3CCC34CCN(C)C4)cc(-c3ccc(C)o3)[nH]c2cc1OCCCN1CCCC1,6,1,8,4.994620000000005,66.22999999999999,504.6750000000004,6.537602002101044,Active
"""CHEMBL4208812",COc1cc2c(NC3CCC34CCN(C)CC4)cc(-c3ccc(C)o3)nc2cc1OCCCN1CCCC1,IC50,'=',316.23,nM,6.5,COc1cc2c(=NC3CCC34CCN(C)CC4)cc(-c3ccc(C)o3)[nH]c2cc1OCCCN1CCCC1,6,1,8,5.384720000000005,66.22999999999999,518.7020000000003,6.499996931948306,Active
"""CHEMBL3126649",Cc1cc(Nc2cccc(NC(=O)c3ccccc3Nc3ccnc4ccccc34)c2)nc(N)n1,IC50,'=',38600.0,nM,4.41,Cc1cc(=Nc2cccc(NC(=O)c3ccccc3N=c3cc[nH]c4ccccc34)c2)[nH]c(=N)[nH]1,4,5,4,4.329090000000002,125.03999999999999,461.52900000000005,4.413412695328245,Not Active
"""CHEMBL3126645",Cc1cc(Nc2ccc(NC(=O)c3cccc(Nc4ccnc5ccccc45)c3)cc2)nc(N)n1,IC50,'=',4110.0,nM,5.39,Cc1cc(=Nc2ccc(NC(=O)c3cccc(N=c4cc[nH]c5ccccc45)c3)cc2)[nH]c(=N)[nH]1,4,5,4,4.3290900000000025,125.03999999999999,461.52900000000005,5.386158178123931,Not Active
"""CHEMBL4212905",CCc1ccc(-c2cc(NCC3CCN(C)CC3)c3cc(OC)c(OCCCN4CCCC4)cc3n2)o1,IC50,'=',40.0,nM,7.4,CCc1ccc(-c2cc(=NCC3CCN(C)CC3)c3cc(OC)c(OCCCN4CCCC4)cc3[nH]2)o1,6,1,10,5.106100000000005,66.23,506.6910000000004,7.3979400086720375,Active
"""CHEMBL4207331",COc1cc2c(NC3C4CCC3CN(C)C4)cc(-c3ccc(C)o3)nc2cc1OCCCN1CCCC1,IC50,'=',235.0,nM,6.63,COc1cc2c(=NC3C4CCC3CN(C)C4)cc(-c3ccc(C)o3)[nH]c2cc1OCCCN1CCCC1,6,1,8,4.850520000000004,66.22999999999999,504.6750000000004,6.628932137728263,Active
"""CHEMBL4208425",COc1cc2c(NCC3CCN(C)CC3)cc(-c3ccc(C)o3)nc2cc1OC1CC2(C1)CN(C)C2,IC50,'=',475.0,nM,6.32,COc1cc2c(=NCC3CCN(C)CC3)cc(-c3ccc(C)o3)[nH]c2cc1OC1CC2(C1)CN(C)C2,6,1,6,4.460420000000004,66.22999999999999,490.6480000000003,6.323306390375134,Active
"""CHEMBL4170228",COc1cc2c(NC3CCN(C)CC3)nc(-c3ccc(C)o3)nc2cc1OCCCN1CCCC1,IC50,'=',2250.0,nM,5.65,COc1cc2c(=NC3CCN(C)CC3)[nH]c(-c3ccc(C)o3)nc2cc1OCCCN1CCCC1,7,1,8,3.999520000000004,79.12,479.62500000000045,5.647817481888637,Active
"""CHEMBL4159597",COc1cc2c(NC3CCN(C)CC3)cc(-c3ccc(C)s3)nc2cc1OCCCN1CCCC1,IC50,'=',230.0,nM,6.64,COc1cc2c(=NC3CCN(C)CC3)cc(-c3ccc(C)s3)[nH]c2cc1OCCCN1CCCC1,6,1,8,5.073020000000005,53.089999999999996,494.7050000000004,6.638272163982407,Active
"""CHEMBL3109079",O=C(O)[C@@H]1[C@H](Cc2c[nH]c3ccccc23)CCN1Sc1ccc([N+](=O)[O-])cc1[N+](=O)[O-],IC50,'=',80000.0,nM,4.1,O=C(O)C1C(Cc2c[nH]c3ccccc23)CCN1Sc1ccc([N+](=O)[O-])cc1[N+](=O)[O-],7,2,7,4.009200000000003,142.61,442.4530000000002,4.096910013008056,Not Active
"""CHEMBL3109085",O=C(O)[C@H](Cc1c[nH]c2ccccc12)NSc1ccc([N+](=O)[O-])cc1[N+](=O)[O-],IC50,'=',40000.0,nM,4.4,O=C(O)C(Cc1c[nH]c2ccccc12)NSc1ccc([N+](=O)[O-])cc1[N+](=O)[O-],7,3,8,3.2769000000000013,151.4,402.3880000000002,4.3979400086720375,Not Active
"""CHEMBL563938",NCCSC[C@H]1O[C@@H](n2cnc3c(N)ncnc32)[C@H](O)[C@@H]1O,IC50,'=',18000.0,nM,4.75,N=c1[nH]cnc2c1ncn2C1OC(CSCCN)C(O)C1O,9,5,5,-1.4500299999999986,146.06,326.382,4.7447274948966935,Not Active
"""CHEMBL563024",NC(CCSC[C@H]1O[C@@H](n2cnc3c(NCCc4ccccc4)ncnc32)[C@H](O)[C@@H]1O)C(=O)O,IC50,'=',27000.0,nM,4.57,NC(CCSCC1OC(n2cnc3c(=NCCc4ccccc4)[nH]cnc32)C(O)C1O)C(=O)O,10,5,10,0.05719999999999981,171.86999999999998,488.5700000000001,4.568636235841013,Not Active
"""CHEMBL560505",COc1cc(CNc2ncnc3c2ncn3[C@@H]2O[C@H](CSCCC(N)C(=O)O)[C@@H](O)[C@H]2O)cc(OC)c1,IC50,'=',18000.0,nM,4.75,COc1cc(CN=c2[nH]cnc3c2ncn3C2OC(CSCCC(N)C(=O)O)C(O)C2O)cc(OC)c1,12,5,11,0.03190000000000226,190.32999999999996,534.5950000000004,4.7447274948966935,Not Active
"""CHEMBL3126644",Cc1cc(Nc2ccccc2NC(=O)c2ccc(Nc3ccnc4ccccc34)cc2)nc(N)n1,IC50,'=',35000.0,nM,4.46,Cc1cc(=Nc2ccccc2NC(=O)c2ccc(N=c3cc[nH]c4ccccc34)cc2)[nH]c(=N)[nH]1,4,5,4,4.329090000000002,125.03999999999999,461.52900000000005,4.455931955649724,Not Active
"""CHEMBL383475",O=C(O)C(Cc1c[nH]c2ccccc12)N1C(=O)c2ccccc2C1=O,IC50,'=',50000.0,nM,4.3,O=C(O)C(Cc1c[nH]c2ccccc12)N1C(=O)c2ccccc2C1=O,3,2,4,2.4598000000000004,90.47,334.3310000000001,4.301029995663981,Not Active
"""CHEMBL418052",Nc1ncnc2c1ncn2[C@@H]1O[C@H](CSCC[C@H](N)C(=O)O)[C@@H](O)[C@H]1O,IC50,'=',4000.0,nM,5.4,N=c1[nH]cnc2c1ncn2C1OC(CSCCC(N)C(=O)O)C(O)C1O,10,6,7,-1.6067299999999975,183.35999999999996,384.41800000000006,5.3979400086720375,Not Active
"""CHEMBL1320181",CCOc1cc(/C=C(\C#N)C(=O)Nc2cccc(C(=O)O)c2)ccc1OCc1ccc(Br)cc1,IC50,'=',5400.0,nM,5.27,CCOc1cc(C=C(C#N)C(=O)Nc2cccc(C(=O)O)c2)ccc1OCc1ccc(Br)cc1,5,2,9,5.670680000000004,108.65,521.3670000000002,5.267606240177031,Not Active
"""CHEMBL1315592",COC(=O)C1CCN(C(=O)c2cc(-c3ccco3)nc3ccccc23)CC1,IC50,'=',7310.0,nM,5.14,COC(=O)C1CCN(C(=O)c2cc(-c3ccco3)nc3ccccc23)CC1,5,0,3,3.5200000000000022,72.64,364.4010000000002,5.13608262304214,Not Active
"""CHEMBL1371301",CCN(CC)c1ccc(NC(=O)CCS(=O)(=O)c2ccc(Br)cc2)c(C)c1,IC50,'=',8640.0,nM,5.06,CCN(CC)c1ccc(NC(=O)CCS(=O)(=O)c2ccc(Br)cc2)c(C)c1,4,1,8,4.406220000000004,66.48,453.4020000000001,5.063486257521107,Not Active
"""CHEMBL1485960",CCOc1cccc(N2C(=O)/C(=C/c3ccco3)C(=O)NC2=S)c1,IC50,'=',4240.0,nM,5.37,CCOc1cccc(N2C(=O)C(=Cc3ccco3)C(=O)NC2=S)c1,5,1,4,2.5096,71.78,342.37600000000003,5.372634143407268,Not Active
"""CHEMBL1558192",O=C(O)C(c1ccccc1)N1C(=O)/C(=C\c2ccc(-c3ccccc3Cl)o2)SC1=S,IC50,'=',4270.0,nM,5.37,O=C(O)C(c1ccccc1)N1C(=O)C(=Cc2ccc(-c3ccccc3Cl)o2)SC1=S,5,1,5,5.627100000000003,70.75,455.94400000000013,5.369572124974976,Not Active
"""CHEMBL1490332",CCN(CC)CCn1nc2c3c(cccc3c1=O)-c1ccccc1-2,IC50,'=',11500.0,nM,4.94,CCN(CC)CCn1nc2c3c(cccc3c1=O)-c1ccccc1-2,4,0,5,3.3857000000000017,38.13,319.408,4.939302159646388,Not Active
"""CHEMBL1444349",O=C1NC(=S)N/C1=C/c1cc2c(cc1[N+](=O)[O-])OCO2,IC50,'=',3850.0,nM,5.42,O=C1NC(=S)N=C1Cc1cc2c(cc1[N+](=O)[O-])OCO2,6,1,3,0.7217,103.06,293.2600000000001,5.414539270491499,Not Active
"""CHEMBL1471220",O=C(COC(=O)c1cc2c(s1)CCC2)Nc1ccc(F)cc1,IC50,'=',10300.0,nM,4.99,O=C(COC(=O)c1cc2c(s1)CCC2)Nc1ccc(F)cc1,4,1,4,3.171400000000001,55.400000000000006,319.35699999999997,4.987162775294828,Not Active
"""CHEMBL1863716",Cc1ccc(-c2nn(-c3ccccc3)cc2C=C2SC(=S)N(CCS(=O)(=O)O)C2=O)cc1,IC50,'=',4930.0,nM,5.31,Cc1ccc(-c2nn(-c3ccccc3)cc2C=C2SC(=S)N(CCS(=O)(=O)O)C2=O)cc1,7,1,6,3.936720000000003,92.5,485.6120000000003,5.30715308072277,Not Active
"""CHEMBL1967028",CCc1ccc(/C(C)=N/NC(=O)CNC(=O)/C=C/c2ccco2)cc1,IC50,'=',6950.0,nM,5.16,CCc1ccc(C(C)=NNC(=O)C=NC(=O)CCc2ccco2)cc1,4,1,7,2.9124000000000008,84.03,339.39500000000004,5.158015195409886,Not Active
"""CHEMBL1606403",C=CCOC(=O)c1cc(-c2ccc(/C=C3\C(=O)NC(=O)C(C#N)=C3C)o2)ccc1Cl,IC50,'=',5000.0,nM,5.3,C=CCOC(=O)c1cc(-c2ccc(C=c3c(=O)[nH]c(O)c(C#N)c3=C)o2)ccc1Cl,6,2,5,2.4474800000000005,116.32000000000001,422.8240000000002,5.301029995663981,Not Active
"""CHEMBL1439640",COc1ccc(Cc2nnc(NC(=O)Cc3cccs3)s2)cc1,IC50,'=',4470.0,nM,5.35,COc1ccc(Cc2n[nH]c(=NC(=O)Cc3cccs3)s2)cc1,5,1,5,2.802100000000001,67.34,345.449,5.349692476868063,Not Active
"""CHEMBL555352",NC(CCSC[C@H]1O[C@@H](n2cnc3c(NCCc4ccc(-c5ccccc5)cc4)ncnc32)[C@H](O)[C@@H]1O)C(=O)O,IC50,'=',5400.0,nM,5.27,NC(CCSCC1OC(n2cnc3c(=NCCc4ccc(-c5ccccc5)cc4)[nH]cnc32)C(O)C1O)C(=O)O,10,5,11,1.7241999999999993,171.86999999999998,564.6680000000002,5.267606240177031,Not Active
"""CHEMBL1548829",COC(=O)/C(C(C)=O)=C(\C=C\C=C\C=C\N(C)C)N(C)C,IC50,'=',8380.0,nM,5.08,COC(=O)C(C(C)=O)=C(C=CC=CC=CN(C)C)N(C)C,5,0,7,1.7518,49.85000000000001,292.3790000000001,5.076755981369724,Not Active
"""CHEMBL560306",NC(CCSC[C@H]1O[C@@H](n2cnc3c(NCc4ccncc4)ncnc32)[C@H](O)[C@@H]1O)C(=O)O,IC50,'=',22000.0,nM,4.66,NC(CCSCC1OC(n2cnc3c(=NCc4ccncc4)[nH]cnc32)C(O)C1O)C(=O)O,11,5,9,-0.5903,184.76,475.5310000000001,4.657577319177793,Not Active
"""CHEMBL1458444",NS(=O)(=O)c1ccc(NC(=O)COC(=O)c2ccc([N+](=O)[O-])s2)cc1,IC50,'=',25100.0,nM,4.6,NS(=O)(=O)c1ccc(NC(=O)COC(=O)c2ccc([N+](=O)[O-])s2)cc1,8,2,6,1.0992000000000006,158.70000000000002,385.379,4.600326278518962,Not Active
"""CHEMBL1529334",Cc1ccc(N2C(=O)NC(=O)/C(=C\c3cc(C)n(-c4sc5c(c4C#N)CCCC5)c3C)C2=O)cc1,IC50,'=',11100.0,nM,4.96,C=c1c(=Cc2c(O)[nH]c(=O)n(-c3ccc(C)cc3)c2=O)cc(C)n1-c1sc2c(c1C#N)CCCC2,7,2,3,2.6900200000000014,103.81,484.58100000000036,4.954677021213342,Not Active
"""CHEMBL599013",O=C(O)c1ccccc1/C=N/NC(=O)c1cc(-c2ccco2)nc2ccccc12,IC50,'=',5400.0,nM,5.27,O=C(O)c1ccccc1C=NNC(=O)c1cc(-c2ccco2)nc2ccccc12,5,2,5,3.9569000000000027,104.78999999999999,385.3790000000001,5.267606240177031,Not Active
"""CHEMBL1706577",O=C(N/N=C/c1cccc(F)c1)c1cc(-c2ccco2)nc2ccccc12,IC50,'=',4810.0,nM,5.32,O=C(NN=Cc1cccc(F)c1)c1cc(-c2ccco2)nc2ccccc12,4,1,4,4.397800000000003,67.49000000000001,359.36000000000007,5.317854923626168,Not Active
"""CHEMBL1511981",CSc1ccc(C=NNc2ccc(S(=O)(=O)Nc3ccccc3C(=O)O)cc2[N+](=O)[O-])cc1,IC50,'=',3260.0,nM,5.49,CSc1ccc(C=NNc2ccc(S(=O)(=O)Nc3ccccc3C(=O)O)cc2[N+](=O)[O-])cc1,8,3,9,4.261700000000002,151.0,486.5310000000002,5.486782399932061,Not Active
"""CHEMBL224857",O=C(O)CCCCCN1C(=O)/C(=C/c2cn(-c3ccccc3)nc2-c2cccs2)SC1=S,IC50,'=',5560.0,nM,5.25,O=C(O)CCCCCN1C(=O)C(=Cc2cn(-c3ccccc3)nc2-c2cccs2)SC1=S,7,1,9,5.4470000000000045,75.43,483.64000000000016,5.2549252084179425,Not Active
"""CHEMBL551100",Nc1ncnc2c1ncn2[C@@H]1O[C@H](CS[C@H]2CCNC2)[C@@H](O)[C@H]1O,IC50,'=',44000.0,nM,4.36,N=c1[nH]cnc2c1ncn2C1OC(CSC2CCNC2)C(O)C1O,9,5,4,-1.0468299999999988,132.07,352.4200000000001,4.356547323513812,Not Active
"""CHEMBL1875722",COc1ccc(Oc2c(OC)cc(NCc3ccc(CN)cc3)c3ncccc23)cc1.O=C(O)/C=C/C(=O)O,IC50,'=',10300.0,nM,4.99,COc1ccc(Oc2c(OC)cc(NCc3ccc(CN)cc3)c3ncccc23)cc1,6,2,8,5.1151000000000035,78.63,415.49300000000017,4.987162775294828,Not Active
"""CHEMBL1381264",CCS(=O)(=O)C1=NN2C(=N)/C(=C\c3ccc(SCc4ccco4)o3)C(=O)N=C2S1,IC50,'=',5710.0,nM,5.24,CCS(=O)(=O)C1=NN2C(=N)C(=Cc3ccc(SCc4ccco4)o3)C(=O)N=C2S1,9,1,5,3.1762700000000024,129.3,450.5230000000002,5.243363891754152,Not Active
"""CHEMBL1411344",O=C1NC(=S)NC(=O)C1=Cc1cccn1-c1ccc(O)cc1,IC50,'=',4820.0,nM,5.32,O=C1NC(=S)NC(=O)C1=Cc1cccn1-c1ccc(O)cc1,5,3,2,1.0972,83.36,313.3380000000001,5.31695296176115,Not Active
"""CHEMBL1438370",Cc1c2cnn(CC(=O)Nc3c(F)c(F)cc(F)c3F)c(=O)c2c(C)n1Cc1ccccc1F,IC50,'=',7600.0,nM,5.12,Cc1c2cnn(CC(=O)Nc3c(F)c(F)cc(F)c3F)c(=O)c2c(C)n1Cc1ccccc1F,5,1,5,4.197340000000002,68.92,476.4050000000002,5.119186407719209,Not Active
"""CHEMBL1321933",O=C(Nc1ccc(Cl)c(Cl)c1)Nc1nnc(-c2ccncc2)s1,IC50,'=',1290.0,nM,5.89,O=C(N=c1[nH]nc(-c2ccncc2)s1)Nc1ccc(Cl)c(Cl)c1,4,2,2,3.972800000000001,83.03,366.23300000000006,5.889410289700751,Active
"""CHEMBL1315784",O=S(=O)(c1cc(O)ccc1O)c1cccc2c(S(=O)(=O)c3cc(O)ccc3O)cccc12,IC50,'=',3810.0,nM,5.42,O=S(=O)(c1cc(O)ccc1O)c1cccc2c(S(=O)(=O)c3cc(O)ccc3O)cccc12,8,4,4,3.3278000000000008,149.2,472.49600000000015,5.41907502432438,Not Active
"""CHEMBL4170114",COc1cc2c(NC3CCN(C)CC3)cc(-c3ccc(C)o3)nc2cc1OCCCN1CCCC1,IC50,'=',382.0,nM,6.42,COc1cc2c(=NC3CCN(C)CC3)cc(-c3ccc(C)o3)[nH]c2cc1OCCCN1CCCC1,6,1,8,4.604520000000004,66.22999999999999,478.6370000000004,6.417936637088291,Active
"""CHEMBL3109077",O=C(O)[C@@H]1[C@H](Cc2c[nH]c3ccccc23)CCN1C(=O)c1ccccc1,IC50,'=',98000.0,nM,4.01,O=C(O)C1C(Cc2c[nH]c3ccccc23)CCN1C(=O)c1ccccc1,2,2,4,3.3259000000000025,73.4,348.40200000000004,4.008773924307505,Not Active
"""CHEMBL1564869",O=C(O)[C@H](Cc1c[nH]c2ccccc12)N1C(=O)c2ccccc2C1=O,IC50,'=',390000.0,nM,3.41,O=C(O)C(Cc1c[nH]c2ccccc12)N1C(=O)c2ccccc2C1=O,3,2,4,2.4598000000000004,90.47,334.3310000000001,3.4089353929735005,Not Active
"""CHEMBL1533351",CCOC(=O)c1c(-n2c(C)cc(C=C3C(=O)NC(=S)NC3=O)c2C)sc2c1CCCC2,IC50,'=',10000.0,nM,5.0,C=c1c(=Cc2c(O)[nH]c(=S)[nH]c2=O)cc(C)n1-c1sc2c(c1C(=O)OCC)CCCC2,7,3,4,2.5933100000000007,100.11,457.5770000000004,5.0,Not Active
"""CHEMBL1358848",O=C(c1ccc(=O)oc1)N1CCOCC1,IC50,'=',3670.0,nM,5.43,O=C(c1ccc(=O)oc1)N1CCOCC1,4,0,1,0.11219999999999986,59.75,209.2009999999999,5.435333935747911,Not Active
"""CHEMBL1372387",O=C(O)CSc1cc(C(=O)c2ccccc2O)cn2c(=O)c3c4c(sc3nc12)CCCC4,IC50,'=',14100.0,nM,4.85,O=C(O)CSc1cc(C(=O)c2ccccc2O)cn2c(=O)c3c4c(sc3nc12)CCCC4,8,2,5,3.9013000000000027,108.96999999999998,466.54000000000036,4.85078088734462,Not Active
"""CHEMBL1434750",O=C(O)CN1C(=O)/C(=C\c2cc(Br)ccc2OCc2ccc(Cl)cc2)SC1=S,IC50,'=',7360.0,nM,5.13,O=C(O)CN1C(=O)C(=Cc2cc(Br)ccc2OCc2ccc(Cl)cc2)SC1=S,5,1,6,4.967300000000003,66.84,498.8070000000002,5.133122185662501,Not Active
"""CHEMBL1481077",Cc1ccc(C(=O)O)cc1-c1ccc(/C=C2/NC(=O)N(c3ccccc3)C2=O)o1,IC50,'=',11000.0,nM,4.96,Cc1ccc(C(=O)O)cc1-c1ccc(CC2=NC(=O)N(c3ccccc3)C2=O)o1,4,1,5,4.103520000000003,100.17999999999999,388.3790000000001,4.958607314841775,Not Active
"""CHEMBL212414",Cc1ccc(NC(=O)CN2C(=O)N/C(=C\c3cccn3-c3cccc(C(=O)O)c3)C2=O)cc1,IC50,'=',6050.0,nM,5.22,Cc1ccc(NC(=O)CN2C(=O)N=C(Cc3cccn3-c3cccc(C(=O)O)c3)C2=O)cc1,5,2,7,3.068320000000001,121.07000000000002,444.4470000000002,5.2182446253475305,Not Active
"""CHEMBL1308055",Cc1ccc(-n2cccc2/C=C2/C(=N)N3C(=NC2=O)SN=C3S(C)(=O)=O)cc1Cl,IC50,'=',7720.0,nM,5.11,Cc1ccc(-n2cccc2C=C2C(=N)N3C(=NC2=O)SN=C3S(C)(=O)=O)cc1Cl,7,1,2,3.0603900000000017,107.94999999999999,447.9290000000001,5.112382699664264,Not Active
"""CHEMBL1360585",C=C(C)C(=O)Nc1cccc(C2=NOC3(C2)C[C@@H](C(N)=O)N(C(=O)/C(C)=C/C)C3)c1,IC50,'=',1940.0,nM,5.71,C=C(C)C(=O)Nc1cccc(C2=NOC3(C2)CC(C(N)=O)N(C(=O)C(C)=CC)C3)c1,5,2,5,2.1167999999999996,114.09,410.47400000000016,5.7121982700697735,Active
"""CHEMBL1361920",Cc1cc(/C=C2\C(=O)NC(=O)N(Cc3ccccc3)C2=O)c(C)n1-c1ccc(Cl)c(C(=O)O)c1,IC50,'=',3350.0,nM,5.47,C=c1c(=Cc2c(O)[nH]c(=O)n(Cc3ccccc3)c2=O)cc(C)n1-c1ccc(Cl)c(C(=O)O)c1,6,3,5,1.9803199999999996,117.32000000000001,477.90400000000017,5.474955192963154,Not Active
"""CHEMBL3126648",Cc1cc(Nc2ccc(NC(=O)c3ccccc3Nc3ccnc4ccccc34)cc2)nc(N)n1,IC50,'=',12300.0,nM,4.91,Cc1cc(=Nc2ccc(NC(=O)c3ccccc3N=c3cc[nH]c4ccccc34)cc2)[nH]c(=N)[nH]1,4,5,4,4.329090000000002,125.03999999999999,461.52900000000005,4.910094888560602,Not Active
"""CHEMBL560045",Cc1nc(N)c2ncn([C@@H]3O[C@H](CSCCC(N)C(=O)O)[C@@H](O)[C@H]3O)c2n1,IC50,'=',6000.0,nM,5.22,Cc1nc(=N)c2ncn(C3OC(CSCCC(N)C(=O)O)C(O)C3O)c2[nH]1,10,6,7,-1.298309999999997,183.35999999999999,398.44500000000005,5.221848749616356,Not Active
"""CHEMBL3414632",CC(=O)NCCc1ccc(O)c(-c2cc3c(c(O)c2O)C(=O)c2cc(O)c(C(=O)O)c(C(=O)O)c2C3=O)c1,IC50,'=',19000.0,nM,4.72,CC(=O)NC=Cc1ccc(O)c(-c2cc3c(O)c4c(C(=O)O)c(C(=O)O)c(O)cc4c(O)c3c(O)c2O)c1,9,9,5,3.3968000000000007,225.07999999999996,521.4340000000003,4.721246399047171,Not Active
"""CHEMBL318782",O=C1C(Cl)=C(Cl)C(=O)c2ccccc21,IC50,'=',1600.0,nM,5.8,O=C1C(Cl)=C(Cl)C(=O)c2ccccc21,2,0,0,2.7548000000000004,34.14,227.04600000000002,5.795880017344075,Active
"""CHEMBL1320799",NS(=O)(=O)c1ccc(N=Nc2ccc(O)nc2O)cc1,IC50,'=',7650.0,nM,5.12,NS(=O)(=O)c1ccc(N=Nc2ccc(=O)[nH]c2O)cc1,6,3,3,1.1433,137.97,294.292,5.116338564846382,Not Active
"""CHEMBL1715550",COc1cc(/C=C/C=C2/CC/C(=C/C=C/c3ccc(O)c(OC)c3)C2=O)ccc1O,IC50,'=',8220.0,nM,5.08,COc1cc(C=CC=C2CCC(=CC=Cc3ccc(O)c(OC)c3)C2=O)ccc1O,5,2,6,5.057300000000006,75.99,404.4620000000001,5.0851281824599495,Not Active
"""CHEMBL1423186",O=C1CC(=O)NC(SCC(=O)Nc2ccccc2[N+](=O)[O-])=N1,IC50,'=',8510.0,nM,5.07,O=C(CSc1nc(=O)cc(O)[nH]1)Nc1ccccc1[N+](=O)[O-],7,3,5,1.1144999999999996,138.22000000000003,322.30200000000013,5.070070439915412,Not Active
"""CHEMBL1380580",Oc1[nH]c2ccccc2c1N=Nc1ccc(F)cc1,IC50,'=',19300.0,nM,4.71,Oc1[nH]c2ccccc2c1N=Nc1ccc(F)cc1,3,2,2,4.428000000000002,60.739999999999995,255.25199999999998,4.714442690992226,Not Active
"""CHEMBL1404761",N=C1/C(=C/c2coc3ccccc3c2=O)C(=O)N=C2SC(c3ccco3)=NN12,IC50,'=',11600.0,nM,4.94,N=C1C(=Cc2coc3ccccc3c2=O)C(=O)N=C2SC(c3ccco3)=NN12,7,1,2,3.053470000000001,112.22999999999999,390.38000000000005,4.935542010773082,Not Active
"""CHEMBL1503050",O=C(O)Cc1c[nH]c2cccc(O)c12,IC50,'=',6740.0,nM,5.17,O=C(O)Cc1c[nH]c2cccc(O)c12,2,3,2,1.5006,73.32,191.186,5.17134010346468,Not Active
"""CHEMBL1978925",O=C(N/N=C/c1ccc(OC(=O)c2ccccc2Cl)cc1)c1cc(O)cc(O)c1,IC50,'=',5400.0,nM,5.27,O=C(NN=Cc1ccc(OC(=O)c2ccccc2Cl)cc1)c1cc(O)cc(O)c1,6,3,5,3.734300000000002,108.22,410.81300000000005,5.267606240177031,Not Active
"""CHEMBL1566980",O=C(CSc1nc(O)c2ccccc2n1)Nc1nc(-c2ccc(Br)cc2)cs1,IC50,'=',5120.0,nM,5.29,O=C(CSc1nc(=O)c2ccccc2[nH]1)N=c1[nH]c(-c2ccc(Br)cc2)cs1,5,2,4,3.961800000000002,90.97,473.3770000000001,5.290730039024169,Not Active
"""CHEMBL1403497",O=C1CC(=O)N(Cc2ccco2)C(=O)N1,IC50,'=',1580.0,nM,5.8,O=c1cc(O)[nH]c(=O)n1Cc1ccco1,5,2,2,-0.11650000000000049,88.23,208.173,5.801342913045577,Active
"""CHEMBL1408320",CC(C)N1C(=O)/C(=C/C=C/c2ccco2)C(=O)N(Cc2ccco2)C1=O,IC50,'=',8310.0,nM,5.08,CC(C)N1C(=O)C(=CC=Cc2ccco2)C(=O)N(Cc2ccco2)C1=O,5,0,5,3.2116000000000016,83.97,354.36200000000014,5.080398976215889,Not Active
"""CHEMBL1603637",COc1ccc(/C=C2/C(=O)N(c3nc4ccccc4s3)N=C2CSc2ccc(Cl)cc2)cc1,IC50,'=',2860.0,nM,5.54,COc1ccc(C=c2c(=CSc3ccc(Cl)cc3)[nH]n(-c3nc4ccccc4s3)c2=O)cc1,6,1,5,4.796400000000003,59.910000000000004,492.02500000000015,5.543633966870956,Active
"""CHEMBL418052",Nc1ncnc2c1ncn2[C@@H]1O[C@H](CSCC[C@H](N)C(=O)O)[C@@H](O)[C@H]1O,IC50,'=',600.0,nM,6.22,N=c1[nH]cnc2c1ncn2C1OC(CSCCC(N)C(=O)O)C(O)C1O,10,6,7,-1.6067299999999975,183.35999999999996,384.41800000000006,6.221848749616356,Active
"""CHEMBL1964442",O=C(N/N=C/c1ccoc1)c1cc(O)cc(O)c1,IC50,'=',7090.0,nM,5.15,O=C(NN=Cc1ccoc1)c1cc(O)cc(O)c1,5,3,3,1.4546999999999999,95.06,246.22199999999998,5.149353764816933,Not Active
"""CHEMBL1423709",Cn1cccc1/C=C1/C(=O)NC(=S)N(Cc2ccc(F)cc2)C1=O,IC50,'=',3550.0,nM,5.45,Cn1cccc1C=C1C(=O)NC(=S)N(Cc2ccc(F)cc2)C1=O,4,1,3,1.9910999999999999,54.34,343.38300000000004,5.449771646944906,Not Active
"""CHEMBL1310120",CC1=C/C(=C\c2ccc(Br)o2)C(=O)O1,IC50,'=',4990.0,nM,5.3,CC1=CC(=Cc2ccc(Br)o2)C(=O)O1,3,0,1,2.8861000000000017,39.44,255.06699999999995,5.30189945437661,Not Active
"""CHEMBL4205373",COc1cc2c(NC3CC4CCC(C3)N4C)cc(-c3ccc(C)o3)nc2cc1OCCCN1CCCC1,IC50,'=',234.0,nM,6.63,COc1cc2c(=NC3CC4CCC(C3)N4C)cc(-c3ccc(C)o3)[nH]c2cc1OCCCN1CCCC1,6,1,8,5.135520000000005,66.22999999999999,504.6750000000004,6.630784142589857,Active
"""CHEMBL4210432",Cc1ccc(-c2cc(NC3CCN(C)CC3)c3cc(O)c(OCCCN4CCCC4)cc3n2)o1,IC50,'=',645.0,nM,6.19,Cc1ccc(-c2cc(=NC3CCN(C)CC3)c3cc(O)c(OCCCN4CCCC4)cc3[nH]2)o1,6,2,7,4.301520000000004,77.23,464.61000000000035,6.1904402853647325,Active
"""CHEMBL4203186",Cc1ccc(-c2cc(NC3CCN(C)CC3)c3cc(C#N)c(OCCCN4CCCC4)cc3n2)o1,IC50,'=',588.0,nM,6.23,Cc1ccc(-c2cc(=NC3CCN(C)CC3)c3cc(C#N)c(OCCCN4CCCC4)cc3[nH]2)o1,6,1,7,4.467600000000004,80.79,473.6210000000004,6.230622673923861,Active
"""CHEMBL4588797",N#Cc1cn([C@@H]2O[C@H](CSCC[C@H](N)C(=O)O)[C@@H](O)[C@H]2O)c2ncnc(N)c12,IC50,'=',150.0,nM,6.82,N#Cc1cn(C2OC(CSCCC(N)C(=O)O)C(O)C2O)c2[nH]cnc(=N)c12,10,6,7,-1.1300499999999978,194.25999999999996,408.44,6.823908740944319,Active
"""CHEMBL418052",Nc1ncnc2c1ncn2[C@@H]1O[C@H](CSCC[C@H](N)C(=O)O)[C@@H](O)[C@H]1O,IC50,'=',941.0,nM,6.03,N=c1[nH]cnc2c1ncn2C1OC(CSCCC(N)C(=O)O)C(O)C1O,10,6,7,-1.6067299999999975,183.35999999999996,384.41800000000006,6.026410376572743,Active
"""CHEMBL83747",O=C(NCCSSCCNC(=O)/C(Cc1ccc(O)c(Br)c1)=N/O)/C(Cc1ccc(O)c(Br)c1)=N/O,IC50,'=',18.6,nM,7.73,O=C(NCCSSCCNC(=O)C(Cc1ccc(O)c(Br)c1)=NO)C(Cc1ccc(O)c(Br)c1)=NO,10,6,13,3.682200000000001,163.84,664.3980000000001,7.730487055782084,Active
"""CHEMBL1397916",O=C(NNC(=O)c1ccccc1F)c1cccc(-n2cccc2)c1,IC50,'=',13900.0,nM,4.86,O=C(NNC(=O)c1ccccc1F)c1cccc(-n2cccc2)c1,3,2,3,2.691200000000001,63.13,323.327,4.856985199745905,Not Active
"""CHEMBL1612983",Cc1cc(/C=C2\C(=O)NC(=O)N(c3ccc(Cl)cc3)C2=O)c(C)n1-c1sc2c(c1C#N)CCCC2,IC50,'=',9520.0,nM,5.02,C=c1c(=Cc2c(O)[nH]c(=O)n(-c3ccc(Cl)cc3)c2=O)cc(C)n1-c1sc2c(c1C#N)CCCC2,7,2,3,3.035000000000002,103.81,504.9990000000004,5.021363051615525,Not Active
"""CHEMBL1533230",CC(C)(CS(=O)(=O)[O-])NC(=O)CC[N+](C)(C)CCO,IC50,'=',3600.0,nM,5.44,CC(C)(CS(=O)(=O)[O-])NC(=O)CC[N+](C)(C)CCO,5,2,8,-1.114799999999998,106.53000000000002,296.38900000000007,5.443697499232712,Not Active
"""CHEMBL1904582",NC(CSC(c1ccccc1)(c1ccccc1)c1ccc(-c2ccccc2)cc1)C(=O)O,IC50,'=',9650.0,nM,5.01,NC(CSC(c1ccccc1)(c1ccccc1)c1ccc(-c2ccccc2)cc1)C(=O)O,3,2,8,5.790600000000006,63.32000000000001,439.58000000000015,5.015472686656207,Not Active
"""CHEMBL1701761",O=CC(O)C1OC(=O)C(O)C1O,IC50,'=',14400.0,nM,4.84,OCC(O)c1oc(O)c(O)c1O,6,5,2,-0.5779000000000001,114.29,176.124,4.841637507904751,Not Active
"""CHEMBL4206035",COc1cc2c(NC3CC4(CCN(C)CC4)C3)cc(-c3ccc(C)o3)nc2cc1OCCCN1CCCC1,IC50,'=',140.0,nM,6.85,COc1cc2c(=NC3CC4(CCN(C)CC4)C3)cc(-c3ccc(C)o3)[nH]c2cc1OCCCN1CCCC1,6,1,8,5.384720000000005,66.22999999999999,518.7020000000003,6.853871964321762,Active
"""CHEMBL4204482",COc1cc2c(NC3CC4(CCN(C(C)C)CC4)C3)cc(-c3ccc(C)o3)nc2cc1OCCCN1CCCC1,IC50,'=',211.0,nM,6.68,COc1cc2c(=NC3CC4(CCN(C(C)C)CC4)C3)cc(-c3ccc(C)o3)[nH]c2cc1OCCCN1CCCC1,6,1,9,6.163320000000007,66.22999999999999,546.7560000000002,6.675717544702307,Active
"""CHEMBL418052",Nc1ncnc2c1ncn2[C@@H]1O[C@H](CSCC[C@H](N)C(=O)O)[C@@H](O)[C@H]1O,IC50,'=',200.0,nM,6.7,N=c1[nH]cnc2c1ncn2C1OC(CSCCC(N)C(=O)O)C(O)C1O,10,6,7,-1.6067299999999975,183.35999999999996,384.41800000000006,6.698970004336019,Active
"""CHEMBL2171169",CC(C)N(CCCNC(=O)Nc1ccc(C(C)(C)C)cc1)C[C@H]1O[C@@H](n2cnc3c(N)ncnc32)[C@H](O)[C@@H]1O,IC50,'=',2.9,nM,8.54,CC(C)N(CCCNC(=O)Nc1ccc(C(C)(C)C)cc1)CC1OC(n2cnc3c(=N)[nH]cnc32)C(O)C1O,9,6,9,2.0777699999999997,164.41,540.6690000000003,8.537602002101044,Active
"""CHEMBL1571682",CCN(CC)CCC(=O)Nc1cccc2c1C(=O)c1ccccc1C2=O.Cl,IC50,'=',6860.0,nM,5.16,CCN(CC)CCC(=O)Nc1cccc2c1C(=O)c1ccccc1C2=O,4,1,6,3.1324000000000014,66.48,350.4180000000001,5.163675884293248,Not Active
"""CHEMBL1975801",CCOC(=O)C1=C(C)N=c2s/c(=C/c3ccc(OCC(=O)O)c(OC)c3)c(=O)n2C1c1ccc(Cl)cc1,IC50,'=',10200.0,nM,4.99,CCOC(=O)C1=C(C)N=c2sc(=Cc3ccc(OCC(=O)O)c(OC)c3)c(=O)n2C1c1ccc(Cl)cc1,9,1,8,2.923700000000002,116.42000000000002,542.9970000000003,4.991399828238082,Not Active
"""CHEMBL1441143",CCCCCCCCc1nnc(NC(=O)c2ccco2)s1,IC50,'=',42400.0,nM,4.37,CCCCCCCCc1n[nH]c(=NC(=O)c2ccco2)s1,4,1,8,3.708300000000002,71.25,307.41900000000004,4.372634143407267,Not Active
"""CHEMBL1317569",CC(=O)c1cccc(OCC(=O)N(C)CC(=O)NCc2ccco2)c1,IC50,'=',6090.0,nM,5.21,CC(=O)c1cccc(OCC(=O)N(C)CC(=O)NCc2ccco2)c1,5,1,8,1.6358,88.85000000000001,344.367,5.215382707367125,Not Active
"""CHEMBL1566994",COc1cc(NS(=O)(=O)c2ccc(NC(=S)NC(=O)/C=C/c3ccco3)cc2)ncn1,IC50,'=',2920.0,nM,5.54,COc1cc(=NS(=O)(=O)c2ccc(NC(=S)NC(=O)C=Cc3ccco3)cc2)[nH]cn1,7,3,6,1.8273000000000001,138.68,459.5090000000001,5.534617148551582,Active
"""CHEMBL1560128",CCOC(=O)c1cc(-c2ccc(N3CCOCC3)cc2)nn1-c1ccccc1C(=O)O,IC50,'=',6990.0,nM,5.16,CCOC(=O)c1cc(-c2ccc(N3CCOCC3)cc2)nn1-c1ccccc1C(=O)O,7,1,6,3.2508000000000017,93.89,421.4530000000001,5.1555228242543185,Not Active
"""CHEMBL1519992",Cc1ccc(-n2nc(-c3ccco3)cc2C(=O)O)c(C)c1,IC50,'=',18100.0,nM,4.74,Cc1ccc(-n2nc(-c3ccco3)cc2C(=O)O)c(C)c1,4,1,3,3.4473400000000014,68.26,282.29900000000004,4.7423214251308154,Not Active
"""CHEMBL2007178",O=C(O)c1ccc(-n2cccc2/C=N\NC(=O)c2cc3cc(Br)ccc3o2)cc1,IC50,'=',4360.0,nM,5.36,O=C(O)c1ccc(-n2cccc2C=NNC(=O)c2cc3cc(Br)ccc3o2)cc1,5,2,5,4.448100000000003,96.83,452.2640000000001,5.360513510731414,Not Active
"""CHEMBL1501577",COC(=O)c1ccccc1NC(=O)CCS(=O)(=O)c1ccc(Br)cc1,IC50,'=',3690.0,nM,5.43,COC(=O)c1ccccc1NC(=O)CCS(=O)(=O)c1ccc(Br)cc1,5,1,6,3.0382000000000016,89.53999999999999,426.288,5.432973633840939,Not Active
"""CHEMBL1561729",O=C(O)c1ccc(-n2cccc2/C=C2/NC(=O)N(c3ccccc3)C2=O)cc1,IC50,'=',3830.0,nM,5.42,O=C(O)c1ccc(-n2cccc2CC2=NC(=O)N(c3ccccc3)C2=O)cc1,4,1,5,3.325800000000002,91.97,373.36800000000005,5.416801226031377,Not Active
"""CHEMBL1587837",COc1ccc(NS(=O)(=O)c2ccc(O)c(NC(=O)c3cc4c(C)nn(-c5ccc(F)cc5)c4s3)c2)cc1,IC50,'=',6920.0,nM,5.16,COc1ccc(NS(=O)(=O)c2ccc(O)c(NC(=O)c3cc4c(C)nn(-c5ccc(F)cc5)c4s3)c2)cc1,8,3,7,5.301820000000003,122.54999999999998,552.6090000000003,5.1598939055432425,Not Active
"""CHEMBL3414631",O=C(O)[C@H](Cc1c[nH]c2ccccc12)N1C(=O)C=CC1=O,IC50,'=',20000.0,nM,4.7,O=C(O)C(Cc1c[nH]c2ccccc12)N1C(=O)C=CC1=O,3,2,4,1.0886,90.47,284.2710000000001,4.698970004336019,Not Active
"""CHEMBL3126651",O=C(Nc1ccc(Nc2ccnc3ccccc23)cc1)c1ccc(Nc2ccnc3ccccc23)cc1,IC50,'=',33000.0,nM,4.48,O=C(Nc1ccc(N=c2cc[nH]c3ccccc23)cc1)c1ccc(N=c2cc[nH]c3ccccc23)cc1,3,3,4,6.366300000000004,85.4,481.5590000000002,4.481486060122113,Not Active
"""CHEMBL3126651",O=C(Nc1ccc(Nc2ccnc3ccccc23)cc1)c1ccc(Nc2ccnc3ccccc23)cc1,IC50,'=',650.0,nM,6.19,O=C(Nc1ccc(N=c2cc[nH]c3ccccc23)cc1)c1ccc(N=c2cc[nH]c3ccccc23)cc1,3,3,4,6.366300000000004,85.4,481.5590000000002,6.187086643357144,Active
"""CHEMBL1469245",COC(=O)c1c(NC(=O)COC(=O)c2ccc(NC(=O)CC#N)cc2)sc2c1CCCCC2,IC50,'=',3350.0,nM,5.47,COC(=O)c1c(NC(=O)COC(=O)c2ccc(NC(=O)CC#N)cc2)sc2c1CCCCC2,8,2,7,3.4512800000000015,134.58999999999997,469.5190000000004,5.474955192963154,Not Active
"""CHEMBL1485277",CCOc1ccc(C=NNc2ccc(S(=O)(=O)Nc3ccccc3C(=O)O)cc2[N+](=O)[O-])cc1,IC50,'=',5780.0,nM,5.24,CCOc1ccc(C=NNc2ccc(S(=O)(=O)Nc3ccccc3C(=O)O)cc2[N+](=O)[O-])cc1,8,3,10,3.938500000000002,160.23,484.4900000000002,5.2380721615794705,Not Active
"""CHEMBL1480378",Cc1ccnc(NS(=O)(=O)c2ccc(NC(=O)Cc3cccs3)cc2)n1,IC50,'=',9160.0,nM,5.04,Cc1cc[nH]c(=NS(=O)(=O)c2ccc(NC(=O)Cc3cccs3)cc2)n1,5,2,5,2.25042,104.27999999999999,388.4740000000001,5.03810452633215,Not Active
"""CHEMBL1521144",O=C(CSc1nc(O)c2cnn(-c3ccccc3)c2n1)c1ccc(Cl)cc1,IC50,'=',9120.0,nM,5.04,O=C(CSc1nc(=O)c2cnn(-c3ccccc3)c2[nH]1)c1ccc(Cl)cc1,6,1,5,3.7372000000000023,80.63999999999999,396.85900000000015,5.0400051616715835,Not Active
"""CHEMBL1464280",C=C(C)C(=O)Nc1cccc(C2=NOC3(C2)C[C@@H](C(N)=O)N(C(=O)C2(C)CC2)C3)c1,IC50,'=',1450.0,nM,5.84,C=C(C)C(=O)Nc1cccc(C2=NOC3(C2)CC(C(N)=O)N(C(=O)C2(C)CC2)C3)c1,5,2,5,1.9506999999999994,114.09,410.4740000000002,5.838631997765026,Active
"""CHEMBL1490134",C=CCOc1ccc(C=NNc2ccc(S(=O)(=O)Nc3ccccc3C(=O)O)cc2[N+](=O)[O-])cc1OC,IC50,'=',5320.0,nM,5.27,C=CCOc1ccc(C=NNc2ccc(S(=O)(=O)Nc3ccccc3C(=O)O)cc2[N+](=O)[O-])cc1OC,9,3,12,4.113200000000003,169.45999999999998,526.5270000000003,5.274088367704952,Not Active
"""CHEMBL4202651",COc1cc2nc(-c3ccc(C)o3)cc(NC3CCN(C)CC3)c2cc1OC,IC50,'=',750.0,nM,6.12,COc1cc2[nH]c(-c3ccc(C)o3)cc(=NC3CCN(C)CC3)c2cc1OC,5,1,4,3.748420000000003,62.989999999999995,381.4760000000002,6.1249387366083,Active
"""CHEMBL4203655",COc1cc2c(NC3CCN(C)CC3)cc(-c3ccc(C)o3)nc2cc1OC1CCNCC1,IC50,'=',414.0,nM,6.38,COc1cc2c(=NC3CCN(C)CC3)cc(-c3ccc(C)o3)[nH]c2cc1OC1CCNCC1,6,2,5,3.8706200000000024,75.02,450.58300000000025,6.3829996588791005,Active
"""CHEMBL4212218",COc1cc2c(NC3CCC34CCN(C)C4)cc(-c3ccc(C)o3)nc2cc1OCCCN1CCCC1,IC50,'=',316.23,nM,6.5,COc1cc2c(=NC3CCC34CCN(C)C4)cc(-c3ccc(C)o3)[nH]c2cc1OCCCN1CCCC1,6,1,8,4.994620000000005,66.22999999999999,504.6750000000004,6.499996931948306,Active
"""CHEMBL1435948",COc1ccc(S(=O)(=O)N2CCN(C(=O)C3COc4ccccc4O3)CC2)cc1,IC50,'=',5820.0,nM,5.24,COc1ccc(S(=O)(=O)N2CCN(C(=O)C3COc4ccccc4O3)CC2)cc1,6,0,4,1.3680999999999996,85.38000000000002,418.4710000000002,5.235077015350111,Not Active
"""CHEMBL1568915",C/C(=C/CCC(C)[C@H]1CC[C@@]2(C)C3=C(CC[C@]12C)[C@@]1(C)CCC(=O)C(C)(C)[C@@H]1CC3)C(=O)O,IC50,'=',5930.0,nM,5.23,CC(=CCCC(C)C1CCC2(C)C3=C(CCC12C)C1(C)CCC(=O)C(C)(C)C1CC3)C(=O)O,2,1,5,7.752000000000008,54.370000000000005,454.6950000000003,5.226945306635738,Not Active
"""CHEMBL1437464",CCOC(=O)C1CCCN(C(=O)c2cc(-c3ccco3)nc3ccccc23)C1,IC50,'=',6420.0,nM,5.19,CCOC(=O)C1CCCN(C(=O)c2cc(-c3ccco3)nc3ccccc23)C1,5,0,4,3.9101000000000035,72.64,378.4280000000001,5.192464971931146,Not Active
"""CHEMBL1332402",Cc1ccc(NC(=O)CN2C(=O)S/C(=C/c3ccc(-c4cc(C(=O)O)ccc4C)o3)C2=O)cc1C,IC50,'=',11300.0,nM,4.95,Cc1ccc(NC(=O)CN2C(=O)SC(=Cc3ccc(-c4cc(C(=O)O)ccc4C)o3)C2=O)cc1C,6,2,6,5.245060000000004,116.92000000000002,490.5370000000003,4.94692155651658,Not Active
"""CHEMBL3109084",O=C(O)[C@H](Cc1c[nH]c2ccccc12)NSc1ncccc1[N+](=O)[O-],IC50,'=',20000.0,nM,4.7,O=C(O)C(Cc1c[nH]c2ccccc12)NSc1ncccc1[N+](=O)[O-],6,3,7,2.763700000000001,121.15,358.37900000000013,4.698970004336019,Not Active
"""CHEMBL1346592",Cc1ccccc1NC(=O)CN1C(=O)N/C(=C\c2cccn2-c2cccc(C(=O)O)c2)C1=O,IC50,'=',6370.0,nM,5.2,Cc1ccccc1NC(=O)CN1C(=O)N=C(Cc2cccn2-c2cccc(C(=O)O)c2)C1=O,5,2,7,3.068320000000001,121.07000000000002,444.4470000000001,5.195860567664649,Not Active
"""CHEMBL1341590",CC(=O)OCC1=C(C(=O)O)N2C(=O)C(NC(=O)c3ccc(COc4cccc(Cl)c4Cl)o3)C2SC1,IC50,'=',8670.0,nM,5.06,CC(=O)OC=C1CSC2C(NC(=O)c3ccc(COc4cccc(Cl)c4Cl)o3)C(=O)N2C1C(=O)O,8,2,7,3.0791000000000004,135.38,541.3650000000004,5.061980902523789,Not Active
"""CHEMBL1704614",O=C1C(=O)c2c(ccc3ccccc23)-c2ccccc21,IC50,'=',1340.0,nM,5.87,O=C1C(=O)c2c(ccc3ccccc23)-c2ccccc21,2,0,0,3.8858000000000024,34.14,258.276,5.872895201635192,Active
"""CHEMBL580076",COc1ccc2nc(C)cc(Nc3ccc(N4CCN(C)CC4)cc3)c2c1,IC50,'=',11400.0,nM,4.94,COc1ccc2[nH]c(C)cc(=Nc3ccc(N4CCN(C)CC4)cc3)c2c1,4,1,3,3.469120000000003,43.86,362.47700000000015,4.943095148663527,Not Active
"""CHEMBL4640870",O=C(CSc1ncnc2sccc12)N1CCN(Cc2cc(=O)n3ccsc3n2)CC1,IC50,'=',27200.0,nM,4.57,O=C(CSc1ncnc2sccc12)N1CCN(Cc2cc(=O)n3ccsc3n2)CC1,10,0,5,2.1972000000000005,83.7,458.5940000000002,4.565431095965801,Not Active
"""CHEMBL552309",Nc1ncnc2c1ccn2[C@@H]1O[C@H](CSCC[C@H](N)C(=O)O)[C@@H](O)[C@H]1O,IC50,'=',1500.0,nM,5.82,N=c1[nH]cnc2c1ccn2C1OC(CSCCC(N)C(=O)O)C(O)C1O,9,6,7,-1.0017299999999982,170.46999999999997,383.43000000000006,5.823908740944319,Active
"""CHEMBL4874514",COc1cc2nc(-c3ccc(C)o3)cc(NCC3CCN(C4CC(C(=O)NO)C4)CC3)c2cc1OC,IC50,'=',540.0,nM,6.27,COc1cc2[nH]c(-c3ccc(C)o3)cc(=NCC3CCN(C4CC(C(O)=NO)C4)CC3)c2cc1OC,7,3,7,4.490520000000003,115.81,494.5920000000004,6.267606240177031,Active
"""CHEMBL4854659",COc1cc2nc(-c3ccc(C)o3)cc(NCC3CCN(c4ccc(C(=O)NO)cn4)CC3)c2cc1OC,IC50,'=',8410.0,nM,5.08,COc1cc2[nH]c(-c3ccc(C)o3)cc(=NCC3CCN(c4ccc(C(O)=NO)cn4)CC3)c2cc1OC,8,3,7,4.659620000000003,128.7,517.5860000000004,5.075204004202088,Not Active
"""CHEMBL4208004",COc1cc2c(NCC3CCN(C)CC3)cc(-c3ccc(C)o3)nc2cc1OCCCN1CCCC1,IC50,'=',32.0,nM,7.5,COc1cc2c(=NCC3CCN(C)CC3)cc(-c3ccc(C)o3)[nH]c2cc1OCCCN1CCCC1,6,1,9,4.852120000000005,66.22999999999999,492.6640000000004,7.494850021680094,Active
"""CHEMBL418052",Nc1ncnc2c1ncn2[C@@H]1O[C@H](CSCC[C@H](N)C(=O)O)[C@@H](O)[C@H]1O,IC50,'=',4000.0,nM,5.4,N=c1[nH]cnc2c1ncn2C1OC(CSCCC(N)C(=O)O)C(O)C1O,10,6,7,-1.6067299999999975,183.35999999999996,384.41800000000006,5.3979400086720375,Not Active
"""CHEMBL1985987",C/C(=N\NC(=O)c1cc(O)cc(O)c1)c1ccc(NC(=O)Cc2ccccc2)cc1,IC50,'=',4690.0,nM,5.33,CC(=NNC(=O)c1cc(O)cc(O)c1)c1ccc(NC(=O)Cc2ccccc2)cc1,5,4,6,3.4330000000000016,111.02000000000001,403.4380000000001,5.328827157284916,Not Active
"""CHEMBL1377441",O=C(O)c1ccc(-c2ccc(/C=C3\NC(=O)N(Cc4ccc(Cl)cc4)C3=O)o2)cc1Cl,IC50,'=',4540.0,nM,5.34,O=C(O)c1ccc(-c2ccc(CC3=NC(=O)N(Cc4ccc(Cl)cc4)C3=O)o2)cc1Cl,4,1,6,5.097500000000004,100.17999999999999,457.269,5.342944147142896,Not Active
"""CHEMBL1523953",Cc1ccc(S(=O)(=O)N2[C@H](c3ccc(C(C)C)cc3)CC=C(C(=O)O)[C@@H]2c2ccc(C(C)(C)C)cc2)cc1,IC50,'=',5040.0,nM,5.3,Cc1ccc(S(=O)(=O)N2C(c3ccc(C(C)C)cc3)C=CC(C(=O)O)C2c2ccc(C(C)(C)C)cc2)cc1,3,1,6,7.159820000000008,74.68,531.7180000000003,5.297569463554474,Not Active
"""CHEMBL1360321",CN1C(=O)NC(=O)/C(=C\c2ccc([N+](=O)[O-])o2)C1=O,IC50,'=',2080.0,nM,5.68,CN1C(=O)NC(=O)C(=Cc2ccc([N+](=O)[O-])o2)C1=O,6,1,2,0.2793999999999999,122.76000000000002,265.181,5.681936665037238,Active
"""CHEMBL1429479",Cc1ccc(N2C(=O)NC(=O)/C(=C/c3ccoc3)C2=O)cc1,IC50,'=',4000.0,nM,5.4,Cc1ccc(N2C(=O)NC(=O)C(=Cc3ccoc3)C2=O)cc1,4,1,2,2.2544200000000005,79.62,296.28200000000004,5.3979400086720375,Not Active
"""CHEMBL1972915",Cc1nn(-c2ccccc2)c(Cl)c1/C=N/Nc1ccc(S(=O)(=O)Nc2ccccc2C(=O)O)cc1[N+](=O)[O-],IC50,'=',4290.0,nM,5.37,Cc1nn(-c2ccccc2)c(Cl)c1C=NNc1ccc(S(=O)(=O)Nc2ccccc2C(=O)O)cc1[N+](=O)[O-],9,3,9,4.687320000000003,168.82,554.9720000000002,5.367542707815275,Not Active
"""CHEMBL3414633",O=[N+]([O-])c1cc(S(=O)(=O)Nc2ccc(O)c3ccccc23)ccc1Cl,IC50,'=',12000.0,nM,4.92,O=[N+]([O-])c1cc(S(=O)(=O)Nc2ccc(O)c3ccccc23)ccc1Cl,5,2,4,3.907800000000001,109.54,378.7930000000001,4.920818753952375,Not Active
"""CHEMBL562689",Nc1ncnc2c1ncn2[C@@H]1O[C@H](CSC[C@H]2CCCN2)[C@@H](O)[C@H]1O,IC50,'=',31000.0,nM,4.51,N=c1[nH]cnc2c1ncn2C1OC(CSCC2CCCN2)C(O)C1O,9,5,5,-0.6567299999999989,132.07,366.4470000000001,4.508638306165727,Not Active
"""CHEMBL1571625",CC1=NN(c2ccccc2)C(=O)C1/C=C1\NC(=S)NC1=O,IC50,'=',8390.0,nM,5.08,C=c1[nH]n(-c2ccccc2)c(=O)c1=Cc1[nH]c(=S)[nH]c1O,4,4,2,0.49598999999999976,89.60000000000001,300.34299999999996,5.076238039171299,Not Active
"""CHEMBL256098",Cc1ccc(NC(=O)CN2C(=O)S/C(=C\c3cccn3-c3cccc(C(=O)O)c3)C2=O)c(C)c1,IC50,'=',9170.0,nM,5.04,Cc1ccc(NC(=O)CN2C(=O)SC(=Cc3cccn3-c3cccc(C(=O)O)c3)C2=O)c(C)c1,6,2,6,4.467340000000003,108.71000000000001,475.52600000000024,5.0376306643299795,Not Active
"""CHEMBL1446088",CCN(CC(=O)Nc1c(F)cccc1F)C(=O)c1cccc(-n2cccc2)c1,IC50,'=',27400.0,nM,4.56,CCN(CC(=O)Nc1c(F)cccc1F)C(=O)c1cccc(-n2cccc2)c1,3,1,6,3.8563000000000027,54.34,383.398,4.562249437179612,Not Active
"""CHEMBL4554522",COc1ccc(CN2CCC(Nc3nc(Nc4ccc(NC(=O)CCCCCCC(=O)NO)cc4)nc4cc(OC)c(OC)cc34)CC2)cc1,IC50,'=',14000.0,nM,4.85,COc1ccc(CN2CCC(N=c3[nH]c(=Nc4ccc(NC(=O)CCCCCCC(O)=NO)cc4)[nH]c4cc(OC)c(OC)cc34)CC2)cc1,9,5,15,5.944300000000005,169.14999999999995,685.8260000000001,4.853871964321762,Not Active
"""CHEMBL1489",Nc1ncn([C@@H]2O[C@H](CO)[C@@H](O)[C@H]2O)c(=O)n1,IC50,'=',300.0,nM,6.52,N=c1ncn(C2OC(CO)C(O)C2O)c(=O)[nH]1,8,5,2,-3.3376299999999994,144.45000000000002,244.20700000000002,6.522878745280337,Active
"""CHEMBL4163369",COc1cc2c(NC3CCN(C)CC3)cc(C)nc2cc1OCCCN1CCCC1,IC50,'=',929.0,nM,6.03,COc1cc2c(=NC3CCN(C)CC3)cc(C)[nH]c2cc1OCCCN1CCCC1,5,1,7,3.344520000000002,53.089999999999996,412.5780000000004,6.031984286006358,Active
"""CHEMBL4162957",COc1cc2c(NC3CCN(C)CC3)cc(-c3cc[nH]c(=O)c3)nc2cc1OCCCN1CCCC1,IC50,'=',1250.0,nM,5.9,COc1cc2c(=NC3CCN(C)CC3)cc(-c3cc[nH]c(=O)c3)[nH]c2cc1OCCCN1CCCC1,6,2,8,3.3914000000000026,85.94999999999999,491.63600000000037,5.903089986991944,Active
"""CHEMBL4174677",COc1cc2c(NC3CCN(C)CC3)cc(-c3cc4ccccc4o3)nc2cc1OCCCN1CCCC1,IC50,'=',1070.0,nM,5.97,COc1cc2c(=NC3CCN(C)CC3)cc(-c3cc4ccccc4o3)[nH]c2cc1OCCCN1CCCC1,6,1,8,5.449300000000006,66.22999999999999,514.6700000000003,5.97061622231479,Active
"""CHEMBL4162911",COc1cc2c(NC3CCN(C4CC4)CC3)cc(-c3ccc(C)o3)nc2cc1OCCCN1CCCC1,IC50,'=',413.0,nM,6.38,COc1cc2c(=NC3CCN(C4CC4)CC3)cc(-c3ccc(C)o3)[nH]c2cc1OCCCN1CCCC1,6,1,9,5.137120000000005,66.22999999999999,504.6750000000004,6.384049948343598,Active
"""CHEMBL1995706",COc1ccc(Br)cc1/C=N/Nc1ccc(S(=O)(=O)Nc2ccccc2C(=O)O)cc1[N+](=O)[O-],IC50,'=',3390.0,nM,5.47,COc1ccc(Br)cc1C=NNc1ccc(S(=O)(=O)Nc2ccccc2C(=O)O)cc1[N+](=O)[O-],8,3,9,4.310900000000002,160.23,549.3590000000003,5.4698003017969175,Not Active
"""CHEMBL1609276",O=C1COc2ccc(C(=O)COC(=O)/C=C/c3ccc(Br)o3)cc2N1,IC50,'=',12200.0,nM,4.91,O=C1COc2ccc(C(=O)COC(=O)C=Cc3ccc(Br)o3)cc2N1,6,1,5,2.8123000000000005,94.84000000000002,406.188,4.913640169325252,Not Active
"""CHEMBL104663",N=C(N)NCCCS(=O)(=O)Nc1ccc(Nc2c3ccccc3nc3cc([N+](=O)[O-])ccc23)cc1,IC50,'=',6830.0,nM,5.17,N=C(N)NCCCS(=O)(=O)Nc1ccc(N=c2c3ccccc3[nH]c3cc([N+](=O)[O-])ccc23)cc1,6,5,8,3.076570000000002,179.35999999999999,493.5490000000002,5.165579296318468,Not Active
"""CHEMBL1482590",C=C(C)C(=O)Nc1cccc(C2=NOC3(C2)C[C@H](C(N)=O)N(C(=O)CC)C3)c1,IC50,'=',4320.0,nM,5.37,C=C(C)C(=O)Nc1cccc(C2=NOC3(C2)CC(C(N)=O)N(C(=O)CC)C3)c1,5,2,5,1.5605999999999995,114.09,384.43600000000015,5.364516253185088,Not Active
"""CHEMBL1510676",Cc1ccc(C2C(/C=C3/SC(=S)NC3=O)=C(c3cccs3)Oc3ccccc32)cc1,IC50,'=',3740.0,nM,5.43,Cc1ccc(C2C(C=C3SC(=S)NC3=O)=C(c3cccs3)Oc3ccccc32)cc1,5,1,3,6.023920000000004,38.33,447.6060000000001,5.427128397799519,Not Active
"""CHEMBL1706407",CN(c1ccccc1)c1ccc(/C=C(/CCC(=O)O)c2nc3ccccc3s2)cc1[N+](=O)[O-],IC50,'=',9980.0,nM,5.0,CN(c1ccccc1)c1ccc(C=C(CCC(=O)O)c2nc3ccccc3s2)cc1[N+](=O)[O-],6,1,8,6.377800000000004,96.57000000000001,459.5270000000001,5.000869458712629,Not Active
"""CHEMBL1430983",COc1cc(/C=C2\SC(=O)N(Cc3ccc(Cl)cc3)C2=O)cc([N+](=O)[O-])c1O,IC50,'=',4600.0,nM,5.34,COc1cc(C=C2SC(=O)N(Cc3ccc(Cl)cc3)C2=O)cc([N+](=O)[O-])c1O,7,1,5,4.198900000000004,109.98,420.83000000000015,5.337242168318426,Not Active
"""CHEMBL1509648",Cc1ccc(/C=C/C(=O)Nc2ccc([N+](=O)[O-])c(NC(=O)/C=C/c3ccc(C)o3)c2)o1,IC50,'=',7180.0,nM,5.14,Cc1ccc(C=CC(=O)Nc2ccc([N+](=O)[O-])c(NC(=O)C=Cc3ccc(C)o3)c2)o1,6,2,7,4.701440000000003,127.62,421.40900000000016,5.1438755557577,Not Active
"""CHEMBL1967046",c1coc(-c2ccc3nncn3c2)c1,IC50,'=',4580.0,nM,5.34,c1coc(-c2ccc3nncn3c2)c1,4,0,1,1.9892999999999994,43.33,185.186,5.339134521996131,Not Active
"""CHEMBL1461389",Cc1ccccc1NC(=O)CSc1ccsc1[N+](=O)[O-],IC50,'=',7700.0,nM,5.11,Cc1ccccc1NC(=O)CSc1ccsc1[N+](=O)[O-],5,1,5,3.695520000000003,72.24,308.38400000000007,5.113509274827518,Not Active
"""CHEMBL1560629",Cc1cc(/C=C2\C(=O)NC(=O)N(c3ccccc3F)C2=O)c(C)n1-c1cc(C(=O)O)cc(C(=O)O)c1,IC50,'=',10700.0,nM,4.97,C=c1c(=Cc2c(O)[nH]c(=O)n(-c3ccccc3F)c2=O)cc(C)n1-c1cc(C(=O)O)cc(C(=O)O)c1,7,4,5,1.10512,154.62,491.43100000000027,4.97061622231479,Not Active
"""CHEMBL1395998",CN(C)C(CNC(=O)c1cc(-c2ccco2)nc2ccccc12)c1ccccc1,IC50,'=',6250.0,nM,5.2,CN(C)C(CNC(=O)c1cc(-c2ccco2)nc2ccccc12)c1ccccc1,4,1,6,4.527500000000003,58.370000000000005,385.4670000000001,5.204119982655925,Not Active
"""CHEMBL1566530",O=C(O)CN1C(=O)/C(=C\c2cc(Br)ccc2OCc2ccccc2Cl)SC1=S,IC50,'=',4700.0,nM,5.33,O=C(O)CN1C(=O)C(=Cc2cc(Br)ccc2OCc2ccccc2Cl)SC1=S,5,1,6,4.967300000000003,66.84,498.8070000000002,5.327902142064282,Not Active
"""CHEMBL1391256",O=C1CCCC2=C1C(c1ccco1)Nc1ccc3ccccc3c12,IC50,'=',6620.0,nM,5.18,O=C1CCCC2=c3c(ccc4ccccc34)=NC(c3ccco3)C12,3,0,1,3.327200000000002,42.57,315.37200000000007,5.1791420105603,Not Active
"""CHEMBL1472200",CCOC(=O)Cc1csc(NC(=O)c2sc3nc4cc(C)ccc4cc3c2N)n1,IC50,'=',70900.0,nM,4.15,CCOC(=O)Cc1csc(=NC(=O)c2sc3nc4cc(C)ccc4cc3c2N)[nH]1,7,2,4,3.5764200000000015,110.43,426.52300000000014,4.149353764816934,Not Active
"""CHEMBL1411673",COc1ccc(CN2C(=O)NC(=O)/C(=C\c3ccco3)C2=O)cc1,IC50,'=',12300.0,nM,4.91,COc1ccc(CN2C(=O)NC(=O)C(=Cc3ccco3)C2=O)cc1,5,1,4,1.9502,88.85,326.3080000000001,4.910094888560602,Not Active
"""CHEMBL1704267",O=C(N/N=C/c1ccc(F)cc1)c1cc(-c2ccco2)nc2ccccc12,IC50,'=',5570.0,nM,5.25,O=C(NN=Cc1ccc(F)cc1)c1cc(-c2ccco2)nc2ccccc12,4,1,4,4.397800000000003,67.49000000000001,359.36000000000007,5.2541448048262716,Not Active
"""CHEMBL1440277",CC(C)COc1ccc(-c2nn(-c3ccccc3)cc2/C=C2/SC(=S)N(CC(=O)O)C2=O)cc1,IC50,'=',5580.0,nM,5.25,CC(C)COc1ccc(-c2nn(-c3ccccc3)cc2C=C2SC(=S)N(CC(=O)O)C2=O)cc1,7,1,8,4.859900000000005,84.66,493.61000000000024,5.253365801062421,Not Active
"""CHEMBL1443718",CCOC(=O)C(C)N1C(=O)S/C(=C\c2ccc(-c3ccccc3C(=O)O)o2)C1=O,IC50,'=',6760.0,nM,5.17,CCOC(=O)C(C)N1C(=O)SC(=Cc2ccc(-c3ccccc3C(=O)O)o2)C1=O,7,1,6,3.6327000000000025,114.12,415.4230000000002,5.170053304058364,Not Active
"""CHEMBL1408747",O=C(O)c1ccc(-n2cccc2/C=C2/SC(=O)N(CC(=O)N3CCCC3)C2=O)cc1,IC50,'=',3500.0,nM,5.46,O=C(O)c1ccc(-n2cccc2C=C2SC(=O)N(CC(=O)N3CCCC3)C2=O)cc1,6,1,5,2.834200000000001,99.91999999999999,425.4660000000003,5.455931955649724,Not Active
"""CHEMBL418052",Nc1ncnc2c1ncn2[C@@H]1O[C@H](CSCC[C@H](N)C(=O)O)[C@@H](O)[C@H]1O,IC50,'=',800.0,nM,6.1,N=c1[nH]cnc2c1ncn2C1OC(CSCCC(N)C(=O)O)C(O)C1O,10,6,7,-1.6067299999999975,183.35999999999996,384.41800000000006,6.096910013008056,Active
"""CHEMBL555352",NC(CCSC[C@H]1O[C@@H](n2cnc3c(NCCc4ccc(-c5ccccc5)cc4)ncnc32)[C@H](O)[C@@H]1O)C(=O)O,IC50,'=',5400.0,nM,5.27,NC(CCSCC1OC(n2cnc3c(=NCCc4ccc(-c5ccccc5)cc4)[nH]cnc32)C(O)C1O)C(=O)O,10,5,11,1.7241999999999993,171.86999999999998,564.6680000000002,5.267606240177031,Not Active
"""CHEMBL297453",O=C(O[C@@H]1Cc2c(O)cc(O)cc2O[C@@H]1c1cc(O)c(O)c(O)c1)c1cc(O)c(O)c(O)c1,IC50,'=',500.0,nM,6.3,O=C(OC1Cc2c(O)cc(O)cc2OC1c1cc(O)c(O)c(O)c1)c1cc(O)c(O)c(O)c1,11,8,3,2.233199999999999,197.36999999999998,458.37500000000017,6.301029995663981,Active
"""CHEMBL2336409",Cc1cc(Nc2ccc(NC(=O)c3ccc(Nc4ccnc5ccccc45)cc3)cc2)nc(N)n1,IC50,'=',12500.0,nM,4.9,Cc1cc(=Nc2ccc(NC(=O)c3ccc(N=c4cc[nH]c5ccccc45)cc3)cc2)[nH]c(=N)[nH]1,4,5,4,4.329090000000002,125.03999999999999,461.52900000000005,4.903089986991944,Not Active
"""CHEMBL4167876",COc1cc2c(NC3CCN(C)CC3)cc(-c3ccc(CN(C)C)o3)nc2cc1OCCCN1CCCC1,IC50,'=',1270.0,nM,5.9,COc1cc2c(=NC3CCN(C)CC3)cc(-c3ccc(CN(C)C)o3)[nH]c2cc1OCCCN1CCCC1,7,1,10,4.357700000000004,69.47,521.7060000000004,5.896196279044043,Active
"""CHEMBL4207483",COc1cc2c(NC3CCN(C)CC3)cc(-c3ccc(C)o3)nc2cc1OCCCN1CCC(F)C1,IC50,'=',833.0,nM,6.08,COc1cc2c(=NC3CCN(C)CC3)cc(-c3ccc(C)o3)[nH]c2cc1OCCCN1CCC(F)C1,6,1,8,4.552520000000004,66.22999999999999,496.62700000000035,6.079354998593212,Active
"""CHEMBL4215326",COc1cc2c(NC3CCN(C)CC3)cc(-c3ccc(C)o3)nc2cc1OC1CC2(C1)CN(C)C2,IC50,'=',21.0,nM,7.68,COc1cc2c(=NC3CCN(C)CC3)cc(-c3ccc(C)o3)[nH]c2cc1OC1CC2(C1)CN(C)C2,6,1,5,4.212820000000003,66.22999999999999,476.6210000000003,7.6777807052660805,Active
"""CHEMBL4215862",COc1cc2c(NC3CCN(C)CC3)cc(-c3ccc(C)o3)nc2cc1OC1CC2(C1)CN(C(C)C)C2,IC50,'=',83.0,nM,7.08,COc1cc2c(=NC3CCN(C)CC3)cc(-c3ccc(C)o3)[nH]c2cc1OC1CC2(C1)CN(C(C)C)C2,6,1,6,4.991420000000005,66.22999999999999,504.67500000000035,7.080921907623926,Active
"""CHEMBL1702473",COC1=C(N)C(=O)c2nc(C)ccc2C1=O,IC50,'=',4940.0,nM,5.31,COC1C(=N)C(=O)c2nc(C)ccc2C1=O,5,1,1,0.8037900000000002,80.11,218.212,5.306273051076353,Not Active
"""CHEMBL1529471",CC(C(=O)Nc1ccc(O)c(C(=O)O)c1)N1C(=O)/C(=C/c2ccco2)SC1=S,IC50,'=',5390.0,nM,5.27,CC(C(=O)Nc1ccc(O)c(C(=O)O)c1)N1C(=O)C(=Cc2ccco2)SC1=S,7,3,5,2.9118000000000013,120.08,418.4520000000001,5.268411234813261,Not Active
"""CHEMBL1313324",O=C(O)CCN1C(=O)/C(=C/c2ccc(-c3nc4ccccc4s3)o2)SC1=S,IC50,'=',4660.0,nM,5.33,O=C(O)CCN1C(=O)C(=Cc2ccc(-c3nc4ccccc4s3)o2)SC1=S,7,1,5,4.232200000000002,83.64,416.5050000000001,5.33161408331,Not Active
"""CHEMBL1729254",COc1cc(CCc2ccccc2)c(C(=O)O)c(O)c1C/C=C(/C)CCC=C(C)C,IC50,'=',3500.0,nM,5.46,COc1cc(CCc2ccccc2)c(C(=O)O)c(O)c1CC=C(C)CCC=C(C)C,3,2,10,6.119400000000007,66.76,408.5380000000003,5.455931955649724,Not Active
"""CHEMBL1332506",O=C1NN(c2ccccc2)C(=O)/C1=C/c1ccc(-c2ccc(C(=O)O)cc2)o1,IC50,'=',10200.0,nM,4.99,O=C1NN(c2ccccc2)C(=O)C1=Cc1ccc(-c2ccc(C(=O)O)cc2)o1,4,2,4,3.106200000000001,99.85000000000001,374.3520000000001,4.991399828238082,Not Active
"""CHEMBL1421172",CCCCN1C(=O)/C(=C/C=C/c2ccco2)C(=O)NC1=S,IC50,'=',3390.0,nM,5.47,CCCCN1C(=O)C(=CC=Cc2ccco2)C(=O)NC1=S,4,1,5,2.2626,62.550000000000004,304.371,5.4698003017969175,Not Active
"""CHEMBL4208004",COc1cc2c(NCC3CCN(C)CC3)cc(-c3ccc(C)o3)nc2cc1OCCCN1CCCC1,IC50,'=',32.0,nM,7.5,COc1cc2c(=NCC3CCN(C)CC3)cc(-c3ccc(C)o3)[nH]c2cc1OCCCN1CCCC1,6,1,9,4.852120000000005,66.22999999999999,492.6640000000004,7.494850021680094,Active
"""CHEMBL4206071",COc1cc2c(OC3CCN(C)CC3)cc(-c3ccc(C)o3)nc2cc1OCCCN1CCCC1,IC50,'=',1870.0,nM,5.73,COc1cc2c(OC3CCN(C)CC3)cc(-c3ccc(C)o3)nc2cc1OCCCN1CCCC1,7,0,9,5.149520000000005,60.20000000000001,479.62100000000044,5.7281583934635005,Active
"""CHEMBL4856184",COc1cc2c(NCC3CCN(Cc4ccc(C(=O)NO)cc4)CC3)cc(-c3ccc(C)o3)nc2cc1OCCCN1CCCC1,IC50,'=',167.0,nM,6.78,COc1cc2c(=NCC3CCN(Cc4ccc(C(O)=NO)cc4)CC3)cc(-c3ccc(C)o3)[nH]c2cc1OCCCN1CCCC1,8,3,12,6.116320000000005,119.05000000000001,627.7859999999997,6.777283528852417,Active
"""CHEMBL3087498",CC(C)N(CCCNC(=O)Nc1ccc(C(C)(C)C)cc1)C[C@H]1O[C@@H](n2cc(Br)c3c(N)ncnc32)[C@H](O)[C@@H]1O,IC50,'=',0.3,nM,9.52,CC(C)N(CCCNC(=O)Nc1ccc(C(C)(C)C)cc1)CC1OC(n2cc(Br)c3c(=N)[nH]cnc32)C(O)C1O,8,6,9,3.445270000000001,151.52,618.5770000000002,9.522878745280337,Active
"""CHEMBL551167",COC(=O)[C@@H]1C[C@H](SC[C@H]2O[C@@H](n3cnc4c(N)ncnc43)[C@H](O)[C@@H]2O)CN1C,IC50,'=',4500.0,nM,5.35,COC(=O)C1CC(SCC2OC(n3cnc4c(=N)[nH]cnc43)C(O)C2O)CN1C,11,4,5,-1.1630299999999973,149.58,424.48300000000006,5.346787486224656,Not Active
"""CHEMBL4855461",COc1cc2nc(-c3ccc(C)o3)cc(N[C@H]3CC[C@@H](C(=O)NO)CC3)c2cc1OC,IC50,'=',2660.0,nM,5.58,COc1cc2[nH]c(-c3ccc(C)o3)cc(=NC3CCC(C(O)=NO)CC3)c2cc1OC,6,3,5,4.558720000000003,112.57000000000001,425.48500000000024,5.575118363368933,Active
"""CHEMBL44",O=c1c(-c2ccc(O)cc2)coc2cc(O)cc(O)c12,IC50,'=',30000.0,nM,4.52,O=c1c(-c2ccc(O)cc2)coc2cc(O)cc(O)c12,5,3,1,2.576800000000001,90.9,270.24,4.522878745280337,Not Active
"""CHEMBL4208522",COc1cc2c(NC(C)(C)C3CCN(C)CC3)cc(-c3ccc(C)o3)nc2cc1OCCCN1CCCC1,IC50,'=',722.0,nM,6.14,COc1cc2c(=NC(C)(C)C3CCN(C)CC3)cc(-c3ccc(C)o3)[nH]c2cc1OCCCN1CCCC1,6,1,9,5.6307200000000055,66.22999999999999,520.7180000000004,6.141462802430361,Active
"""CHEMBL4173662",COc1cc2c(NC3CCN(C)CC3)cc(-c3ccoc3)nc2cc1OCCCN1CCCC1,IC50,'=',978.0,nM,6.01,COc1cc2c(=NC3CCN(C)CC3)cc(-c3ccoc3)[nH]c2cc1OCCCN1CCCC1,6,1,8,4.296100000000004,66.22999999999999,464.61000000000035,6.009661145212398,Active
"""CHEMBL4166410",COc1cc2c(NC3CCN(C)CC3)cc(C3CCC(C)O3)nc2cc1OCCCN1CCCC1,IC50,'=',1370.0,nM,5.86,COc1cc2c(=NC3CCN(C)CC3)cc(C3CCC(C)O3)[nH]c2cc1OCCCN1CCCC1,6,1,8,4.276100000000003,62.32,482.66900000000044,5.863279432843593,Active
"""CHEMBL4159955",CCNCc1ccc(-c2cc(NC3CCN(C)CC3)c3cc(OC)c(OCCCN4CCCC4)cc3n2)o1,IC50,'=',618.0,nM,6.21,CCNCc1ccc(-c2cc(=NC3CCN(C)CC3)c3cc(OC)c(OCCCN4CCCC4)cc3[nH]2)o1,7,2,11,4.405600000000003,78.26,521.7060000000005,6.209011524911184,Active
"""CHEMBL4166777",COc1cc2c(NC3CCN(C)CC3)cc(-c3ccc(-c4ccccc4)o3)nc2cc1OCCCN1CCCC1,IC50,'=',1050.0,nM,5.98,COc1cc2c(=NC3CCN(C)CC3)cc(-c3ccc(-c4ccccc4)o3)[nH]c2cc1OCCCN1CCCC1,6,1,9,5.963100000000007,66.22999999999999,540.7080000000002,5.978810700930062,Active
"""CHEMBL4865830",COc1cc2c(NCC3CCN(c4ncc(C(=O)NO)cn4)CC3)cc(C)nc2cc1OCCCN1CCCC1,IC50,'=',555.0,nM,6.26,COc1cc2c(=NCC3CCN(c4ncc(C(O)=NO)cn4)CC3)cc(C)[nH]c2cc1OCCCN1CCCC1,9,3,10,3.6507200000000024,131.69,549.6760000000002,6.255707016877324,Active
"""CHEMBL4207526",CCc1ccc(-c2cc(NC3CCN(C)CC3)c3cc(OC)c(OCCCN(C)C)cc3n2)o1,IC50,'=',425.0,nM,6.37,CCc1ccc(-c2cc(=NC3CCN(C)CC3)c3cc(OC)c(OCCCN(C)C)cc3[nH]2)o1,6,1,9,4.324300000000004,66.23,466.62600000000026,6.371611069949688,Active
"""CHEMBL559281",Nc1ncnc2c1ncn2[C@@H]1O[C@H](CS[C@@H]2CCC[C@@H]2N)[C@@H](O)[C@H]1O,IC50,'=',94000.0,nM,4.03,N=c1[nH]cnc2c1ncn2C1OC(CSC2CCCC2N)C(O)C1O,9,5,4,-0.528929999999999,146.06,366.4470000000001,4.026872146400302,Not Active
"""CHEMBL1897695",CCCCCCCCC(=O)c1c(OC)oc(C=O)cc1=O,IC50,'=',8250.0,nM,5.08,CCCCCCCCC(=O)c1c(OC)oc(C=O)cc1=O,5,0,10,3.3942000000000023,73.58,294.34700000000004,5.0835460514500745,Not Active
"""CHEMBL1369492",CCc1nnc(NS(=O)(=O)c2ccc(NC(=S)NC(=O)/C=C/c3ccc(C(C)C)cc3)cc2)s1,IC50,'=',6160.0,nM,5.21,CCc1n[nH]c(=NS(=O)(=O)c2ccc(NC(=S)NC(=O)C=Cc3ccc(C(C)C)cc3)cc2)s1,6,3,7,3.9730000000000025,116.31,515.6860000000001,5.210419287835574,Not Active
"""CHEMBL1303651",O=C(O)C(c1ccccc1)N1C(=O)/C(=C\c2ccc(-c3ccc(Br)cc3)o2)SC1=S,IC50,'=',4080.0,nM,5.39,O=C(O)C(c1ccccc1)N1C(=O)C(=Cc2ccc(-c3ccc(Br)cc3)o2)SC1=S,5,1,5,5.736200000000004,70.75,500.3950000000001,5.3893398369101195,Not Active
"""CHEMBL4870578",COc1cc2nc(-c3ccc(C)o3)cc(NCC3CCN(Cc4ccc(C(=O)NO)cc4)CC3)c2cc1OC,IC50,'=',267.0,nM,6.57,COc1cc2[nH]c(-c3ccc(C)o3)cc(=NCC3CCN(Cc4ccc(C(O)=NO)cc4)CC3)c2cc1OC,7,3,8,5.260220000000005,115.81,530.6250000000003,6.573488738635424,Active
"""CHEMBL563946",Nc1ccnc2c1ncn2[C@@H]1O[C@H](CSCCC(N)C(=O)O)[C@@H](O)[C@H]1O,IC50,'=',45000.0,nM,4.35,N=c1cc[nH]c2c1ncn2C1OC(CSCCC(N)C(=O)O)C(O)C1O,9,6,7,-1.0017299999999982,170.46999999999997,383.43000000000006,4.346787486224656,Not Active
"""CHEMBL4216663",COc1cc2c(NCC3C4CCC3CN(C)C4)cc(-c3ccc(C)o3)nc2cc1OCCCN1CCCC1,IC50,'=',261.0,nM,6.58,COc1cc2c(=NCC3C4CCC3CN(C)C4)cc(-c3ccc(C)o3)[nH]c2cc1OCCCN1CCCC1,6,1,9,5.098120000000005,66.22999999999999,518.7020000000003,6.583359492661719,Active
"""CHEMBL4215377",Cc1ccc(-c2cc(NC3CCN(C)CC3)c3cc(Cl)c(OCCCN4CCCC4)cc3n2)o1,IC50,'=',298.0,nM,6.53,Cc1ccc(-c2cc(=NC3CCN(C)CC3)c3cc(Cl)c(OCCCN4CCCC4)cc3[nH]2)o1,5,1,7,5.249320000000005,57.0,483.0560000000003,6.525783735923745,Active
"""CHEMBL2336409",Cc1cc(Nc2ccc(NC(=O)c3ccc(Nc4ccnc5ccccc45)cc3)cc2)nc(N)n1,IC50,'=',6000.0,nM,5.22,Cc1cc(=Nc2ccc(NC(=O)c3ccc(N=c4cc[nH]c5ccccc45)cc3)cc2)[nH]c(=N)[nH]1,4,5,4,4.329090000000002,125.03999999999999,461.52900000000005,5.221848749616356,Not Active
"""CHEMBL2349526",Nc1ncnc2c1c(Br)cn2[C@@H]1O[C@H](CSCC[C@H](N)C(=O)O)[C@@H](O)[C@H]1O,IC50,'=',1900.0,nM,5.72,N=c1[nH]cnc2c1c(Br)cn2C1OC(CSCCC(N)C(=O)O)C(O)C1O,9,6,7,-0.2392300000000001,170.46999999999997,462.32600000000025,5.721246399047171,Active
"""CHEMBL1231795",COc1cc2c(NC3CCN(C(C)C)CC3)nc(C3CCCCC3)nc2cc1OCCCN1CCCC1,IC50,'=',2010.0,nM,5.7,COc1cc2c(=NC3CCN(C(C)C)CC3)[nH]c(C3CCCCC3)nc2cc1OCCCN1CCCC1,6,1,9,5.257400000000006,65.97999999999999,509.7390000000006,5.696803942579511,Active
"""CHEMBL4213346",COc1cc2c(NC3CC4(CCN(C)CC4)C3)cc(-c3ccc(C)o3)nc2cc1OCC1CCN(C)CC1,IC50,'=',200.0,nM,6.7,COc1cc2c(=NC3CC4(CCN(C)CC4)C3)cc(-c3ccc(C)o3)[nH]c2cc1OCC1CCN(C)CC1,6,1,6,5.240620000000005,66.22999999999999,518.7020000000003,6.698970004336019,Active
"""CHEMBL4204903",COc1cc2c(NC3CC4(CCN(C)CC4)C3)cc(-c3ccc(C)o3)nc2cc1OC1CC2(C1)CN(C)C2,IC50,'=',250.0,nM,6.6,COc1cc2c(=NC3CC4(CCN(C)CC4)C3)cc(-c3ccc(C)o3)[nH]c2cc1OC1CC2(C1)CN(C)C2,6,1,5,4.993020000000005,66.22999999999999,516.6860000000003,6.6020599913279625,Active
"""CHEMBL4162206",COc1cc2c(NC3CCN(C(C)C)CC3)cc(C3CCCCC3)nc2cc1OCCCN1CCCC1,IC50,'=',1400.0,nM,5.85,COc1cc2c(=NC3CCN(C(C)C)CC3)cc(C3CCCCC3)[nH]c2cc1OCCCN1CCCC1,5,1,9,5.862400000000006,53.089999999999996,508.75100000000054,5.853871964321762,Active
"""CHEMBL115145",O=C(O)c1cc(Cc2ccc(O)c(C(=O)O)c2)ccc1O,IC50,'=',47000.0,nM,4.33,O=C(O)c1cc(Cc2ccc(O)c(C(=O)O)c2)ccc1O,4,4,4,2.0850000000000004,115.06,288.255,4.327902142064283,Not Active
"""CHEMBL4217747",COc1cc2c(NCc3ccccc3)cc(-c3ccc(C)o3)nc2cc1OCCCN1CCCC1,IC50,'=',624.0,nM,6.21,COc1cc2c(=NCc3ccccc3)cc(-c3ccc(C)o3)[nH]c2cc1OCCCN1CCCC1,5,1,9,5.710520000000006,62.99,471.60100000000045,6.204815410317575,Active
"""CHEMBL4203933",CCc1ccc(-c2cc(NC3CCC34CCN(C)CC4)c3cc(OC)c(OCCCN4CCCC4)cc3n2)o1,IC50,'=',220.0,nM,6.66,CCc1ccc(-c2cc(=NC3CCC34CCN(C)CC4)c3cc(OC)c(OCCCN4CCCC4)cc3[nH]2)o1,6,1,9,5.638700000000005,66.23,532.7290000000005,6.657577319177793,Active
"""CHEMBL4210033",CCc1ccc(-c2cc(NC3CCN(C)CC3)c3cc(OC)c(OCCCN4CCCCC4)cc3n2)o1,IC50,'=',247.0,nM,6.61,CCc1ccc(-c2cc(=NC3CCN(C)CC3)c3cc(OC)c(OCCCN4CCCCC4)cc3[nH]2)o1,6,1,9,5.248600000000005,66.23,506.69100000000043,6.607303046740334,Active
"""CHEMBL1579066",Oc1cccc2cc3cccc(O)c3c(O)c12,IC50,'=',1900.0,nM,5.72,Oc1cccc2cc3cccc(O)c3c(O)c12,3,3,0,3.109800000000001,60.69,226.231,5.721246399047171,Active
"""CHEMBL1514259",COc1cc(/C=C(\CCC(=O)O)c2nc3ccccc3s2)ccc1OCC(=O)Nc1c(Cl)cccc1Cl,IC50,'=',10100.0,nM,5.0,COc1cc(C=C(CCC(=O)O)c2nc3ccccc3s2)ccc1OCC(=O)Nc1c(Cl)cccc1Cl,6,2,10,7.034600000000005,97.75,557.4550000000002,4.995678626217358,Not Active
"""CHEMBL1789994",CC[N+](C)(CC)CCCCOc1ccc2c(c1)C(=O)c1cc(OCCCC[N+](C)(CC)CC)ccc1-2.[I-].[I-],IC50,'=',1240.0,nM,5.91,CC[N+](C)(CC)CCCCOc1ccc2c(c1)C(=O)c1cc(OCCCC[N+](C)(CC)CC)ccc1-2,3,0,16,6.188800000000007,35.53,496.73600000000044,5.906578314837764,Active
"""CHEMBL1209491",COc1cc2cc(Oc3ccc4ccc(=O)oc4c3)c(=O)oc2cc1O[C@@H]1O[C@H](CO)[C@@H](O)[C@H](O)[C@H]1O,IC50,'=',7560.0,nM,5.12,COc1cc2cc(Oc3ccc4ccc(=O)oc4c3)c(=O)oc2cc1OC1OC(CO)C(O)C(O)C1O,12,4,6,0.879,178.26,514.4390000000003,5.121478204498794,Not Active
"""CHEMBL4852593",COc1cc2c(NCC3CCN(c4ncc(C(=O)NO)cn4)CC3)cc(-c3ccc(C)o3)nc2cc1OCCCN1CCCC1,IC50,'=',1160.0,nM,5.94,COc1cc2c(=NCC3CCN(c4ncc(C(O)=NO)cn4)CC3)cc(-c3ccc(C)o3)[nH]c2cc1OCCCN1CCCC1,10,3,11,4.910720000000004,144.83,615.7349999999998,5.935542010773082,Active
"""CHEMBL4862781",COc1cc2nc(-c3ccc(C)o3)cc(NCC3CCC(C(=O)NO)CC3)c2cc1OC,IC50,'=',2850.0,nM,5.54,COc1cc2[nH]c(-c3ccc(C)o3)cc(=NCC3CCC(C(O)=NO)CC3)c2cc1OC,6,3,6,4.806320000000004,112.57000000000001,439.5120000000003,5.54515513999149,Active
"""CHEMBL4856110",COc1cc2nc(-c3ccc(C)o3)cc(NCC3CCN(c4ncc(C(=O)NO)cn4)CC3)c2cc1OC,IC50,'=',2160.0,nM,5.67,COc1cc2[nH]c(-c3ccc(C)o3)cc(=NCC3CCN(c4ncc(C(O)=NO)cn4)CC3)c2cc1OC,9,3,7,4.0546200000000026,141.59,518.5740000000003,5.665546248849069,Active
"""CHEMBL4876823",COc1cc2nc(-c3ccc(C)o3)cc(NCC3C4CCC3CN(c3ncc(C(=O)NO)cn3)C4)c2cc1OC,IC50,'=',1680.0,nM,5.78,COc1cc2[nH]c(-c3ccc(C)o3)cc(=NCC3C4CCC3CN(c3ncc(C(O)=NO)cn3)C4)c2cc1OC,9,3,7,4.300620000000002,141.59,544.6120000000003,5.774690718274137,Active
"""CHEMBL4855710",COc1cc2c(NC3CCN(c4ccc(C(=O)NO)cc4)CC3)cc(-c3ccc(C)o3)nc2cc1OCCCN1CCCC1,IC50,'=',691.0,nM,6.16,COc1cc2c(=NC3CCN(c4ccc(C(O)=NO)cc4)CC3)cc(-c3ccc(C)o3)[nH]c2cc1OCCCN1CCCC1,8,3,10,5.8731200000000054,119.05000000000001,599.7319999999999,6.1605219526258015,Active
"""CHEMBL1564869",O=C(O)[C@H](Cc1c[nH]c2ccccc12)N1C(=O)c2ccccc2C1=O,IC50,'=',115.0,nM,6.94,O=C(O)C(Cc1c[nH]c2ccccc12)N1C(=O)c2ccccc2C1=O,3,2,4,2.4598000000000004,90.47,334.3310000000001,6.939302159646388,Active
"""CHEMBL4863011",COc1cc2c(NC3CCN(c4ncc(C(=O)NO)cn4)CC3)cc(C)nc2cc1OCCCN1CCCC1,IC50,'=',2040.0,nM,5.69,COc1cc2c(=NC3CCN(c4ncc(C(O)=NO)cn4)CC3)cc(C)[nH]c2cc1OCCCN1CCCC1,9,3,9,3.403120000000002,131.69,535.6490000000003,5.690369832574101,Active
"""CHEMBL4170114",COc1cc2c(NC3CCN(C)CC3)cc(-c3ccc(C)o3)nc2cc1OCCCN1CCCC1,IC50,'=',382.0,nM,6.42,COc1cc2c(=NC3CCN(C)CC3)cc(-c3ccc(C)o3)[nH]c2cc1OCCCN1CCCC1,6,1,8,4.604520000000004,66.22999999999999,478.6370000000004,6.417936637088291,Active
"""CHEMBL4203133",COc1cc2c(NC3CCN(C)CC3)cc(-c3ccc(C)o3)nc2cc1OCC1CCN(C)CC1,IC50,'=',83.0,nM,7.08,COc1cc2c(=NC3CCN(C)CC3)cc(-c3ccc(C)o3)[nH]c2cc1OCC1CCN(C)CC1,6,1,6,4.460420000000004,66.22999999999999,478.63700000000034,7.080921907623926,Active
"""CHEMBL418052",Nc1ncnc2c1ncn2[C@@H]1O[C@H](CSCC[C@H](N)C(=O)O)[C@@H](O)[C@H]1O,IC50,'=',71.0,nM,7.15,N=c1[nH]cnc2c1ncn2C1OC(CSCCC(N)C(=O)O)C(O)C1O,10,6,7,-1.6067299999999975,183.35999999999996,384.41800000000006,7.1487416512809245,Active
"""CHEMBL3126653",Nc1ccc(NC(=O)c2ccc(Nc3ccnc4ccccc34)cc2)cc1,IC50,'=',27900.0,nM,4.55,Nc1ccc(NC(=O)c2ccc(N=c3cc[nH]c4ccccc34)cc2)cc1,3,3,3,4.234800000000003,83.26999999999998,354.41300000000007,4.554395796726403,Not Active
"""CHEMBL4171233",COc1cc2c(NC3CCN(C(C)C)CC3)cc(-c3ccc(C)o3)nc2cc1OCCCN1CCCC1,IC50,'=',231.0,nM,6.64,COc1cc2c(=NC3CCN(C(C)C)CC3)cc(-c3ccc(C)o3)[nH]c2cc1OCCCN1CCCC1,6,1,9,5.383120000000005,66.22999999999999,506.69100000000043,6.636388020107855,Active
"""CHEMBL4160008",CCc1ccc(-c2cc(NC3CCN(C)CC3)c3cc(OC)c(OCCCN4CCCC4)cc3n2)o1,IC50,'=',234.0,nM,6.63,CCc1ccc(-c2cc(=NC3CCN(C)CC3)c3cc(OC)c(OCCCN4CCCC4)cc3[nH]2)o1,6,1,9,4.858500000000005,66.23,492.6640000000004,6.630784142589857,Active
"""CHEMBL4161915",COc1cc2c(NC3CCN(C)CC3)cc(-c3ccn(C)n3)nc2cc1OCCCN1CCCC1,IC50,'=',969.0,nM,6.01,COc1cc2c(=NC3CCN(C)CC3)cc(-c3ccn(C)n3)[nH]c2cc1OCCCN1CCCC1,7,1,8,3.436600000000002,70.91,478.64100000000036,6.013676222949234,Active
"""CHEMBL4171275",COc1cc(NC2CCN(C)CC2)c2cc(OC)c(OCCCN3CCCC3)cc2n1,IC50,'=',2290.0,nM,5.64,COc1cc(=NC2CCN(C)CC2)c2cc(OC)c(OCCCN3CCCC3)cc2[nH]1,6,1,8,3.0447000000000006,62.32000000000001,428.57700000000034,5.6401645176601125,Active
"""CHEMBL4170114",COc1cc2c(NC3CCN(C)CC3)cc(-c3ccc(C)o3)nc2cc1OCCCN1CCCC1,IC50,'=',382.0,nM,6.42,COc1cc2c(=NC3CCN(C)CC3)cc(-c3ccc(C)o3)[nH]c2cc1OCCCN1CCCC1,6,1,8,4.604520000000004,66.22999999999999,478.6370000000004,6.417936637088291,Active
"""CHEMBL2336409",Cc1cc(Nc2ccc(NC(=O)c3ccc(Nc4ccnc5ccccc45)cc3)cc2)nc(N)n1,IC50,'=',3550.0,nM,5.45,Cc1cc(=Nc2ccc(NC(=O)c3ccc(N=c4cc[nH]c5ccccc45)cc3)cc2)[nH]c(=N)[nH]1,4,5,4,4.329090000000002,125.03999999999999,461.52900000000005,5.449771646944906,Not Active
"""CHEMBL4162967",COc1cc2c(NC3CCN(C)CC3)cc(N3CCN(C)CC3)nc2cc1OCCCN1CCCC1,IC50,'=',945.0,nM,6.03,COc1cc2c(=NC3CCN(C)CC3)cc(N3CCN(C)CC3)[nH]c2cc1OCCCN1CCCC1,7,1,8,2.7879000000000023,59.57,496.7000000000005,6.0245681914907365,Active
"""CHEMBL4170225",COc1cc2c(NC3CCN(C)CC3)cc(-c3ccc(C)[nH]3)nc2cc1OCCCN1CCCC1,IC50,'=',232.0,nM,6.63,COc1cc2c(=NC3CCN(C)CC3)cc(-c3ccc(C)[nH]3)[nH]c2cc1OCCCN1CCCC1,5,2,8,4.339620000000004,68.88,477.65300000000036,6.634512015109101,Active
"""CHEMBL4203647",COc1cc2c(NCC3CCN(C(C)C)CC3)cc(-c3ccc(C)o3)nc2cc1OCCCN1CCCC1,IC50,'=',205.0,nM,6.69,COc1cc2c(=NCC3CCN(C(C)C)CC3)cc(-c3ccc(C)o3)[nH]c2cc1OCCCN1CCCC1,6,1,10,5.6307200000000055,66.22999999999999,520.7180000000004,6.688246138944246,Active
"""CHEMBL4205136",CCc1ccc(-c2cc(NC3CCN(C)CC3)c3cc(OC)c(OCCCN4CCC5(CC5)C4)cc3n2)o1,IC50,'=',212.0,nM,6.67,CCc1ccc(-c2cc(=NC3CCN(C)CC3)c3cc(OC)c(OCCCN4CCC5(CC5)C4)cc3[nH]2)o1,6,1,9,5.248600000000005,66.23,518.7020000000005,6.673664139071248,Active
"""CHEMBL4209267",COc1cc2c(NC3C4CCC3CN(C)C4)cc(-c3ccc(C)o3)nc2cc1OC1CC2(C1)CN(C)C2,IC50,'=',501.0,nM,6.3,COc1cc2c(=NC3C4CCC3CN(C)C4)cc(-c3ccc(C)o3)[nH]c2cc1OC1CC2(C1)CN(C)C2,6,1,5,4.458820000000004,66.22999999999999,502.65900000000033,6.300162274132754,Active
"""CHEMBL4863394",COc1cc2nc(-c3ccc(C)o3)cc(NCc3ccc(C(=O)NO)cc3)c2cc1OC,IC50,'=',5400.0,nM,5.27,COc1cc2[nH]c(-c3ccc(C)o3)cc(=NCc3ccc(C(O)=NO)cc3)c2cc1OC,6,3,6,4.548220000000003,112.57000000000001,433.46400000000017,5.267606240177031,Not Active
"""CHEMBL4850606",COc1cc2c(NCC3CCC(C(=O)NO)CC3)cc(-c3ccc(C)o3)nc2cc1OCCCN1CCCC1,IC50,'=',531.0,nM,6.28,COc1cc2c(=NCC3CCC(C(O)=NO)CC3)cc(-c3ccc(C)o3)[nH]c2cc1OCCCN1CCCC1,7,3,10,5.662420000000005,115.81,536.6730000000002,6.274905478918531,Active
"""CHEMBL4854447",COc1cc2c(NC3CCN(Cc4ccc(C(=O)NO)cc4)CC3)cc(-c3ccc(C)o3)nc2cc1OCCCN1CCCC1,IC50,'=',318.0,nM,6.5,COc1cc2c(=NC3CCN(Cc4ccc(C(O)=NO)cc4)CC3)cc(-c3ccc(C)o3)[nH]c2cc1OCCCN1CCCC1,8,3,11,5.868720000000006,119.05000000000001,613.7589999999998,6.497572880015568,Active
"""CHEMBL4872782",COc1cc2c(NCC3CCN(C4CCC(C(=O)NO)CC4)CC3)cc(-c3ccc(C)o3)nc2cc1OCCCN1CCCC1,IC50,'=',566.0,nM,6.25,COc1cc2c(=NCC3CCN(C4CCC(C(O)=NO)CC4)CC3)cc(-c3ccc(C)o3)[nH]c2cc1OCCCN1CCCC1,8,3,11,6.126820000000006,119.05000000000001,619.8069999999998,6.247183568811728,Active
"""CHEMBL4862662",COc1cc2nc(-c3ccc(C)o3)cc(NC3CCN(c4ncc(C(=O)NO)cn4)CC3)c2cc1OC,IC50,'=',7140.0,nM,5.15,COc1cc2[nH]c(-c3ccc(C)o3)cc(=NC3CCN(c4ncc(C(O)=NO)cn4)CC3)c2cc1OC,9,3,6,3.8070200000000014,141.59,504.5470000000003,5.146301788223825,Not Active
"""CHEMBL4160008",CCc1ccc(-c2cc(NC3CCN(C)CC3)c3cc(OC)c(OCCCN4CCCC4)cc3n2)o1,IC50,'=',234.0,nM,6.63,CCc1ccc(-c2cc(=NC3CCN(C)CC3)c3cc(OC)c(OCCCN4CCCC4)cc3[nH]2)o1,6,1,9,4.858500000000005,66.23,492.6640000000004,6.630784142589857,Active
"""CHEMBL4210955",Cc1ccc(-c2cc(NC3CCN(C)CC3)c3ccc(OCCCN4CCCC4)cc3n2)o1,IC50,'=',950.0,nM,6.02,Cc1ccc(-c2cc(=NC3CCN(C)CC3)c3ccc(OCCCN4CCCC4)cc3[nH]2)o1,5,1,7,4.595920000000004,57.0,448.61100000000033,6.022276394711152,Active
"""CHEMBL4208010",COc1cc2c(NC3CCN(C)CC3)cc(-c3ccc(C)o3)nc2cc1OCC1CCNCC1,IC50,'=',73.0,nM,7.14,COc1cc2c(=NC3CCN(C)CC3)cc(-c3ccc(C)o3)[nH]c2cc1OCC1CCNCC1,6,2,6,4.118220000000003,75.02,464.6100000000003,7.136677139879544,Active
"""CHEMBL4170114",COc1cc2c(NC3CCN(C)CC3)cc(-c3ccc(C)o3)nc2cc1OCCCN1CCCC1,IC50,'=',382.0,nM,6.42,COc1cc2c(=NC3CCN(C)CC3)cc(-c3ccc(C)o3)[nH]c2cc1OCCCN1CCCC1,6,1,8,4.604520000000004,66.22999999999999,478.6370000000004,6.417936637088291,Active
"""CHEMBL4856508",COc1cc2c(NCc3ccc([C@H]4CC[C@H](C(=O)NO)CC4)cc3)cc(-c3ccc(C)o3)nc2cc1OCCCN1CCCC1,IC50,'=',2270.0,nM,5.64,COc1cc2c(=NCc3ccc(C4CCC(C(O)=NO)CC4)cc3)cc(-c3ccc(C)o3)[nH]c2cc1OCCCN1CCCC1,7,3,11,7.330020000000007,115.81,612.7709999999997,5.6439741428068775,Active
"""CHEMBL4869419",COc1cc2nc(-c3ccc(C)o3)cc(NCC3CCN(Cc4ccc(C(=O)NO)s4)CC3)c2cc1OC,IC50,'=',323.0,nM,6.49,COc1cc2[nH]c(-c3ccc(C)o3)cc(=NCC3CCN(Cc4ccc(C(O)=NO)s4)CC3)c2cc1OC,8,3,8,5.3217200000000044,115.81,536.6540000000003,6.490797477668897,Active
"""CHEMBL4173626",CCc1ccc(-c2cc(NC3CCN(C(C)C)CC3)c3cc(OC)c(OCCCN4CCCC4)cc3n2)o1,IC50,'=',284.0,nM,6.55,CCc1ccc(-c2cc(=NC3CCN(C(C)C)CC3)c3cc(OC)c(OCCCN4CCCC4)cc3[nH]2)o1,6,1,10,5.6371000000000056,66.23,520.7180000000004,6.546681659952963,Active
"""CHEMBL4876993",COc1cc2c(NCC3CCN(c4ncc(C(=O)NO)cn4)CC3)cc(-c3ccc(C)o3)nc2cc1OCC1CCNCC1,IC50,'=',1140.0,nM,5.94,COc1cc2c(=NCC3CCN(c4ncc(C(O)=NO)cn4)CC3)cc(-c3ccc(C)o3)[nH]c2cc1OCC1CCNCC1,10,4,9,4.424420000000002,153.62,601.708,5.943095148663527,Active
"""CHEMBL4872188",COc1cc2c(NCc3ccc(C(=O)NO)cc3)cc(-c3ccc(C)o3)nc2cc1OCCCN1CCCC1,IC50,'=',795.0,nM,6.1,COc1cc2c(=NCc3ccc(C(O)=NO)cc3)cc(-c3ccc(C)o3)[nH]c2cc1OCCCN1CCCC1,7,3,10,5.404320000000005,115.81,530.6250000000003,6.0996328713435295,Active
"""CHEMBL4873711",COc1cc2c(NCC3CCN(c4ccc(C(=O)NO)cc4)CC3)cc(-c3ccc(C)o3)nc2cc1OCCCN1CCCC1,IC50,'=',417.0,nM,6.38,COc1cc2c(=NCC3CCN(c4ccc(C(O)=NO)cc4)CC3)cc(-c3ccc(C)o3)[nH]c2cc1OCCCN1CCCC1,8,3,11,6.120720000000006,119.05000000000001,613.7589999999998,6.379863945026242,Active
"""CHEMBL4849689",COc1cc2c(NCC3CCC(c4ccc(C(=O)NO)cc4)CC3)cc(-c3ccc(C)o3)nc2cc1OCCCN1CCCC1,IC50,'=',2760.0,nM,5.56,COc1cc2c(=NCC3CCC(c4ccc(C(O)=NO)cc4)CC3)cc(-c3ccc(C)o3)[nH]c2cc1OCCCN1CCCC1,7,3,11,7.178120000000008,115.81,612.7709999999997,5.559090917934782,Active
"""CHEMBL1201129",Nc1ncn([C@H]2C[C@H](O)[C@@H](CO)O2)c(=O)n1,IC50,'=',30.0,nM,7.52,N=c1ncn(C2CC(O)C(CO)O2)c(=O)[nH]1,7,4,2,-2.308429999999999,124.22,228.20799999999997,7.522878745280337,Active
"""CHEMBL4164497",COc1cc2c(NC3CCN(C)CC3)cc(-c3cccnc3)nc2cc1OCCCN1CCCC1,IC50,'=',1410.0,nM,5.85,COc1cc2c(=NC3CCN(C)CC3)cc(-c3cccnc3)[nH]c2cc1OCCCN1CCCC1,6,1,8,4.098100000000003,65.97999999999999,475.63700000000034,5.85078088734462,Active
"""CHEMBL4163329",COc1cc2c(NC3CCNCC3)cc(-c3ccc(C)o3)nc2cc1OCCCN1CCCC1,IC50,'=',137.0,nM,6.86,COc1cc2c(=NC3CCNCC3)cc(-c3ccc(C)o3)[nH]c2cc1OCCCN1CCCC1,6,2,8,4.262320000000003,75.02,464.6100000000004,6.863279432843593,Active
"""CHEMBL4208004",COc1cc2c(NCC3CCN(C)CC3)cc(-c3ccc(C)o3)nc2cc1OCCCN1CCCC1,IC50,'=',32.0,nM,7.5,COc1cc2c(=NCC3CCN(C)CC3)cc(-c3ccc(C)o3)[nH]c2cc1OCCCN1CCCC1,6,1,9,4.852120000000005,66.22999999999999,492.6640000000004,7.494850021680094,Active
"""CHEMBL4850038",COc1cc2c(NCc3ccc([C@H]4CC[C@@H](C(=O)NO)CC4)cc3)cc(-c3ccc(C)o3)nc2cc1OCCCN1CCCC1,IC50,'=',1431.0,nM,5.84,COc1cc2c(=NCc3ccc(C4CCC(C(O)=NO)CC4)cc3)cc(-c3ccc(C)o3)[nH]c2cc1OCCCN1CCCC1,7,3,11,7.330020000000007,115.81,612.7709999999997,5.844360366240224,Active
"""CHEMBL4856550",COc1cc2nc(-c3ccc(C)o3)cc(N[C@H]3CC[C@H](C(=O)NO)CC3)c2cc1OC,IC50,'=',4180.0,nM,5.38,COc1cc2[nH]c(-c3ccc(C)o3)cc(=NC3CCC(C(O)=NO)CC3)c2cc1OC,6,3,5,4.558720000000003,112.57000000000001,425.48500000000024,5.3788237182249645,Not Active
"""CHEMBL4866673",COc1cc2c(NCc3ccc(-c4ccc(C(=O)NO)cc4)cc3)cc(-c3ccc(C)o3)nc2cc1OCCCN1CCCC1,IC50,'=',2570.0,nM,5.59,COc1cc2c(=NCc3ccc(-c4ccc(C(O)=NO)cc4)cc3)cc(-c3ccc(C)o3)[nH]c2cc1OCCCN1CCCC1,7,3,11,7.071320000000007,115.81,606.7229999999998,5.590066876668706,Active
"""CHEMBL4878570",O=C(NO)C1CCN(CC(O)COC(Cn2c3ccccc3c3ccccc32)Cn2c3ccccc3c3ccccc32)CC1,IC50,'=',2020.0,nM,5.7,ON=C(O)C1CCN(CC(O)COC(Cn2c3ccccc3c3ccccc32)Cn2c3ccccc3c3ccccc32)CC1,7,3,10,6.406400000000006,95.38000000000002,590.7240000000002,5.694648630553376,Active
"""CHEMBL4454542",COc1cc2c(cc1OCCCN1CCCC1)N=C(C1CCCCC1)CN=C2NC1CCN(C(C)C)CC1,IC50,'=',3100.0,nM,5.51,COc1cc2c(cc1OCCCN1CCCC1)=NC(C1CCCCC1)C=NC=2NC1CCN(C(C)C)CC1,7,1,10,3.7409000000000026,61.690000000000005,523.7660000000003,5.508638306165727,Active
